:200000000C94F4140C9425150C9425150C9425150C9425150C9425150C9425150C94251542
:200020000C9425150C9425150C9425150C9425150C9425150C9425150C9425150C942515F0
:200040000C9425150C94288E0C9425150C9425150C9425150C9425150C94EFB60C9416BB52
:200060000C9425150C94B23B0C9425150C9425150C9425150C9425150C9425150C942515FD
:200080000C9425150C9425150C9425150C9425150C9425150C9425150C9425150C94251590
:2000A0000C9425150C9425150C9425150C9425150C9425150C9425150C9425150C94251570
:2000C0000C9425150C9425150C9425150C9425150C9425150C9425150C9425150C94251550
:2000E0000C9425151A6923692D6936693F695A69676970694869516903B906B9F5B8F9B88A
:20010000FFB83DB90AB90EB914B918B91CB922B926B92AB93DB930B934B938B932BA37BAFE
:200120003CBA46BA50BAC9BA5ABA62BA6ABA74BA7EBA88BA97BAA1BAC9BAABBAB5BABFBAC4
:20014000084AD73B3BCE016E84BCBFFDC12F3D6C74319ABD56833DDA3D00C77F11BED9E433
:20016000BB4C3E916BAAAABE000000803F05A84CCDB2D44EB93836A9020C50B99186880845
:200180003CA6AAAA2ABE000000803F004E414E494E495459494E46CDCCCC3D0AD7233C1742
:2001A000B7D13877CC2B329595E6241FB14F0A000020410000C84200401C4620BCBE4CCAC5
:2001C0001B0E5AAEC59D74434F4D4D554E49434154494F4E0044525952554E004552524F26
:2001E000525300494E464F004543484F0020746F6F206C6F6E6720657874727573696F6EBC
:200200002070726576656E7465640A0020636F6C6420657874727573696F6E207072657637
:20022000656E7465640A0047322F47332062616420706172616D65746572730A00536C65B9
:2002400065702E2E2E00486F6D6520257325732573206669727374002066697273740A0034
:200260005A0059005800486F6D652000526573756D696E67207072696E74004D61676E614F
:2002800020492072656164792E00436C69636B20746F20726573756D652E2E2E004E6F2091
:2002A0006D6F76652E00456E642066696C65206C6973740A00426567696E2066696C6520D7
:2002C0006C6973740A0046696C652064656C657465643A0044656C6574696F6E2066616923
:2002E0006C65642C2046696C653A20006F70656E206661696C65642C2046696C653A200046
:200300002569730025696D20256973002569682025696D2025697300256964202569682066
:2003200025696D202569730025697920256964202569682025696D20256973005072696E9D
:20034000742074696D653A2000000125272318FF1F211D1CFF19171B1EFFFF0C0409FFFF83
:20036000FF2E2C0CFFFF04400AFF41FFFFFFFFFFFF50726F7465637465642050696E0A0097
:20038000452569202573004D61676E6120492072656164792E00E801E301DC01D501C701DA
:2003A0006F66660044454255473A004B494C4C45442E20004D3131332053006F6B00486582
:2003C0006174696E6720646F6E652E0020573A00452569202573004D61676E6120492072FB
:2003E000656164792E0042656420646F6E652E0020573A004265642048656174696E672E63
:20040000004D61676E612049204F66662E00454D455247454E43595F504152534552004318
:200420004153455F4C494748545F4252494748544E45535300544F47474C455F4C4947486F
:20044000545300534F4654574152455F504F574552004255494C445F50455243454E5400BE
:200460004C4556454C494E475F44415441005A5F50524F4245004155544F4C4556454C00CB
:200480005052494E545F4A4F420050524F4752455353004155544F5245504F52545F544513
:2004A0004D5000564F4C554D455452494300454550524F4D0053455249414C5F584F4E5F5A
:2004C000584F4646004649524D574152455F4E414D453A4D61726C696E20312E382E302E2C
:2004E0003220284769746875622920534F555243455F434F44455F55524C3A6874747073CC
:200500003A2F2F6769746875622E636F6D2F4D61726C696E4669726D776172652F4D617235
:200520006C696E2050524F544F434F4C5F56455253494F4E3A312E30204D414348494E4583
:200540005F545950453A4D61676E6120492045585452554445525F434F554E543A31205518
:200560005549443A63656465326132662D343161322D343734382D396231322D63353563F2
:2005800036326633363766660A002F2F20007A5F6D696E3A2000795F6D696E3A2000785FD5
:2005A0006D696E3A20005265706F7274696E6720656E6473746F70207374617475730A00F8
:2005C0004D31343520533C696E6465783E206F7574206F662072616E67652028302D312996
:2005E0000A004D36303020486F74656E6420746F6F20636F6C6420746F206368616E6765CF
:200600002066696C616D656E740A0043617365206C696768743A2000290A0046697865642F
:2006200020706172616D657465722062797465733B2063726320004669786564207061728C
:20064000616D6574657220280048565F7365745F6F6B0A00416374697665204578747275B4
:200660006465723A2000556E6B6E6F776E20636F6D6D616E643A2022004C696E65204E750F
:200680006D626572206973206E6F74204C617374204C696E65204E756D6265722B312C20BA
:2006A0004C617374204C696E653A20004B494C4C45442E200053544F505045442E200050E4
:2006C00072696E7465722073746F707065642064756520746F206572726F72732E2046694C
:2006E0007820746865206572726F7220616E6420757365204D39393920746F20726573741E
:200700006172742E202854656D70657261747572652069732072657365742E2053657420B5
:2007200069742061667465722072657374617274696E67290A004E6F20436865636B737571
:200740006D2077697468206C696E65206E756D6265722C204C617374204C696E653A2000FD
:20076000636865636B73756D206D69736D617463682C204C617374204C696E653A20004D81
:20078000313130004D3331004732382058590053442072656164206572726F720A00446F3A
:2007A0006E65207072696E74696E672066696C650A0020496E76616C6964206578747275D2
:2007C0006465722000205A3A0020593A0020436F756E7420583A0020453A00205A3A002009
:2007E000593A00583A003A004361703A0053657474696E672054726176656C204163636554
:200800006C65726174696F6E3A200053657474696E67205265747261637420416363656C55
:2008200065726174696F6E3A200053657474696E67205072696E7420416363656C65726131
:2008400074696F6E3A200053657474696E67205072696E7420616E642054726176656C2078
:20086000416363656C65726174696F6E3A2000205A00205900580020204D61783A20002029
:200880005A00205900580020204D696E3A20004F6E20004F666600536F667420656E647311
:2008A000746F70733A200020643A0020693A0020703A00200D466978656420706172616D7F
:2008C00065746572206E62797465733B20637263206572726F722000200D0A46697865648F
:2008E00020706172616D657465722062797465733B20637263206572726F722000290A00A0
:200900002062797465733B206372632000466978656420706172616D6574657220280020A4
:2009200068617264776172652076657273696F6E3A004B494C4C45442E2000202D20496EE2
:2009400076616C6964206578747275646572206E756D62657220210A002D2D2D2D2D2D2DC5
:20096000007C48454C4C424F547C002D2D2D2D2D2D2D00687474703A2F2F68656C6C626F6C
:20098000742E78797A00687474703A2F2F68656C6C626F742E78797A0020312E382E302E2C
:2009A00032002020506C616E6E657242756666657242797465733A20002046726565204D2B
:2009C000656D6F72793A2000436F6D70696C65643A204F637420313520323031390A002048
:2009E0007C20417574686F723A2028466163756E646F204F6C6D65646F2C206465666175D5
:200A00006C7420636F6E666967290A00323031372D31322D32352031323A303000204C6155
:200A2000737420557064617465643A2000312E382E302E320A004D61726C696E0020536FEA
:200A40006674776172652052657365740A00205761746368646F672052657365740A002042
:200A600042726F776E206F75742052657365740A002045787465726E616C20526573657443
:200A80000A00506F77657255700A0073746172740A006572726F722077726974696E6720CA
:200AA000746F2066696C650A00456E6473746F707320256320256320256320256300205A1F
:200AC0003A0020593A0020583A00656E6473746F7073206869743A200047323820580066B9
:200AE000696C616D656E74206F75740A004D33322053256C7520212573004D33322053253C
:200B00006C7520212F25732F2573004730204631303030205A25752E257500473238205981
:200B2000004732382058004D313036202053323535004D31303920543020532575004D3163
:200B400039302053257500446F6E6520736176696E672066696C652E0A004D3239007C3C89
:200B60003E5E2B3D3F2F5B5D3B2C2A225C004572726F722077726974696E6720746F2045A6
:200B80004550524F4D210A004D363030204230004368616E67652066696C616D656E74007C
:200BA0004261627973746570205A00466C6F7700466C6F770046616E2073706565640046C5
:200BC000616E2073706565640042656400426564004E6F7A7A6C65004E6F7A7A6C650053A8
:200BE00070656564005370656564004D61696E005072656865617420504C4120456E6400E4
:200C00005072656865617420504C4120426564005072656865617420504C41005072657086
:200C200061726500507265686561742041425320456E6400507265686561742041425320A7
:200C40004265640050726568656174204142530050726570617265004261636B004E65785F
:200C60007420636F726E6572005072656865617420504C4100436F6F6C646F776E0050728A
:200C8000656865617420414253004368616E67652066696C616D656E740044697361626C52
:200CA00065207374657070657273004D3834004C6576656C20636F726E6572730041757442
:200CC0006F20686F6D6500473238004D6F76652061786973004D61696E00290A002062790C
:200CE0007465733B20637263200053657474696E67732053746F726564202800290A5772CF
:200D00006974652066696C65206E616D653A20002062797465733B206372632000506F7786
:200D200065726F66662053746F72656420280020213D2000637263206572726F723A20004E
:200D40000A726561642066696C65206E616D653A2000290A726561642066696C6520646996
:200D6000723A20002062797465733B206372632000706F7765726F66662073746F72656494
:200D80002073657474696E677320726574726965766564202800202863616C63756C6174FF
:200DA000656429210A0020213D2000454550524F4D20435243206D69736D61746368202DF5
:200DC000202873746F726564292000290A002062797465733B2063726320002073746F72DC
:200DE00065642073657474696E677320726574726965766564202800204D61726C696E3DA7
:200E0000563131290A0028454550524F4D3D00454550524F4D2076657273696F6E206D69D6
:200E2000736D6174636820004D31303420532575004739322045257500473932205A2575AC
:200E40002E2575004D3530300043616E63656C207072696E7400526573756D652070726979
:200E60006E7400506F776572206F75746167650025753A2530327500253032753A25303251
:200E800075002D2D2D005344005A00590058005072696E742070617573656400002573006D
:200EA0005072696E742061626F72746564004E6F2053442063617264005072696E74206663
:200EC000726F6D2053440053746F70207072696E7400526573756D65207072696E7400411B
:200EE000626F7574205072696E746572005061757365207072696E7400436F6E74726F6C08
:200F000000507265706172650054756E6500496E666F2073637265656E00426162797374D5
:200F20006570205A004578747275646572733A203100687474703A2F2F68656C6C626F74CF
:200F40002E78797A004D61676E61204900323031372D31322D32352031323A303000312E41
:200F6000382E302E32004D61726C696E00546865726D6973746F727300426F617264204923
:200F80006E666F005072696E74657220496E666F004D61696E0020204E6F7A7A6C653A20DD
:200FA000004261636B004D696E696D756D2054656D70206973203137302E00486561746961
:200FC0006E67206661696C65640045787472756465206D6F726500526573756D6520707290
:200FE000696E7400524553554D45204F5054494F4E533A0020204E6F7A7A6C653A200063D0
:2010000068616E6765006F66207468652066696C616D656E74005761697420666F72207398
:2010200074617274005052494E54205041555345440020204E6F7A7A6C653A200066696C2F
:20104000616D656E7420756E6C6F6164005761697420666F72005052494E542050415553F6
:2010600045440020204E6F7A7A6C653A2000506C6561736520776169742E2E2E0048656104
:2010800074696E67206E6F7A7A6C65005052494E54205041555345440020204E6F7A7A6C10
:2010A000653A200068656174206E6F7A7A6C652E00507265737320627574746F6E20746F13
:2010C000005052494E54205041555345440020204E6F7A7A6C653A2000746F20636F6E74CE
:2010E000696E75652E2E2E00616E6420707265737320627574746F6E00496E7365727420E4
:2011000066696C616D656E74005052494E54205041555345440020204E6F7A7A6C653A20F4
:201120000066696C616D656E74206C6F6164005761697420666F72005052494E5420504165
:20114000555345440020204E6F7A7A6C653A200066696C616D656E742065787472756465D1
:20116000005761697420666F72005052494E542050415553454400746F20726573756D6570
:20118000005761697420666F72207072696E74005052494E542050415553454400496E6977
:2011A0007469616C697A6520454550524F4D00436F6E74726F6C00526573746F726520660A
:2011C00061696C73616665004C6F61642073657474696E677300496E697469616C697A6517
:2011E00020454550524F4D0053746F72652073657474696E67730046696C616D656E740039
:201200004D6F74696F6E0054656D7065726174757265004D61696E004D333033205531209C
:201220004525692053256900507265686561742041425320636F6E6600507265686561748C
:2012400020504C4120636F6E6600504944204175746F74756E6500504944204175746F746F
:20126000756E65005049442D44005049442D44005049442D49005049442D49005049442DDA
:2012800050005049442D5000200220466163740020022046616374002002204D617800209C
:2012A00002204D6178002002204D6178002002204D696E002002204D696E002002204D69BA
:2012C0006E004F6666004F6E20004175746F74656D700046616E2073706565640046616EFE
:2012E0002073706565640042656400426564004E6F7A7A6C65004E6F7A7A6C6500436F6E83
:2013000074726F6C0053746F72652073657474696E67730042656400426564004E6F7A7AA7
:201320006C65004E6F7A7A6C650046616E2073706565640046616E20737065656400546515
:201340006D70657261747572650043616E6E6F74206F70656E207375626469722000656EE7
:201360007175657565696E672022006563686F3A004573746570732F6D6D00457374657071
:20138000732F6D6D005A73746570732F6D6D005A73746570732F6D6D005973746570732FF6
:2013A0006D6D005973746570732F6D6D005873746570732F6D6D005873746570732F6D6DA2
:2013C000004D6F74696F6E0053746570732F6D6D004A65726B00416363656C657261746906
:2013E0006F6E0056656C6F6369747900436F6E74726F6C004F6666004F6E200052756E6F44
:2014000075742073656E736F72730046696C2E204469612E0046696C2E204469612E004F1D
:201420006666004F6E20004520696E206D6D3300436F6E74726F6C0043616E6E6F742065D1
:201440006E746572207375626469723A2000052E2E004D61696E004D61782054656D703AD4
:2014600020313530004D696E2054656D703A203500544265643A4550434F53203130304B3E
:20148000004D61782054656D703A20323735004D696E2054656D703A20350054303A2045EC
:2014A00050434F53203130304B005053553A2047656E657269630050726F746F636F6C3A60
:2014C00020312E3000202020204857205665723A2056004657205665723A2056312E310017
:2014E000426175643A20323530303030004754323536302056332E3000534420636172642F
:20150000206F6B0A006F70656E526F6F74206661696C65640A00766F6C756D652E696E69DC
:2015200074206661696C65640A00534420696E6974206661696C0A006175746F25692E679B
:20154000004D3234004D32332025730057726974696E6720746F2066696C653A20006F708E
:20156000656E206661696C65642C2046696C653A20006F70656E206661696C65642C204624
:20158000696C653A200046696C652073656C65637465640A002053697A653A200046696C94
:2015A00065206F70656E65643A20006F70656E206661696C65642C2046696C653A20002054
:2015C00066696C653A2000646F696E67006672657368004E6F772000454E44205355425261
:2015E0004F5554494E450A002220706F73002220706172656E743A2200535542524F55541D
:20160000494E452043414C4C207461726765743A22004B494C4C45442E2000747279696E76
:201620006720746F2063616C6C207375622D67636F64652066696C65732077697468207448
:201640006F6F206D616E79206C6576656C732E204D4158206C6576656C2069733A004572D3
:20166000726F723A00436172642072656D6F766564004361726420696E7365727465640059
:2016800024F4D43050C38E20C2A24017828B7011127A910D816CD90AA861E108C7586607AC
:2016A000615143061E4B5D05C145A7041A411104093D9803713931034036DB026533910206
:2016C000D4305402802E1D02632CEE01752AC501B028A001102781018F2564012B244B011A
:2016E000E0223401AC211F018D200D01801FFC00841EED00971DDF00B81CD200E61BC600E1
:20170000201BBC00641AB200B219A8000A19A0006A189900D117910040178B00B5168400A7
:2017200031167E00B31579003A157300C7146F0058146A00EE1366008813630025135E00C6
:20174000C7125B006C12570015125400C111510070114F0021114B00D61049008D10470082
:201760004610440002104200C00F4000800F3E00420F3C00060F3B00CB0E3800930E3700D9
:201780005C0E3500270E3400F30D3200C10D3100900D3000600D2E00320D2D00050D2C00FE
:2017A000D90C2B00AE0C2900850C29005C0C2700350C27000E0C2600E80B2400C40B24003B
:2017C000A00B23007D0B23005A0B2100390B2100180B2000F80A1F00D90A1E00BB0A1E005D
:2017E0009D0A1D00800A1D00630A1C00470A1B002C0A1B00110A1A00F7091A00DD091900EA
:20180000C4091900AB091900920917007B091800630917004C091600360916002009160045
:201820000A091500F5081500E0081400CC081400B8081400A4081400900813007D081200B4
:201840006B081300580812004608120034081100230811001208110001081100F00710005B
:20186000E0071000D0071000C0071000B0070F00A107100091070E0083070F0074070F006C
:2018800065070E0057070E0049070E003B070D002E070E0020070D0013070D0006070D00FD
:2018A000F9060C00ED060D00E0060C00D4060C00C8060C00BC060C00B0060C00A4060B0026
:2018C00099060C008D060B0082060B0077060B006C060B0061060A0057060B004C060A00F2
:2018E00042060A0038060A002E060A0024060A001A060A001006090007060A00FD05090071
:20190000F4050900EB050900E2050900D9050900D0050900C7050900BE050900B5050800B4
:20192000AD050800A50509009C050800940508008C050800840508007C05080074050800BC
:201940006C050700650508005D050700560508004E05070047050700400508003805070093
:20196000310507002A050700230507001C050600160507000F050700080506000205070040
:20198000FB040600F5040700EE040600E8040600E2040700DB040600D5040600CF040600CE
:2019A000C9040600C3040600BD040600B7040600B1040500AC040600A6040600A004050036
:2019C0009B04060095040500900406008A04050085040500800406007A040500750405007E
:2019E000700405006B04050066040500610405005C04050057040500520405004D040500AB
:201A000048040500430405003E0404003A04050035040500300404002C04050027040400C6
:201A2000230405001E0404001A04040016040500110404000D0404000904050004040400C7
:201A400000040400FC030400F8030400F4030400F0030400EC030400E8030400E4030400BD
:201A6000E0030400DC030400D8030400D4030400D0030400CC030400C8030300C50303009F
:201A800024F404D9201BC40C5C0E9804C4095F0265077101F405F900FB04B30048048700BD
:201AA000C10369005803550003034500BE023A008402310053022A00290225000402200058
:201AC000E4011C00C8011900AF0117009801140084011300710110006101100051010E00C3
:201AE00043010D0036010B002B010B0020010B00150109000C01090003010800FB000800AC
:201B0000F3000800EB000700E4000600DE000600D8000600D2000600CC000500C7000500B7
:201B2000C2000500BD000400B9000400B5000400B1000400AD000400A9000400A5000300EC
:201B4000A20003009F0004009B000300980003009500020093000300900003008D000200B5
:201B60008B000300880002008600020084000300810002007F0002007D0002007B0002003E
:201B80007900020077000100760002007400020072000100710002006F0002006D0001009F
:201BA0006C0002006A000100690002006700010066000100650001006400020062000100E3
:201BC00061000100600001005F0002005D0001005C0001005B0001005A0001005900010015
:201BE000580001005700010056000100550001005400010053000000530001005200010038
:201C000051000100500001004F0001004E0000004E0001004D0001004C0001004B0000004E
:201C20004B0001004A0001004900010048000000480001004700010046000000460001005D
:201C4000450000004500010044000100430000004300010042000000420001004100000067
:201C600041000100400001003F0000003F0001003E0000003E0001003D0000003D0001006A
:201C80003C0000003C0000003C0001003B0000003B0001003A0000003A000100390000006A
:201CA000390001003800000038000000380001003700000037000100360000003600000066
:201CC00036000100350000003500000035000100340000003400000034000100330000005D
:201CE000330000003300010032000000320000003200010031000000310000003100010052
:201D00003000000030000000300001002F0000002F0000002F0000002F0001002E00000047
:201D20002E0000002E0001002D0000002D0000002D0000002D0001002C0000002C00000039
:201D40002C0000002C0001002B0000002B0000002B0000002B0001002A0000002A00000029
:201D60002A0000002A00010029000000290000002900000029000000290001002800000018
:201D8000280000002800000028000000280001002700000027000000270000002700000006
:201DA0002700010026000000260000002600000026000000260001002500000025000000F2
:201DC0002500000025000000250000002500010024000000240000002400000024000000DE
:201DE0002400010023000000230000002300000023000000230000002300000023000100C8
:201E00002200000022000000220000002200000022000000220001002100000021000000B3
:201E200021000000210000002100000021000000210001002000000020000000200000009C
:201E400020000000200000002000000020000000200001001F0000001F0000001F00000084
:201E60001F0000001F0000001F0000001F0001001E0000001E0000001E0000001E0000006D
:201E80004D383420582059205A2045005A25752C45256C752C50256C752C5425752C42251F
:201EA000752C004D61676E6120492072656164792E004572723A4E6F2046696C616D656ED5
:201EC000740048617264636F6465642044656661756C742053657474696E6773204C6F617E
:201EE0006465640A00E8030000E803000032000000E80300000000C8430000C8430000C8DA
:201F000043000034429A99A0429A99A1420000C8430000BA4220440020490020204D333019
:201F20003420500020440020490020204D3330312050005049442073657474696E67733AF7
:201F40000A0020460020420020480020204D3134352053004D6174657269616C2068656130
:201F600074757020706172616D65746572733A0A00204500205A002059002058002042003E
:201F800020540020204D323035205300416476616E6365643A20533C6D696E5F6665656400
:201FA000726174653E20543C6D696E5F74726176656C5F66656564726174653E20423C6D6E
:201FC000696E5F7365676D656E745F74696D655F75733E20583C6D61785F78795F6A65725B
:201FE0006B3E205A3C6D61785F7A5F6A65726B3E20453C6D61785F655F6A65726B3E0A001C
:2020000020540020520020204D323034205000416363656C65726174696F6E2028756E69E9
:2020200074732F7332293A20503C7072696E745F616363656C3E20523C7265747261637471
:202040005F616363656C3E20543C74726176656C5F616363656C3E0A00204500205A00200F
:20206000590020204D3230312058004D6178696D756D20416363656C65726174696F6E2087
:2020800028756E6974732F7332293A0A00204500205A0020590020204D3230332058004D65
:2020A0006178696D756D206665656472617465732028756E6974732F73293A0A00204500CD
:2020C000205A0020590020204D393220580053746570732070657220756E69743A0A0020E3
:2020E000204D3230302044300A0020204D3230302044002044697361626C65640A004669CF
:202100006C616D656E742073657474696E67733A0020204D3134392043203B20556E6974CA
:202120007320696E2043656C736975730A002020473231202020203B20556E6974732069D2
:202140006E206D6D0A0020746F6F206C6F6E6720657874727573696F6E2070726576656E0A
:202160007465640A0020636F6C6420657874727573696F6E2070726576656E7465640A004E
:20218000627573793A2070617573656420666F7220696E7075740A00627573793A207061F1
:2021A0007573656420666F7220757365720A00627573793A2070726F63657373696E670ABA
:2021C000004B494C4C45442E20004B494C4C2063617573656420627920746F6F206D756369
:2021E0006820696E6163746976652074696D65202D2063757272656E7420636F6D6D616E2A
:20220000643A2000506C65617365207265736574005052494E5445522048414C544544006D
:202220005072696E7465722068616C7465642E206B696C6C28292063616C6C6564210A002D
:20224000000070C1000070C1000000000000C8420000C8420000A041000000005761726E8F
:20226000696E673A20486F6D696E672042756D702044697669736F72203C20310A000202F5
:20228000040000A0400000A040000000400000754300006B4300008243FFFFFF70012C0174
:2022A00090012701B0012201C0011D01F00118011002130130020E0160020901900204013E
:2022C000C002FF000003FA004003F5008003F000D003EB002004E6007004E100E004DC00B8
:2022E0004005D700C005D2004006CD00D006C8008007C3003008BE00F008B900C009B4000C
:20230000B00AAF00B00BAA00D00CA500000EA000500F9B00C01096005012910000148C00CD
:20232000C0158700B0178200B0197D00D01B7800001E730040206E0090226900F02464005D
:2023400040275F0090295A00E02B5500102E500020304B0010324600E033410090353C003E
:202360001037370070383200A0392D00B03A2800A03B2300603C1E00103D1900903D1400EE
:20238000103E0F00703E0A00C03E0500003F0000403FFBFF803FF6FFC03FF1FF4572723A67
:2023A000204D494E54454D5020424544004572723A204D494E54454D50004D494E54454D91
:2023C0005020747269676765726564004572723A204D415854454D5020424544004572721D
:2023E0003A204D415854454D50004D415854454D502074726967676572656400202F0020FF
:2024000042403A0020403A00001C1F11111F00000006191803130C00040E1F041C00000040
:20242000001010101010100000141414141414000015151515151500000E1315110E0000F1
:202440001C10181705060500040A0A0A0A11110E0C12120C00000000001F1511151F000000
:2024600000000000010204040000001C1C0C040404020100000000000408100000000000E2
:2024800000002100240027002A002D003000330001010000040107010A01000022002500B5
:2024A00028002B002E003100340002010000050108010B01000020002300260029002C005A
:2024C0002F0032000001000003010601090105050505070508080808020202020A0A080819
:2024E0000404040401010101010101010303030303030303040707070C0C0C0C0C0C0C0C33
:202500000202020206060606060606060B0B0B0B0B0B0B0B01021020200808102040102028
:20252000408002010201080402010102040810204080804020100804020180040201804081
:20254000201008040201080402010102040810204080010204081020408000000A0B02090F
:202560000C0D0E08070304010000000000000000000000000000000000000000000000001D
:20258000000000000000121110000000000000000000000000000000000000000000000008
:2025A0005654726176206D696E005654726176206D696E005654726176206D696E00566D53
:2025C000696E00566D696E00566D696E00566D6178204500566D6178204500566D61782032
:2025E0004500566D6178205A00566D6178205A00566D6178205A00566D6178205900566D7C
:202600006178205900566D6178205900566D6178205800566D6178205800566D6178205817
:20262000004D6F74696F6E00416D6178204500416D6178204500416D6178205A00416D613C
:2026400078205A00416D6178205900416D6178205900416D6178205800416D61782058008A
:20266000412D74726176656C00412D74726176656C00412D7265747261637400412D7265BA
:20268000747261637400416363656C00416363656C004D6F74696F6E0056652D6A65726B62
:2026A0000056652D6A65726B0056652D6A65726B00567A2D6A65726B00567A2D6A65726BA0
:2026C0000056792D6A65726B0056792D6A65726B0056792D6A65726B0056782D6A65726B5B
:2026E0000056782D6A65726B0056782D6A65726B004D6F74696F6E0020643A0020693A0095
:2027000020703A0043290A0061626C656420286D696E2074656D702000436F6C6420657880
:202720007472756465732061726520004B64200023646566696E65202044454641554C54E8
:202740005F004B69200023646566696E65202044454641554C545F004B70200023646566E7
:20276000696E65202044454641554C545F00504944204175746F74756E652066696E6973EE
:20278000686564212050757420746865206C617374204B702C204B6920616E64204B64203C
:2027A000636F6E7374616E74732066726F6D2062656C6F7720696E746F20436F6E666967DF
:2027C00075726174696F6E2E680A00504944204175746F74756E65206661696C656421203F
:2027E00074696D656F75740A00544845524D414C2052554E4157415900546865726D616CA7
:202800002052756E617761790048656174696E67206661696C65640048656174696E67208C
:202820006661696C656400504944204175746F74756E65206661696C6564212054656D7085
:202840006572617475726520746F6F20686967680A00204B643A2000204B693A2000204B82
:20286000703A20000A20436C617373696320504944200A002054753A2000204B753A2000FE
:20288000206D61783A2000206D696E3A200020643A200020626961733A20006265640A008E
:2028A0002C2073797374656D2073746F7070656421204865617465725F49443A200048657B
:2028C0006174696E67206661696C65640048656174696E67206661696C6564004865617499
:2028E000696E67206661696C65640048656174696E67206661696C656400544845524D410F
:202900004C2052554E4157415900546865726D616C2052756E61776179004D6F7665205841
:20292000004D6F76652059004D6F7665205A004578747275646572004D6F766520302E31DD
:202940006D6D004D6F766520316D6D004D6F76652031306D6D004D6F76652061786973007D
:20296000486F74656E6420746F6F20636F6C64004578747275646572004D6F7665205A005D
:202980004D6F76652059004D6F76652058004578747275646572004D6F7665205A004D6FF8
:2029A00076652059004D6F766520580050726570617265005344207072696E74696E6720A3
:2029C0006279746520004E6F74205344207072696E74696E670A00526573656E643A2000EB
:2029E0006F6B000077E267E511241FBECFEFD1E2DEBFCDBF00E00CBF13E0A0E0B2E0E4EF29
:202A0000F8EE01E00BBF02C007900D92AA39B107D9F725E1AAE9B3E001C01D92AF38B20786
:202A2000E1F714E1C3EFD4E100E006C021970109802FFE010E94D8F3C23FD10780E0080797
:202A4000A9F70E946ADB0C9469F40C9400002F923F924F925F926F927F928F929F92AF9249
:202A6000BF92CF92DF92EF92FF920F931F93CF93DF93CDB7DEB7CE57D1090FB6F894DEBFF3
:202A80000FBECDBF81E090E09093AE138093AD13809106158D3411F40C94BD1D843511F42B
:202AA0000C94062B873411F00C94472B80910415909105158430910509F4AFC554F497FF79
:202AC00002C00C94612B20917402823091056CF527C08A35910511F40C946E1D4CF48B31D0
:202AE000910509F4E1C54C9709F46FC60C94612B8B35910509F4F6C78C35910511F00C9454
:202B0000612B0E94B0D269E7262E62E0362E78E0E72E7CE0F72E00E0D12C10E00C949C1DA7
:202B200021110C94682B0C94612B222311F40C94612B11E0029709F010E00E949C3482E542
:202B40000E940734882309F45CC10E9429336B017C014090080C5090090C60900A0C70900D
:202B60000B0C80910C0C90910D0CA0910E0CB0910F0C2B968CAF9DAFAEAFBFAF2B972091AE
:202B8000BF133091C0134091C1135091C2132F962CAF3DAF4EAF5FAF2F978091C31390910F
:202BA000C413A091C513B091C6136B968CAF9DAFAEAFBFAF6B9720E030E0A901C701B6018D
:202BC0000E94BAEC882309F40EC5A30192012F966CAD7DAD8EAD9FAD2F970E94BAEC8111CC
:202BE00011C02B962CAD3DAD4EAD5FAD2B976B966CAD7DAD8EAD9FAD6B970E94BAEC8823F7
:202C000009F4F1C420E030E0A901C701B6010E94BAEC881F8827881F18130BC020E030E07E
:202C200040E85FE3A3962CAF3DAF4EAF5FAFA3970AC080E090E0A0E8BFEBA3968CAF9DAF59
:202C4000AEAFBFAFA397A30192012F966CAD7DAD8EAD9FAD2F970E94D0F067966CAF7DAF3D
:202C60008EAF9FAF67972B962CAD3DAD4EAD5FAD2B976B966CAD7DAD8EAD9FAD6B970E940F
:202C8000D0F06F966CAF7DAF8EAF9FAF6F9767962CAD3DAD4EAD5FAD6797CA01B9010E94AB
:202CA0001FED4B015C016F962CAD3DAD4EAD5FAD6F97CA01B9010E941FED9B01AC01C50148
:202CC000B4010E94D1F00E943CF363966CAF7DAF8EAF9FAF639720E030E040E05FE30E9432
:202CE0001FED4B015C01A7019601C701B6010E941FED6B017C01A5019401C501B4010E9472
:202D00001FED9B01AC01C701B6010E94D0F00E943CF39B01AC01A3966CAD7DAD8EAD9FAD60
:202D2000A3970E941FED4B015C012F962CAD3DAD4EAD5FAD2F97C301B2010E94D1F020E0D3
:202D400030E040E05FE30E941FED6B017C016F966CAD7DAD8EAD9FAD6F97905863962CADDB
:202D60003DAD4EAD5FAD63970E94ADF19B01AC01C501B4010E941FED9B01AC01C701B601EE
:202D80000E94D1F0A30192010E94D0F06B017C016B962CAD3DAD4EAD5FAD6B972B966CADA7
:202DA0007DAD8EAD9FAD2B970E94D1F020E030E040E05FE30E941FED2B013C0163962CADE2
:202DC0003DAD4EAD5FAD639767966CAD7DAD8EAD9FAD67970E94ADF19B01AC01C501B4013F
:202DE0000E941FED9B01AC01C301B2010E94D1F02B962CAD3DAD4EAD5FAD2B970E94D0F053
:202E000014C089E40E940734882329F00E9429336B017C0103C0C12CD12C76018AE40E94B5
:202E200007348823F9F00E9429336B966CAF7DAF8EAF9FAF6B9720E030E0A901C701B601B7
:202E40000E94BAEC81111EC020E030E0A9016B966CAD7DAD8EAD9FAD6B970E94BAEC811159
:202E600011C0C1C320E030E0A901C701B6010E94BAEC882309F4B7C36B961CAE1DAE1EAEF8
:202E80001FAE6B97A701960150582B962CAF3DAF4EAF5FAF2B976B968CAD9DADAEADBFADDC
:202EA0006B97B0582F968CAF9DAFAEAFBFAF2F97CA01B9010E941FED4B015C012F962CADB1
:202EC0003DAD4EAD5FAD2F97CA01B9010E941FED9B01AC01C501B4010E94D1F00E943CF310
:202EE000E3966CAF7DAF8EAF9FAFE3972091080C3091090C40910A0C50910B0C63962CAFBF
:202F00003DAF4EAF5FAF6397A701960163966CAD7DAD8EAD9FAD63970E94D1F0A3966CAF0D
:202F20007DAF8EAF9FAFA39780910C0C90910D0CA0910E0CB0910F0C6F968CAF9DAFAEAFAD
:202F4000BFAF6F976B962CAD3DAD4EAD5FAD6B97BC01CD010E94D1F0A7966CAF7DAF8EAF81
:202F60009FAFA7972091BF133091C0134091C1135091C213AB962CAF3DAF4EAF5FAFAB97FE
:202F8000A3962CAD3DAD4EAD5FADA397AB966CAD7DAD8EAD9FADAB970E94D0F06B017C015C
:202FA0008091C3139091C413A091C513B091C613AF968CAF9DAFAEAFBFAFAF97A7962CAD1C
:202FC0003DAD4EAD5FADA797BC01CD010E94D0F04B015C012091100C3091110C4091120C92
:202FE0005091130CEB962CAF3DAF4EAF5FAFEB976091C7137091C8138091C9139091CA136A
:203000000E94D0F067966CAF7DAF8EAF9FAF67978091CB139091CC13A091CD13B091CE135F
:20302000E7968CAF9DAFAEAFBFAFE7972091140C3091150C4091160C5091170CEF962CAF39
:203040003DAF4EAF5FAFEF97A70196012B966CAD7DAD8EAD9FAD2B970E941FED2B013C0150
:20306000A50194012F966CAD7DAD8EAD9FAD2F970E941FED9B01AC01C301B2010E94D1F0EF
:203080002B013C01A50194012B966CAD7DAD8EAD9FAD2B970E941FED4B015C01A7019601A9
:2030A0002F966CAD7DAD8EAD9FAD2F970E941FED9B01AC01C501B4010E94D0F0A3019201B0
:2030C0000E9444F16B017C0120E030E0A9010E94BAEC87FF0AC02BED3FE049EC50E4C70176
:2030E000B6010E94D1F06B017C01112351F02BED3FE049EC50E4C701B6010E94D0F06B016B
:203100007C0120E030E0A901C701B6010E94BAEC811128C0AB962CAD3DAD4EAD5FADAB97EA
:2031200063966CAD7DAD8EAD9FAD63970E94BAEC811118C0AF962CAD3DAD4EAD5FADAF97CB
:203140006F966CAD7DAD8EAD9FAD6F970E94BAEC811108C0BBEDCB2EBFE0DB2EB9ECEB2EF1
:20316000B0E4FB2EE3962CAD3DAD4EAD5FADE397C701B6010E941FED9B01AC010E941FEDB1
:203180004B015C0167962CAD3DAD4EAD5FAD6797CA01B9010E941FED9B01AC01C501B401CA
:2031A0000E94D1F00E943CF34B015C012FE632E143E85AE30E94BAEC87FD11C2C501B40188
:2031C0000E9446F20E941AF21B01672B19F422242394312CB10180E090E00E94BEEC4B0138
:2031E0005C019B01AC01C701B6010E94ADF163966CAF7DAF8EAF9FAF6397A501940167966D
:203200006CAD7DAD8EAD9FAD67970E94ADF1E3966CAF7DAF8EAF9FAFE397EF962CAD3DAD99
:203220004EAD5FADEF97E7966CAD7DAD8EAD9FADE7970E94D0F0A50194010E94ADF1E796E2
:203240006CAF7DAF8EAF9FAFE79763962CAD3DAD4EAD5FAD6397CA01B9010E941FED20E02E
:2032600030E040E05FE30E941FED9B01AC0160E070E080E89FE30E94D0F0AB966CAF7DAF81
:203280008EAF9FAFAB97EB968CAD9DADAEADBFADEB9789879A87AB87BC87EF962CAD3DAD26
:2032A0004EAD5FADEF972D873E874F87588B6091140270911502072E000C880B990B0E9416
:2032C000C0EC209100023091010240910202509103020E941FED2AE037ED43E25CE30E942E
:2032E0001FED68A379A38AA39BA30E940ABB9B01AC0128533F4F4F4F5F4FAF962CAF3DAF1F
:203300004EAF5FAFAF9728964FAC289729965FAC29972A966FAC2A972B967FAC2B9741E0EF
:2033200050E06D965FAF4EAF6D9759E164965FAF64976D96AEADBFAD6D97A215B30509F4D4
:203340003DC10E9424D10E940ABBDC01CB01AF962CAD3DAD4EAD5FADAF97821B930BA40B89
:20336000B50BB7FD11C00E940ABB9B01AC0128533F4F4F4F5F4FAF962CAF3DAF4EAF5FAFEC
:20338000AF9780E00E94BFB164963FAD6497315064963FAF6497332309F44BC0AB962CADB8
:2033A0003DAD4EAD5FADAB972F966CAD7DAD8EAD9FAD2F970E941FED6B017C0163962CAD1C
:2033C0003DAD4EAD5FAD6397B201C3010E941FEDA70196010E94D1F07B018C01AB962CAD18
:2033E0003DAD4EAD5FADAB97B201C3010E941FED4B015C0163962CAD3DAD4EAD5FAD63970F
:203400002F966CAD7DAD8EAD9FAD2F970E941FED9B01AC01C501B4010E94D0F02B013C011A
:20342000C701D8012F968CAF9DAFAEAFBFAF2F9761C06D964EAD5FAD6D97BA0180E090E054
:203440000E94BEEC63962CAD3DAD4EAD5FAD63970E941FED4B015C010E94AAF16B017C01E6
:20346000C501B4010E9432F34B015C01A70196012B966CAD7DAD8EAD9FAD2B970E941FED27
:203480002B013C01A50194016B966CAD7DAD8EAD9FAD6B970E941FED9B01AC01C301B2014D
:2034A0000E94D1F02B013C01A50194012B966CAD7DAD8EAD9FAD2B970E941FED4B015C0161
:2034C000A70196016B966CAD7DAD8EAD9FAD6B970E941FED9B01AC01C501B4010E94D0F00C
:2034E0002F966CAF7DAF8EAF9FAF2F9759E164965FAF64979201A301A3966CAD7DAD8EAD44
:203500009FADA3970E94D1F069837A838B839C832F962CAD3DAD4EAD5FAD2F97A7966CAD01
:203520007DAD8EAD9FADA7970E94D1F06D837E838F839887E3962CAD3DAD4EAD5FADE3975A
:2035400069857A858B859C850E94D1F069877A878B879C87E7962CAD3DAD4EAD5FADE797FF
:203560006D857E858F8598890E94D1F06D877E878F87988B80917502882321F0CE010196E2
:203580000E9403B0E09056088E01005E1F4F9E01235F3F4FAE01475F5F4FBE016B5F7F4FA4
:2035A000CE0101960E9474AC6D968EAD9FAD6D9701966D969FAF8EAF6D97BBCEE0905608D5
:2035C0008E01005E1F4F2BEC33E147EC53E163EC73E18FEB93E10E9474AC0E9424350E940E
:2035E0002E350C94612BEEE5F6E184918F010F5F1F4F882321F00E943935F801F6CFE7E2BE
:20360000F2E084918F010F5F1F4F882311F40C94612B0E943935F801F4CF80E50E9407346D
:20362000882329F00E94E9326B017C0103C0C12CD12C760183E50E940734882361F00E9419
:20364000293320E030E04AE754E40E941FED0E941AF26B017C010E94B0D280912502811162
:2036600005C060E08DE392E00E94C38A0E942E358091B7139091B813A091B913B091BA139D
:20368000C80ED91EEA1EFB1E0E940ABBDC01CB018C199D09AE09BF09B7FD02C00C94612BC0
:2036A00080E00E94BFB1F0CF0091530481E00827F0905404F826109155041827011102C05E
:2036C000FF2019F0EBE6F3E104C01111FBCF0C941C2C84916F01BFEFCB1ADB0A882321F0CC
:2036E0000E943935F601F5CFE6E6F2E084916F012FEFC21AD20A882321F00E943935F60143
:20370000F5CF002369F0E4E6F2E084916F013FEFC31AD30A882321F00E943935F601F5CFD9
:20372000FF2069F0E2E6F2E084916F014FEFC41AD40A882321F00E943935F601F5CF11114F
:2037400003C0E8E5F2E00DC0E0E6F2E084916F015FEFC51AD50A8823A1F30E943935F601CB
:20376000F5CF84916F019FEFC91AD90A882321F00E943935F601F5CF111103C04EE353E0DC
:2037800002C04BEE52E0F11003C02EE333E002C02DEE32E0011103C08EE393E002C08FEE2D
:2037A00092E05F934F933F932F939F938F9386E492E09F938F931F920E94C5840FB6F894BE
:2037C000DEBF0FBECDBF0C94612B0E94B0D28091000290910102A0910202B09103028093DE
:2037E000A1039093A203A093A303B093A40380911402909115029093A00380939F0384E656
:2038000090E090931502809314020E942E3581E08093060988E50E945C33382E89E50E9439
:203820005C33082F8AE50E945C33282E311005C0011105C011E0182705C0011102C010E036
:2038400001C0182F0E941A35111105C0311003C0002309F416C180E090E0A0E8B0E480938E
:20386000C7139093C813A093C913B093CA139C01AD016091100C7091110C8091120C90917B
:20388000130C0E94BAEC87FF0BC019821A821B821C82BE016F5F7F4F87EC93E10E94C73122
:2038A00011110EC0311003C00111E5C0EAC0011107C080E090E00E9472B01123A9F3DBC0DB
:2038C00010920C0C10920D0C10920E0C10920F0C1092080C1092090C10920A0C10920B0C1C
:2038E0000E946C32E9E9F2E2B4912C96BFAF2C97EDE8F2E2C590D590E590F490E1E9F2E2B0
:2039000085909590A590B490A5019401C701B6010E94F7F218162CF4A7019601C501B401A7
:2039200004C0A5019401C701B6010E94ADF12B966CAF7DAF8EAF9FAF2B97ECE46E2EE2E244
:203940007E2EF3016591759185919491F0E54F2EF2E25F2EF20125913591459154910E9411
:20396000BAEC87FF02C0F30101C0F20145905590659074902B962CAD3DAD4EAD5FAD2B97B1
:20398000CA01B9010E941FED20E030E040E85FE30E94D1F00E943CF39B01AC01C301B20186
:2039A0000E941FED6BAF7CAF8DAF9EAFEAE9F2E2249128962FAF289720E030E040EC5FE356
:2039C000C501B4010E941FED2B013C0128963FAD2897632F330F770B880B990B0E94C0EC11
:2039E0009B01AC01C301B2010E941FED69837A838B839C8320E030E040EC5FE3C701B60146
:203A00000E941FED6B017C012C964FAD2C97642F440F770B880B990B0E94C0EC9B01AC0158
:203A2000C701B6010E941FED68A379A38AA39BA39E01255C3F4F40E15CE0BE016F5F7F4F61
:203A4000CE0180960E94E3301092520410920C0C10920D0C10920E0C10920F0C1092080C30
:203A60001092090C10920A0C10920B0C111121CF31101FCF19CF81E090E00E9472B011113E
:203A800002C0222021F082E090E00E9472B00E946C3280910509809306098091A103909124
:203AA000A203A091A303B091A4038093000290930102A0930202B093030280919F03909114
:203AC000A00390931502809314020E942E3583E0809376020E94F33A0C94612B10929E03AF
:203AE0000C94612B81E080939E030C94612B0E9429332B013C01F701208131814281538110
:203B00000E94D0F04B015C012DEB37E346E855EB0E94F7F287FD18C02DEB37E346E855E37B
:203B2000C501B4010E94BAEC181674F01F5FB4E0EB0EF11C1430A9F0D1018D911D010E948B
:203B40000734882399F3D3CF133019F0DD24D39401C001E0D7014D925D926D927C9213979E
:203B6000E5CFDD2019F00E946C3203C001110E941D850E94F33A0C94612B809104159091EC
:203B800005158337910509F4E5C70CF0C3C08C34910509F418C50CF06AC08831910509F4F1
:203BA000AAC2ACF58231910509F4FEC6BCF497FF02C00C94612B823091050CF4AAC141972F
:203BC00011F00C94612B60E08DE992E00E94C38A4298179815982E980C94612B853191052D
:203BE00009F46EC23CF4449711F00C94612BE5EBF2E023C28631910509F466C2479711F088
:203C00000C94612BE0910215F091031567C28E31910509F48EC2C4F48A31910509F477C24D
:203C20000CF46FC28B31910509F47FC24C9711F00C94612B40E060E08091021590910315F2
:203C40000E94BF7F0C94612B8032910509F48BC30CF4D3C38A32910509F475C48B34910552
:203C600011F00C94612B0E94DD840C94612B8936910509F4D0C524F58335910509F490C647
:203C80007CF48135910509F46EC60CF086C68D34910511F00C94612B0E9485750C94612BA3
:203CA0008535910509F4B5C60CF47EC68C35910509F4C8C68836910509F489C40C94612B4C
:203CC0008E36910509F4DAC484F48B36910509F43AC60CF415C68C36910509F452C58D3619
:203CE000910509F4DAC50C94612B8037910509F44BC50CF4D6C48137910509F449C5823760
:203D0000910511F00C94612B0E94B0D20E94F33A0C94612B8232E1E09E0711F40C949A2741
:203D20000CF077C08E3B910509F4D1C5A4F58837910511F40C94A026A4F48637910509F41D
:203D40005CC70CF099C78537910511F00C94612B60E080910215909103150E94E58A0C9413
:203D6000612B8C38910509F43CC55CF48937910511F00C94612B10920609109205090C948B
:203D8000612B8139910509F4E1C78B39910509F45FC50C94612B8D3C910511F40C94872749
:203DA000DCF4893C910511F40C9463273CF4883C910511F40C941D270C94612B8B3C9105AD
:203DC00011F40C9484278C3C910511F00C94612B0E9444360C94612B8C3D910511F40C94BC
:203DE0008A274CF4833D910511F00C94612B0E94D1350C94612B8D3D910511F40C949727B8
:203E0000823E910511F00C94612B0E9444340C94612B893921E0920711F40C94B127CCF53F
:203E20008F3241E0940711F40C94AB2794F48D32A1E09A0711F40C94A52714F00C94A82741
:203E40008C32914011F00C94612B0E9413340C94612B8336F1E09F0711F40C94482A4CF40A
:203E60008033914011F00C94612B0E9423CB0C94612B803941E0940711F40C94AE27883925
:203E8000914011F00C94612B81E08093EC0B0C94612B873FA1E09A0711F40C94BA27FCF42F
:203EA000843FE1E09E0711F40C94B4274CF48A39914011F00C94612B0E9446C50C94612B7F
:203EC000853F31E0930711F40C94B727863F914011F00C94612B0E94859D0C94612B803A83
:203EE00053E0950709F47CC23CF48835924011F40C94C6270C94612B873EE3E09E0711F409
:203F00000C94872A893D974011F40C949C2A0C94612BA0900215B090031580E50E9407343B
:203F2000882359F00E94E9326B017C0111E0672B682B692B31F410E004C010E0C12CD12C8A
:203F4000760183E50E9407348823F1F00E94293320E030E04AE754E40E941FED0E941AF246
:203F60006B017C01111112C0672B682B692B71F4A114B10459F0D5018C91882339F061E08B
:203F8000C5010E94E58A0FC0112391F360E08AE892E00E94C38A1092750E1092760E1092C3
:203FA000770E1092780E83E090E09093AE138093AD1381E08093740E0E94B0D20E942E35AB
:203FC000C114D104E104F104F1F08091B7139091B813A091B913B091BA13C80ED91EEA1ED5
:203FE000FB1E0E940ABBDC01CB018C199D09AE09BF09B7FF1EC08091740E8823D1F080E0DB
:204000000E94BFB1EECF8091740E882321F080E00E94BFB1F8CF809125099091260960E07A
:20402000029719F48BE792E002C08CE692E00E94C38A1092740E0C94612B84918F010F5FFE
:204040001F4F882321F00E943935F801F6CF1092E50B1092E40B40E050E0BA018EE699E04D
:204060000E94E03E8BE1EEE6F9E0DE01159601900D928A95E1F780916C0990916D099C837A
:204080008B8387EC92E09A83898340E050E0BE016F5F7F4F8EE393E00E94A771CE01019655
:2040A0000E9460B1E6EAF2E084918F010F5F1F4F882311F40C94612B0E943935F801F4CF82
:2040C0000E9409830C94612B10923509109236090C94612B803209F41082319680818111FE
:2040E000F9CF40E061E080910215909103150E94BF7F0C94612B0E94A5760E94DD840C94CA
:20410000612B109235090E9470D70C94612B80913609882311F40C94612B83E50E940734AD
:2041200081110C94402C0C94612B0E948AD70C94612B80913609882311F40C94612B82E3F5
:204140009BE00E949F3E82E39BE00E949EAD1092340910923309E0900215F09003158091AB
:204160003609882311F40C94612B0E947A751D8218861C821B8287EC92E09A8389838AE69D
:2041800099E090938A0980938909F70180818F3209F068C06FE270E0C7010E9426F48C01BE
:2041A0000F5F1F4F9E012F5F3F4F49010115110509F45EC06FE270E0C8010E9426F46C0144
:2041C000009709F456C00817190708F052C05C01A01AB10AA501B801CE0180960E944FF4F1
:2041E000E0E2F0E0EC0FFD1FEA0DFB1D10828E01005E1F4FD8018D918D01882319F00E943F
:204200003935F8CF8AE00E9439356091890970918A096115710511F06C5F7F4F21E0AE01A2
:20422000405E5F4FCE0105960E94DB44811112C0BE01605E7F4F8CEE92E00E94F5AA8EE2BB
:204240000E9439358AE00E943935C4010E9460B10C94612B90928A098092890986010F5FE2
:204260001F4FA4CF8BE899E090938A098093890987016091890970918A096115710511F08A
:204280006C5F7F4F18A21BA222E0A801CE0180960E94DB44811102C0F12C1EC0CE01809689
:2042A0000E9415718823C1F36CA57DA58EA59FA541E00E94F03C882379F3E8A9B0E2EB9F1A
:2042C000F0011124E15DF34F309731F385EE80831BA20E94B03CF82ECE0180960E940B359F
:2042E000FF2019F1E6ECF2E084917F012FEFE21AF20A882321F00E943935F701F5CFD801E5
:204300008D918D01882319F00E943935F8CF8AE00E943935109266091092670910926809B6
:20432000109269090E94407418C0E4EDF2E084917F01BFEFEB1AFB0A882321F00E9439357F
:20434000F701F5CFF80181918F01882319F00E943935F8CF8EE20E943935CE0101960E94F3
:2043600060B10C94612B8091350981110E94B0D280913609882311F40C94612B80E50E94C8
:204380000734882319F00E941A3303C080E50E945C33182F482F61E0809102159091031586
:2043A0000E94BF7F83E50E940734882381F00E94F932AB01BC0140936609509367096093FE
:2043C00068097093690982E39BE00E94E03E0E94A57611110C94612B0E94DD840C94612B1D
:2043E000809102159091031521E02093340940E060E00E94BF7F0C94612B0E946F765CE339
:20440000C52ED12CE12CF12CA70196010E9495F0762E672ECA01B901A70196010E9495F0F8
:204420006B017C01CA01B90128E130E040E050E00E9495F04B015C01C9016DE671E00E94C5
:2044400095F38E010F5F1F4F6115710599F06F927F92DF92CF929F928F929F938F937F9358
:204460006F9388E293E09F938F931F930F930E9453EC12C00097B1F06F927F92DF92CF92E6
:204480009F928F929F938F9388E193E09F938F931F930F930E9453EC0FB6F894DEBF0FBE56
:2044A000CDBF36C081149104A104B10479F06F927F92DF92CF929F928F928CE093E09F9346
:2044C0008F931F930F930E9453ECE6CFC114D104E104F10469F06F927F92DF92CF9284E0AB
:2044E00093E09F938F931F930F930E9453ECD4CF6F927F9280E093E09F938F931F930F9390
:204500000E9453EC0F900F900F900F900F900F9060E0C8010E94E58AEBE6F3E184917F01AC
:20452000BFEFEB1AFB0A882321F00E943935F701F5CFB8018CE393E00E94F5AA8AE00E9453
:2045400039350C94612B83E50E940734882311F40C94612B0E940933E82E80E50E9407346A
:20456000882341F00E94F9328B0177FF02C00C94612B02C006E010E0902FE9E4F3E088E241
:204580008E0F2491921729F031968E13FACF0C94502CEEE5F6E184918F010F5F1F4F8823E4
:2045A00021F00E943935F801F6CFE1E7F3E084918F010F5F1F4F882311F40C94612B0E9482
:2045C0003935F801F4CF0E9470D70C94612B88E690E00E94A63981110C94612B8091510815
:2045E00083FF02C00C94612B83E50E940734882309F440C00E9429330E9415F27093D914C7
:204600006093D81480E00E948FCE0E94293320E030E04AEA52E40E94BAEC18163CF00E94A0
:20462000857560E087E893E00E94C38A0E94293320917D0E30917E0E40917F0E5091800E1B
:204640000E94F7F21816B4F480E093E09F938F938091DF1390E001969F938F9380E893E099
:204660009F938F931F920E94C5840FB6F894DEBF0FBECDBF0E9437E50C94612B8EE40E9405
:204680000734882311F40C94612B0E94F93260932B0C70932C0C80932D0C90932E0C0C9488
:2046A000612B83E50E945C33882359F083E50E940734882319F00E94093301C080E08093D6
:2046C0005108EBE6F3E184918F010F5F1F4F882321F00E943935F801F6CFE4EAF3E084911B
:2046E0008F010F5F1F4F882321F00E943935F801F6CF809151088823A1F146E9C42E43E0D9
:20470000D42EE12CF12C20E08091510890E00E2C02C0959587950A94E2F780FF17C0BB24A5
:20472000B394B20E222319F08CE20E943935F60125913491F901849189010F5F1F4F882314
:2047400021F00E9439359801F5CF2B2DFFEFEF1AFF0A32E0C30ED11C45E0E416F104A1F608
:204760000CC0E0EAF3E084918F010F5F1F4F882321F00E943935F801F6CF8AE00E9439354B
:20478000A0C7109216029DC78BEA93E00E9472B183E50E940734882359F00E9409338D3310
:2047A00018F480936B028DC78CE380936B0289C7EBE6F3E184918F010F5F1F4F882321F0F8
:2047C0000E943935F801F6CF40916B0250E060E070E084EB93E00E9425968AE00E94393554
:2047E00070C78091510883FD6CC783E50E940734882309F466C70E9429330E9415F2673904
:20480000710514F066E970E07093D7146093D6140E9444CE56C789E690E00E94A6398111F1
:2048200011C0EBEBF3E084918F010F5F1F4F882321F00E943935F801F6CF0E9463B68AE0CE
:204840000E9439351092AE131092AD130C94C42F83E50E940734882309F433C70E9409332B
:20486000182F8D3308F01CE31093B3130E940ABB6B017C01212F30E0A8EEB3E00E94C1F0A5
:20488000C60ED71EE81EF91EC092AF13D092B013E092B113F092B21314C78DE690E00E941C
:2048A000A63981110EC78091510883FD0AC783E50E94073468968FAF689781110C94662CB3
:2048C00082E50E94073481110C94662CFAC68091510883FDF6C660E084EF93E00E94C38A55
:2048E00083E50E94073468968FAF689781110C94FB2D82E50E94073481110C94FB2DE1C699
:2049000080E50E940734811108C083E50E940734811108C03FEF20E009C00E9409338111F5
:20492000D0C6F3CF0E94F932362F272F832F922F8F3F910519F010F08FEF90E09093DB14B7
:204940008093DA14BEC680E50E940734811105C01092DB141092DA14B4C60E94F932672B3F
:2049600009F0AFC6F5CF0E949AB80E94B0D20E9468B11092DB141092DA1468EE73E080E008
:2049800090E00E94D6890E94B0D20E94F43160E081E094E00E94C38A94C610929D0391C6C4
:2049A00081E080939D038DC683E50E940734882399F00E94293320E030E04AE754E40E94FE
:2049C0001FED0E941AF260936C0270936D0280936E0290936F0275C688E50E945C338111C8
:2049E0000C94622F89E50E945C3381110C94622F8AE50E945C3381110C94622F85E40E94B6
:204A00005C3381110C94622F0E94B0D20E9468B158C683E50E945C33882309F452C60E944C
:204A2000293320E030E04AE754E40E941FED0E941AF26093BB137093BC138093BD139093AC
:204A4000BE133FC619E7C12E12E0D12E08E1E02E0CE0F02E10E0D6018D916D010E945C331B
:204A6000882309F46DC0133009F063C00E9429334B015C0120E030E040EA51E40E94BAECA4
:204A800087FF4EC0A50194016091240C7091250C8091260C9091270C0E94ADF12B013C01B4
:204AA0009B01AC0160913E1470913F1480914014909141140E941FED60933E1470933F14F2
:204AC0008093401490934114A3019201609112147091131480911414909115140E941FED50
:204AE000609312147093131480931414909315146091A0137091A1138091A2139091A313F6
:204B00000E94BEECA30192010E941FED0E941AF26093A0137093A1138093A2139093A313B8
:204B20008092240C9092250CA092260CB092270C07C00E942933F701608371838283938358
:204B40001F5FF4E0EF0EF11C143009F084CF0E944AACB7C5E5ECF4E084918F010F5F1F4F2F
:204B6000882321F00E943935F801F6CF60E085EB94E00E94433A61E08EEA94E00E94433A1C
:204B800061E083EA94E00E94433A61E083E994E00E94433A60E08AE894E00E94433A61E00E
:204BA00080E894E00E94433A60E086E794E00E94433A60E08EE694E00E94433A60E080E6CD
:204BC00094E00E94433A60E082E594E00E94433A60E083E494E00E94433A61E085E394E0B1
:204BE0000E94433A61E08FE194E00E94433A60E08EE094E00E94433A64C585E40E940734A2
:204C0000882319F00E941A3303C085E40E945C33882361F0EBE6F3E184918F010F5F1F4F72
:204C2000882321F00E943935F801F6CF81E40E940734882319F00E941A3303C081E40E943B
:204C40005C33882361F0EAE8F5E084918F010F5F1F4F882321F00E943935F801F6CF009186
:204C6000021510910315D8018D918D01882309F484CD0E943935F7CFE6EAF5E084918F01C6
:204C80000F5F1F4F882321F00E943935F801F6CFEEE9F5E084918F010F5F1F4F882321F0C5
:204CA0000E943935F801F6CF029B03C001EF12E002C006EF12E0F80181918F01882319F0EC
:204CC0000E943935F8CF8AE00E943935E6E9F5E084918F010F5F1F4F882321F00E94393592
:204CE000F801F6CF069B03C001EF12E002C006EF12E0D8018D918D01882319F00E943935BE
:204D0000F8CF8AE00E943935EEE8F5E084918F010F5F1F4F882321F00E943935F801F6CF9C
:204D2000379B03C001EF12E002C006EF12E0F80181918F01882309F420CD0E943935F7CF4D
:204D400081E08093060980930509BBC483E50E940734882319F00E94F93202C060E070E018
:204D60008B01112702301105CCF0EEE5F6E184918F010F5F1F4F882321F00E943935F8017B
:204D8000F6CFE0ECF5E084918F010F5F1F4F882309F497C40E943935F801F5CF88E40E944E
:204DA00007348823A9F00E94F9326A3A71053CF06530F1E07F072CF064E071E002C06AEAAE
:204DC00070E0F801EE0FFF1FED54F74F7183608386E40E9407348823A9F00E94F932F801C0
:204DE000EE0FFF1FE954F74F718360836F3F710519F014F06FEF70E077FF02C060E070E097
:204E00007183608382E40E940734882309F459C40E94F9326530710534F0683871052CF085
:204E200067E870E002C065E070E0000F111FF801E155F74F7183608344C488EC90E00E9463
:204E4000A63981113EC484E40E945C338823C1F10E94293311E020E030E0A9010E94BAECF8
:204E6000811101C010E01093F10B112349F10E942933E091DF1324E0E29FF0011124E351A2
:204E8000F44F608371838283938320E030E0A9016091ED0B7091EE0B8091EF0B9091F00B19
:204EA0000E94BAEC81110CC080E090E0A0EEBFE38093ED0B9093EE0BA093EF0BB093F00BBA
:204EC0000E94B39EFEC336E1E32E34E1F32E09E712E044E0D42ED00ED8018D918D010E94B3
:204EE0005C33882349F00E9429330E941AF2F7016083718382839383F4E0EF0EF11CD012E9
:204F0000EBCF0E941DABDDC30E94E733DAC30E948B33D7C383E50E940734882309F4D1C3F9
:204F20000E94F9327093150260931402CAC30E94E239C7C38AE50E9407348111E2C783E5BE
:204F40000E9407348111DDC7BCC30E944035B9C30E94CDCAB6C30E94A5C5B3C30E94B0D2D4
:204F6000B0C31092EC0BADC30E94624DAAC30E946552A7C383E50E945C33882321F00E943D
:204F80001A3391E089270E941A9A9BC380E090E0A0E4B0E489839A83AB83BC838D839E8340
:204FA000AF83B88780E090E0A0E2B1E489879A87AB87BC8785E40E945C33882319F00E9403
:204FC000293304C060E070E080E090EC27966CAF7DAF8EAF9FAF27978AE50E940734882301
:204FE00079F08AE50E940734882319F00E94293303C060E070E0CB0169877A878B879C8705
:2050000088E50E940734882379F088E50E940734882319F00E94293303C060E070E0CB0117
:2050200069837A838B839C8389E50E940734882379F089E50E940734882319F00E942933FE
:2050400003C060E070E0CB016D837E838F83988785E50E945C33882319F00E94293304C0FE
:2050600060E070E088EC93EC23966CAF7DAF8EAF9FAF23978CE40E945C33882319F00E9471
:20508000293304C060E070E088EC93E46BAF7CAF8DAF9EAF82E40E940734882321F00E9406
:2050A000F932162F01C015E0E0902509F09026098091B4138111E5C18091510883FD37C08C
:2050C00020E030E0A90123966CAD7DAD8EAD9FAD23970E94BAEC882351F18091810E811172
:2050E00024C02091D8143091D914809164029091650228173907CCF4EEE5F6E184918F01F4
:205100000F5F1F4F882321F00E943935F801F6CFE2EEF5E084918F010F5F1F4F882309F45B
:20512000B0C10E943935F801F5CF0E94DBDA81E08093B41390913509992321F01092350993
:205140008093A5030E9470D780E090E00E940F690E94B0D280E1E8E0FCE0A6EAB3E00190E4
:205160000D928A95E1F720E030E0A90127966CAD7DAD8EAD9FAD27970E94BAEC882329F08E
:205180000E9440B1882309F4F5C682E088A3BE016F5F7F4FCE0180960E94DF9820E030E023
:2051A000A90123966CAD7DAD8EAD9FAD23970E94BAEC882379F081E090E00E940F6980E061
:2051C0000E94BFB140E050E060E271E4CE01CF960E9433DB82E090E00E940F6961E0812F15
:2051E0007CD780E00E94BFB10E941DD964E670E080E090E00E94D6890E940ABBDC01CB01D7
:2052000088539045AF4FBF4F8093651490936614A0936714B093681410925F0883E090E060
:205220009093AE138093AD1381E08093740E01E08091740E882309F440C060E0812F4DD791
:2052400080915F088823A9F188E090E00E940F698091740E882321F081E00E94BFB1F8CF16
:205260001092651410926614109267141092681410925F080E948FCE0E94DBDA82E090E08B
:205280000E940F690E940ABBDC01CB0188539045AF4FBF4F8093651490936614A093671451
:2052A000B093681410925F080093740E61E0812F14D781E00E94BFB1BBCF81E090E0909344
:2052C000AE138093AD138091B413882309F4D9C000915F08109265141092661410926714D5
:2052E0001092681410925F0880E00E948FCE01110E94DBDA61E0812FF0D60E941A3520E017
:2053000030E0A9016BAD7CAD8DAD9EAD0E94BAEC882371F1002321F082E090E00E940F6998
:2053200083E090E09093AE138093AD1381E08093740E8091740E882349F0002339F060E0EA
:20534000812FCBD681E00E94BFB1F3CF81E090E09093AE138093AD1383E090E00E940F6952
:2053600040E050E060EC70E4CE01CB960E9433DB0E9440B1811139C080E090E0A8E4B2E44D
:2053800088A399A3AAA3BBA323E0C22ED12C01E010E04C015D0184E090E00E940F6940E081
:2053A00050E060E470E4CE0180960E9433DBD092AE13C092AD131092740E85E090E00E94C0
:2053C0000F698091940890919508009721F481E00E94BFB1F6CF1093AE130093AD1388A225
:2053E00099A2AAA2BBA20197B1F286E090E00E940F698091B2039091B303A091B403B091D8
:20540000B5038093140C9093150CA093160CB093170C8093CB139093CC13A093CD13B09359
:20542000CE130E941D8580E090E0A8ECB2E488A399A3AAA3BBA39E01205E3F4F40E15CE033
:205440006AEA73E086EA93E0BED680E090E0A0EAB0E488A399A3AAA3BBA3BE01605E7F4FE3
:205460008EEA93E094D787E090E00E940F698091A503882321F00E94A5761092A5031092C7
:20548000B413EA94EF2809F01CC10E94DD8419C180E50E940734882331F00E9409338093FE
:2054A0002A0411E001C010E083E50E940734882329F00E941A3380932B0401C011110E945D
:2054C00035C5EBE6F3E184918F010F5F1F4F882321F00E943935F801F6CF80912B04811150
:2054E0000BC00BE013E0D8018D918D01882309F444C90E943935F7CF60912A0470E08BE019
:2055000096E00E947C968AE00E943935DAC081E0809374021092280C83E50E94073488239D
:2055200019F00E941A3303C083E50E945C338111C8C00E943ED9C5C086E50E945C33882378
:2055400051F00E942933609304027093050280930602909307021CAE1BAE82E793E099A317
:2055600088A39E01255C3F4F44E050E064E072E0CE0180960E94DF3B8BAD9CAD9A8389831D
:20558000E8A0F9A080E793E099A388A39E01255C3F4F42E050E0BE016F5F7F4FCE01809669
:2055A0000E94DF3BEBE6F3E184918F010F5F1F4F882321F00E943935F801F6CFB701605710
:2055C000734087E396E00E947C9649815A8160E070E08BE196E00E942596E8E1F6E084915C
:2055E0008F010F5F1F4F882321F00E943935F801F6CFE9E4F6E084918F010F5F1F4F8823E6
:2056000009F45FC00E943935F801F5CFF0900415FF2021F1EBE6F3E184918F010F5F1F4FB1
:20562000882321F00E943935F801F6CF84E50E9439356F2D70E080E090E04AE00E94403966
:2056400080E20E9439350BE113E0F80181918F01882309F492C80E943935F7CF1092560886
:20566000EBE6F3E184918F010F5F1F4F882321F00E943935F801F6CF6091560870E084E572
:2056800096E00E947C968AE00E9439351AC0EBE6F3E184918F010F5F1F4F882321F00E9408
:2056A0003935F801F6CF6091B5137091B61386E696E00E94F5AA82E20E9439358AE00E9498
:2056C00039351092AE131092AD130E941FD95CC40E949C3480917502882321F08FEB93E139
:2056E0000E9403B00E942E358091510883FD86C0C090CB13D090CC13E090CD13F090CE1302
:205700002091140C3091150C4091160C5091170CC701B6010E94BAEC882309F46FC00E949F
:2057200040B1882301F1C092140CD092150CE092160CF092170CEBE6F3E184918F010F5FF5
:205740001F4F882321F00E943935F801F6CFECE0F2E084918F010F5F1F4F882321F00E94D4
:205760003935F801F6CFC090CB13D090CC13E090CD13F090CE132091140C3091150C40915B
:20578000160C5091170CC701B6010E94D0F09F77E091560824E0E29FF0011124E25FFD4FE5
:2057A00020813181428153810E941FED20E030E048EC53E40E94F7F2181604F5C092140CB2
:2057C000D092150CE092160CF092170CEBE6F3E184918F010F5F1F4F882321F00E9439351B
:2057E000F801F6CFEDEEF1E084918F010F5F1F4F882321F00E943935F801F6CF609114022D
:2058000070911502072E000C880B990B0E94C0EC2091000230910102409102025091030278
:205820000E941FED2AE037ED43E25CE30E941FEDB5D50E94243545CF80E090E0A0E4B0E4F9
:2058400089839A83AB83BC838D839E83AF83B88780E090E0A0E2B1E489879A87AB87BC8783
:2058600080E5D5D7882351F0C4D668A3BE016F5F7F4FCE0180960E94DF9823CF60E0F5CF37
:20588000B8D6AB01BC014093660950936709609368097093690982E39BE00E94E03E11CF23
:2058A00061E0802F0E94CFB96E2D802F0E948DB9F12CB701802F0E940BBA0930110509F069
:2058C00000CFF092DB14E092DA14FBCEC2D60E9415F27093D9146093D81480E00E948FCEF0
:2058E000B8D620E030E04AEA52E40E94BAEC181644F00E94857560E087ED93E00E94C38A44
:2059000002C00E94DD846091D8147091D914072E000C880B990B0E94C0EC20917D0E309134
:205920007E0E40917F0E5091800E0E94F7F21816B4F480E093E09F938F938091DF1390E013
:2059400001969F938F9380ED93E09F938F931F920E94C5840FB6F894DEBF0FBECDBF0E94A3
:2059600037E581E0809316022F961CAE1DAE1EAE1FAE2F9763961CAE1DAE1EAE1FAE6397A5
:2059800028961FAE289764961FAE64979CE36C969FAF6C97ACE1A096AFAFA097B6E4A496FD
:2059A000BFAFA497C12CD12C20E8E22E3FEBF32E812C912C54016091D8147091D914072E32
:2059C000000C880B990B0E94C0EC162F072F782E692E262F372F482F592FB601C7010E94A3
:2059E000BAEC882331F120917D0E30917E0E40917F0E5091800E612F702F872D962D0E9496
:205A0000BAEC881F8827881F28968FAF28976896EFAD6897EE2389F0882379F080911602C8
:205A2000882309F44ECE60E08EEB93E00E94C38A48CE1C2D0D2D7E2C6F2C0E940ABB6B01D6
:205A40007C01DC01CB0163962CAD3DAD4EAD5FAD6397821B930BA40BB50BB7FD3AC0D70133
:205A6000C60188519C4FAF4FBF4F63968CAF9DAFAEAFBFAF63970E9463B6ECECF3E08491CF
:205A80002F019FEF491A590A882319F0F2D7F201F6CF81149104A104B104B9F0D501C40185
:205AA000805F984DAF4FBF4FBC01CD016C197D098E099F0928EE33E040E050E00E9495F0A1
:205AC000CA01B9010E94293A02C08FE3D2D78AE0D0D780E00E94BFB1C1D720907D0E309049
:205AE0007E0E40907F0E5090800E9101A201612F702F872D962D0E94D0F09F7781149104D2
:205B0000A104B10449F420E030E040E85FE30E94BAEC87FF0BC008C020E030E040E450E4AB
:205B20000E94F7F2181614F4460157012896AFAD2897AA2309F443C02F962CAD3DAD4EADDC
:205B40005FAD2F97211531054105510541F0D701C601821B930BA40BB50BB7FD30C09101BB
:205B6000A20164966FAD64976C967FAD6C97A0968FADA097A4969FADA4970E94D0F020E074
:205B800030E040EC5FE30E94BAEC87FD47CFD701C601805A9541AF4FBF4F2F968CAF9DAFFE
:205BA000AEAFBFAF2F9764962FAE64976C963FAE6C97A0964FAEA097A4965FAEA497809193
:205BC0001602882309F42ACF81149104A104B10429F4C12ED02EE72CF62CEDCE90E1C91A3A
:205BE00097E2D90AE108F108C818D908EA08FB08F7FE14CFEECF2DD50E9415F2673971055B
:205C000014F066E970E07093D7146093D6140E9444CE1FD520E030E040EA50E40E94F7F275
:205C2000181614F40E94DD8481E080931602809156088093DF132F961CAE1DAE1EAE1FAE38
:205C40002F9763961CAE1DAE1EAE1FAE639728961FAE289764961FAE6497ACE36C96AFAF62
:205C60006C97BCE1A096BFAFA097E6E4A496EFAFA497C12CD12C80E8E82E9FEBF92E812C06
:205C8000912C54016091D6147091D714072E000C880B990B0E94C0EC162F072F782E692EAD
:205CA000262F372F482F592FB601C7010E94BAEC882331F120916008309161084091620818
:205CC00050916308612F702F872D962D0E94BAEC881F8827881F28968FAF28976896FFAD28
:205CE0006897FF2389F0882379F080911602882309F4E7CC60E086EE93E00E94C38AE1CCAF
:205D00001C2D0D2D7E2C6F2C0E940ABB6B017C01DC01CB0163962CAD3DAD4EAD5FAD639705
:205D2000821B930BA40BB50BB7FD3AC0D701C60188519C4FAF4FBF4F63968CAF9DAFAEAFBF
:205D4000BFAF63970E9463B6E0EFF3E084912F019FEF491A590A882319F08BD6F201F6CF18
:205D600081149104A104B104B9F0D501C401805F984DAF4FBF4FBC01CD016C197D098E095E
:205D80009F0928EE33E040E050E00E9495F0CA01B9010E94293A02C08FE36BD68AE069D613
:205DA00080E00E94BFB15AD6209060083090610840906208509063089101A201612F702F17
:205DC000872D962D0E94D0F09F7781149104A104B10449F420E030E040E85FE30E94BAEC51
:205DE00087FF0BC008C020E030E040E450E40E94F7F2181614F4460157012896AFAD2897E9
:205E0000AA2309F443C02F962CAD3DAD4EAD5FAD2F97211531054105510541F0D701C60188
:205E2000821B930BA40BB50BB7FD30C09101A20164966FAD64976C967FAD6C97A0968FAD2B
:205E4000A097A4969FADA4970E94D0F020E030E040EC5FE30E94BAEC87FD47CFD701C601E9
:205E6000805A9541AF4FBF4F2F968CAF9DAFAEAFBFAF2F9764962FAE64976C963FAE6C97C5
:205E8000A0964FAEA097A4965FAEA49780911602882309F42ACF81149104A104B10429F4AB
:205EA000C12ED02EE72CF62CEDCE90E1C91A97E2D90AE108F108C818D908EA08FB08F7FEC8
:205EC00014CFEECF0E94B0D288E5F6D3882319F0429A1092560489E5EFD3882319F0179AA7
:205EE000109257048AE5E8D3882319F0159A1092580485E4E1D3882309F4E3CB0E941DD90F
:205F0000E0CBA7D320E030E040E050EC0E94BAEC87FD10C09ED320E030E040E050E40E94DD
:205F2000F7F2181614F095D309C060E070E080E090E404C060E070E080E090EC2091200CA4
:205F40003091210C4091220C5091230CE0915804EE2309F4B6CB00916A0810916B080E942F
:205F60001FED0E9415F2600F711F70936B0860936A08A7CB40E050E060E772E4CE018D5B7C
:205F80009F4F0E9433DB01C9C258DF4F0FB6F894DEBF0FBECDBFDF91CF911F910F91FF905B
:205FA000EF90DF90CF90BF90AF909F908F907F906F905F904F903F902F9008959091650823
:205FC000E92FF0E0E45DFB4F80839F5F9A3018F49093650802C01092650880911A088F5FF5
:205FE00080931A0808958FB7F8949091881520918715291759F0E92FF0E0E95FFA4E208150
:2060000030E09F5F9F779093881502C02FEF3FEF8FBFC90108950F931F93CF93DF93EC01C4
:206020000E940ABB0E811F8128853985011511052105310559F52C852223A9F13A852150C9
:206040002C8721E0230F2A874D85241301C01A86FE0124E0329FE00DF11D11240685178514
:20606000208931890A831B832C833D83DC01CB01800F911FA11DB11D8E839F83A887B9870D
:206080008C819D81892B79F05B9A0DC0DC01CB01801B910BA20BB30BB7FD05C05B981E829F
:2060A0001F8218861986DF91CF911F910F910895EF920F931F93E090560800E012E024E1CB
:2060C0003CE040E15CE06CE07CE088E09CE00E9474AC1F910F91EF900895CF92DF92EF923A
:2060E000FF920F931F93CF93DF9300D01F92CDB7DEB7182F662351F01092230410921F04AE
:206100001092200410922104109222040E940ABBC0901F04D0902004E0902104F090220491
:206120009B01AC012C193D094E095F0957FD3EC017FD16C040912304212F012E000C330BCF
:206140002C5F3F4FE42F042E000CFF0B2E173F076CF141172CF000E911E020E030E004C0C1
:2061600004EC19E020E030E0DC01CB01800F911FA21FB31F80931F0490932004A0932104D6
:20618000B093220480ED97E09C838B838CE291E09A838983BE016D5F7F4FCE0101960E941C
:2061A0009184809123048F5F809323040F900F900F900F90DF91CF911F910F91FF90EF90C0
:2061C000DF90CF9008952F923F924F925F926F927F928F929F92AF92BF92CF92DF92EF92A7
:2061E000FF920F931F93CF93DF9300D01F92CDB7DEB71C017A8369835C834B8389018090FF
:20620000000290900102A0900202B0900302F901C080D180E280F38020E030E0A901C701FE
:20622000B6010E94BAEC811106C0E4E5F2E2C590D590E590F490EB81FC81208131814281B8
:2062400053816091100C7091110C8091120C9091130C0E94BAEC87FF17C0C0920002D09275
:206260000102E0920202F0920302EB81FC8180819181A281B3818093100C9093110CA09329
:20628000120CB093130C14DFF801408051806280738020E030E0A901C301B2010E94BAECB3
:2062A000811107C085E5482E542C85E0682E83E4782E40920002509201026092020270926C
:2062C0000302F10180819181A281B3818093080C9093090CA0930A0CB0930B0CE981FA8176
:2062E00080819181A281B38180930C0C90930D0CA0930E0CB0930F0CDBDEEB81FC812081DF
:206300003181428153816091100C7091110C8091120C9091130C0E94F7F21816BCF4C092DF
:206320000002D0920102E0920202F0920302EB81FC8180819181A281B3818093100C909354
:20634000110CA093120CB093130CB2DE0E94B0D28092000290920102A0920202B092030203
:206360000F900F900F900F90DF91CF911F910F91FF90EF90DF90CF90BF90AF909F908F90C9
:206380007F906F905F904F903F902F9008959B01AC016CE07CE088E09CE015CFEF920F931A
:2063A0001F93CF93DF9300D01F92CDB7DEB769837A838B839C83E09056088E010F5F1F4F6E
:2063C0002BEC33E147EC53E163EC73E18FEB93E10E9474AC0F900F900F900F90DF91CF918C
:2063E0001F910F91EF900895809A88980895CF93FC0180818B33A1F080911A088A3080F44A
:20640000C62FBF018091650820E6829FC0011124875A9B4F0E943AF48C2FD0DD81E001C007
:2064200080E0CF910895DF92EF92FF920F931F93CF93DF93CDB7DEB76E970FB6F894DEBF48
:206440000FBECDBF60913A0E70913B0E6115710549F14DE150E0CE0101967C010E942AEC41
:206460001E8EF7018F010E191F09D190DD2019F09AE0D912F7CFF701E00FF11F1082C701B6
:206480000E94EC70882371F0DD20A9F00F5F1F4F80913A0E90913B0E080F191F10933B0E82
:2064A00000933A0E81E020913A0E30913B0E232B29F480E003C000E010E0F0CF6E960FB6B7
:2064C000F894DEBF0FBECDBFDF91CF911F910F91FF90EF90DF90089524E13CE040E15CE082
:2064E0006CE07CE088E09CE00C9487AB8F929F92BF92CF92DF92EF92FF920F931F93CF9301
:20650000DF93CDB7DEB728970FB6F894DEBF0FBECDBFB02EC12ED22EF32E8C01000F111F30
:20652000000F111FC801885F934F4C01FC0110821182128213824D835E836F837887CCDFA5
:206540004D815E816F817885F4014083518362837383E090560820E030E0A9016B2D7C2D71
:206560008D2D9F2D0E94BAEC811108C0F801E45BFD4D85919591A591B49104C08B2D9C2D75
:20658000AD2DBF2D89839A83AB83BC838E010F5F1F4F24E13CE040E15CE06CE07CE088E0A6
:2065A0009CE00E9474AC0E94B0D21092520428960FB6F894DEBF0FBECDBFDF91CF911F91FC
:2065C0000F91FF90EF90DF90CF90BF909F908F9008958091B6039091B703009731F04AE07E
:2065E00050E060E070E00C94D6EA60E070E0CB0108958091B6039091B703009731F04AE0FB
:2066000050E060E070E00C94AEE960E070E0CB010895EFDF97FD0AC0ECDF6F3F71058105E9
:20662000910509F02CF4E5DF862F089580E008958FEF08958091B6039091B703892B31F003
:20664000E8DF91E0811103C090E001C091E0892F08950F931F93CF938091B6039091B7035B
:206660000097F1F0FC018F01C1912C2F2F7D89F0C53411F0C536B9F7F801108260E070E083
:206680000E9448E8F801C083562F472F382F292F0BC060E070E0CF911F910F910C9448E857
:2066A00050E040E030E020E0652F742F832F922FCF911F910F91089581548A3150F5482F37
:2066C00050E0FA0193E0F595E7959A95E1F7E250FB4E208130E08770B90102C0759567956A
:2066E0008A95E2F760FF15C0FA01EC51FB4E2081222339F08091B5139091B613820F911DDC
:2067000002C080E090E09093B7038093B60381E0089580E0089583E5CFDF882349F099DFD1
:206720006093021470930314809304149093051484E5C2DF882349F08CDF6093FE1370936F
:20674000FF13809300149093011482E4B5DF882349F03FDF609390137093911380939213D7
:206760009093931388E5A8DF882349F072DF6093321470933314809334149093351489E56F
:206780009BDF882349F065DF609336147093371480933814909339148AE58EDF882349F03D
:2067A00058DF60933A1470933B1480933C1490933D1485E481DF882349F04BDF60933E141C
:2067C00070933F1480934014909341140895FF920F931F93CF93DF9306E014E1C9E7D2E0F1
:2067E000FC2E84E0F80E899167DF882331F031DFF80160837183828393830C5F1F4FFC12F7
:20680000F2CFDF91CF911F910F91FF90089554DF882341F081E02091B6033091B703232BC8
:2068200009F480E00895CF93DF9300D01F92CDB7DEB783E5ECDF882311F0DBDE02C064E052
:2068400071E07C836B8380E5E2DF882331F0D1DE693883E1780730F402C068EE73E07A8349
:20686000698304C088E893E19A838983BE016D5F7F4FCE0101960E9491840F900F900F9008
:206880000F90DF91CF910895CF92DF92EF92FF921F93CF93DF9380E50FDF882309F444C083
:2068A000A8DE6B017C0183E5B2DF882319F0A1DEEB0102C0CFEFDFEFCE0101960397A0F56E
:2068C000D7FC32C09C2DE9E4F3E088E28E0F2491921751F131968E13FACF0E94B0D21C2D45
:2068E00060E08C2D0E94CFB9CF3F8FEFD80759F48C2D0E9465B931E020E0892B09F030E076
:20690000C32FD22F04C0219761F0C0E0D0E0812F0E9465B98C179D0739F080E00E94BFB115
:20692000F6CFC1E0D0E0F3CFDF91CF911F91FF90EF90DF90CF900895BF92CF92DF92EF92E2
:20694000FF920F931F93CF93DF938FEBE82E83E1F82E08E01CE09AE9C92E93E0D92EC9E7DC
:20696000D2E0BC2E84E0B80E8991A6DE8823D1F070DEF6012081211104C020919E032223D4
:2069800031F0F801208131814281538103C020E030E0A9010E94D1F0F7016083718382833F
:2069A00093830AC0F80180819181A281B381F70180839183A283B383F4E0EF0EF11C0C5FE1
:2069C0001F4F8FEFC81AD80ABC12CECF86E41FDF8823B9F03EDE20E030E0A9010E94F7F27F
:2069E00018167CF436DE20E030E040E752E40E94ADF1609300027093010280930202909303
:206A00000302DF91CF911F910F91FF90EF90DF90CF90BF900895FC01238121110C949EADCB
:206A20000895209103099091040981E0291301C080E0089580E1E8E0FCE0AFEBB3E10190AF
:206A40000D928A95E1F7089580E1EFEBF3E1A8E0BCE001900D928A95E1F708950E940ABBA5
:206A60006093B7137093B8138093B9139093BA1308959091C00095FFFCCF8093C600089569
:206A8000CF93DF9385E4C3DE81110EC080E514DE882381F0DEDD6093A2087093A30880932C
:206AA000A4089093A50806C0B4DD882379F3EEE5F6E167C089E400DE882379F0CADD2CEAFF
:206AC00035EC47E25EE30E941FED6093AA087093AB088093AC089093AD0884E4EDDD8823A6
:206AE00079F0B7DD2CEA35EC47E25EE30E94ADF16093A6087093A7088093A8089093A908CE
:206B0000EBE6F3E18491EF012196882319F0B1DFFE01F8CF4091A2085091A3086091A40866
:206B20007091A5088FEA98E00E945F962CEA35EC47E25EE36091AA087091AB088091AC0862
:206B40009091AD080E94ADF1AB01BC018BEA98E00E9442962CEA35EC47E25EE36091A6080F
:206B60007091A7088091A8089091A9080E941FEDAB01BC0187EA98E00E9442960EC079DF32
:206B8000FE018491EF0121968111F9CFCBE1D3E08991882311F06DDFFBCF8AE0DF91CF916B
:206BA00068CFCF93DF93EBE6F3E18491EF012196882319F05EDFFE01F8CF83E57DDD882345
:206BC00019F038DD80937502E7E9F8E08491EF012196882319F04DDFFE01F8CF809175027B
:206BE000811103C0E3E9F8E002C0EFE8F8E08491EF012196882319F03CDFFE01F8CFE7E80B
:206C0000F8E08491EF012196882319F032DFFE01F8CF40E050E0BA0185E898E00E945F96CE
:206C200040E050E0BA0182E898E00E945F9640E050E0BA018FE798E00E945F96E7E7F8E09A
:206C40008491EF012196882319F013DFFE01F8CF40E050E066E673E485E798E00E945F969E
:206C600040E050E06CE573E482E798E00E945F9640E050E062E873E48FE698E00E945F962F
:206C80008AE0DF91CF91F5CE83E516DD8823C9F0E0DCAB01BC0140932E1450932F146093E5
:206CA0003014709331144093261450932714609328147093291487E498E00E945F968AE0CA
:206CC000D8DE80E5F9DC882389F0C3DCAB01BC0140932E1450932F146093301470933114DE
:206CE0008AE298E00E945F968AE0C3DE82E5E4DC882389F0AEDCAB01BC0140932A145093DC
:206D00002B1460932C1470932D148BE098E00E945F968AE0AEDE84E5CFDC882389F099DCA0
:206D2000AB01BC01409326145093271460932814709329148DEE97E00E945F968AE099CEF6
:206D400008952F923F924F925F927F928F929F92AF92BF92CF92DF92EF92FF920F931F9305
:206D6000CF93DF931F92CDB7DEB75DDB811175C280911A088A3020F436D9AC0197FF4DC113
:206D800080913509882309F468C280911A08811102C010921E04EE24E394409166095091DD
:206DA000670960916809709169098091620990916309A0916409B0916509481759076A0708
:206DC0007B0708F4E12C00E010E09924939480E6882E98E8C92E97E0D92E24E8A22E27E080
:206DE000B22E3DE8732E80911A088A3008F035C2E11033C280911E0481112FC280913A0B1F
:206E000090913B0BA0913C0BB0913D0B8093660990936709A0936809B093690941E050E04B
:206E2000BE016F5F7F4F82E39BE00E940641019719F4898190E002C08FEF9FEFF82EEE2409
:206E4000E394209066093090670940906809509069094091620950916309609164097091F1
:206E600065092416350646065706C8F4E12C8F3FFFEF9F0709F480C02AE0821709F49FC01F
:206E80008DE0F81609F49BC093E2F91619F0EAE3FE12A9C080911D048111A5C085C00E943C
:206EA000B0D282E39BE00E949EADD0923B0EC0923A0EB9DA80914D0B882331F18150809391
:206EC0004D0B789EC001112441E061E08E5A944F0E94BF7FE0914D0B24E0E29FF0011124CD
:206EE000E25BF44F40815181628173814093660950936709609368097093690982E39BE05A
:206F00005FD70E94A57618C01092350981E090E090935814809357140E9485750E946F76C5
:206F20006D3371058105910528F0B0923B0EA0923A0E79DA0E94407480913509811138C080
:206F4000EEE9F7E084912F019FEF491A590A882319F08FDDF201F6CF1092E30B8091360932
:206F6000882319F00E9456821FC00E940983809136098111F7CF18C0EEE5F6E184912F0167
:206F80002FEF421A520A882319F073DDF201F6CFEFE8F7E084912F019FEF491A590A88236D
:206FA00019F067DDF201F6CFE3E2FE1208C005C023E2F2124DC100E010E090921E0410929D
:206FC0001D040115110509F40ECF80916508889E000D111D1124F801E75AFB4F108280E000
:206FE0000E94DE2F37C10F35110508F0FCCEFBE3FF1202C090921D0480911D048111F3CE55
:2070000080916508F801889EE00DF11D1124E75AFB4FF0820F5F1F4FE6CE982F2091290C69
:2070200030912A0C8A3019F09D3009F0DFC010921C042115310509F49BCEF901E454FC4F20
:20704000108210922A0C1092290C2CEB33E08901F90180812F5F3F4F8032C9F368018E348B
:2070600009F07BC00115110509F477C06FE777E0C8010E9439ECFF24F394892B11F4F12CBF
:2070800009C06EE470E0C80104960E9426F4009709F08C014AE050E060E070E0C8010196FF
:2070A0000E94AEE96093B8037093B9038093BA039093BB0300912B0C10912C0C20912D0CEE
:2070C00030912E0C0F5F1F4F2F4F3F4F601771078207930729F0F11003C089E796E027C011
:2070E0006AE270E0C6010E945EF49C01009711F1982F9C1910E0992339F09150F601E90FE2
:20710000F11D80811827F7CF4AE050E060E070E0C90101960E94AEE9012F10E020E030E0A7
:20712000601771078207930741F080E697E00E94528426CE86E397E0FACF8091B80390912D
:20714000B903A091BA03B091BB0380932B0C90932C0CA0932D0CB0932E0C809174028111DF
:2071600021C067E470E0C6010E9426F40097D1F04AE050E060E070E001960E94AEE964306A
:20718000710580F4EFEBF6E084918F010F5F1F4F882319F06EDCF801F7CF60E085EB96E0F1
:2071A0000E94C38A6CE273E0C6010E9431F4892B21F4109216021092740E61E373E0C601AC
:2071C0000E9431F4892B21F48CEA96E00E9472B166E373E0C6010E9431F4892B11F40E94E9
:2071E00046C561E08CEB93E002D9C2CD2F3531050CF0BECD9C35C1F40E94F32F97FDB8CD6B
:2072000020911C042111B4CD2091290C30912A0CA9014F5F5F4F50932A0C4093290CF901EC
:20722000E454FC4F8083A4CD9B3319F481E080931C0480911C0481119BCDC9010196909339
:207240002A0C8093290CF901E454FC4F408390CD10921D0400E010E0C6CD0F90DF91CF917E
:207260001F910F91FF90EF90DF90CF90BF90AF909F908F907F905F904F903F902F900895FE
:207280008F929F92AF92BF92EF92FF921F93CF93DF93CDB7DEB7A0970FB6F894DEBF0FBE67
:2072A000CDBF611571058105910579F110E0842E912CA12CB12CEE24E394F12CEC0EFD1E0C
:2072C000E10EF11C17FDFA94A50194010E9495F0F7016083B901CA011F5F6115710581055E
:2072E000910549F7115010F1E1E0F0E0EC0FFD1FE10FF11D17FDFA9580818A3010F097E3D8
:2073000001C090E3890FB5DBEDCF80E3A0960FB6F894DEBF0FBECDBFDF91CF911F91FF9066
:20732000EF90BF90AF909F908F90A3CBA0960FB6F894DEBF0FBECDBFDF91CF911F91FF90F8
:20734000EF90BF90AF909F908F900895EF92FF920F931F93CF93DF937C0184E558DAD82FDC
:20736000882321F156D9C82F1816E4F4EBE6F3E184918F010F5F1F4F882319F07ADBF801FC
:20738000F7CF8DE476DBB70180E090E04AE078DF6C2FCC0F770B82EB97E00E947C968AE062
:2073A00068DB08C08093DF13D0E004C0809156088093DF138D2FDF91CF911F910F91FF906A
:2073C000EF9008950F931F93CF93DF938DED90E0BDDF811139C083E51ADA8823A9F1C09166
:2073E000DF13D0E006D9CC0FDD1FCE5EDD4F798368838091DF1390E0EC01CC0FDD1FCC0FE4
:20740000DD1F8E01025F1D4F880F991FFC01EE5EFD4F60817181072E000C880B990B0E9443
:20742000C0EC2AE037ED43E25CE30E941FEDCE5AD74F288139814A815B810E941FEDF80161
:207440006083718382839383DF91CF911F910F910895CF92DF92EF92FF926B017C0197FF1A
:207460000AC08DE206DBF094E094D094C094C11CD11CE11CF11C4AE0C701B601FF90EF90B7
:20748000DF90CF90FDCEEF92FF920F931F93CF93DF931F92CDB7DEB7082F162FE8EEF7E026
:2074A00084917F012FEFE21AF20A882329F09983E0DAF7019981F4CFE02FF92F84917F01E6
:2074C0009FEFE91AF90A882319F0D3DAF701F6CFE6EEF7E084917F012FEFE21AF20A8823F9
:2074E00019F0C7DAF701F6CF612F70E080E090E0B0DF8AE00F90DF91CF911F910F91FF902E
:20750000EF90B7CA8F929F92AF92BF92CF92DF92EF92FF92CF936B017C01B42E20E030E066
:20752000A9010E94BAEC87FF06C08DE2A2DAF7FAF094F7F8F094C0E060E070E080E09FE328
:20754000CB1541F02DEC3CEC4CEC5DE30E941FEDCF5FF6CF9B01AC01C701B6010E94D1F095
:207560006B017C010E941AF24B015C014AE088DECC2379F1C501B4010E94BEEC9B01AC01D2
:20758000C701B6010E94D0F06B017C018EE271DA20E030E040E251E4C701B6010E941FEDD2
:2075A0004B015C010E9415F26B01770FEE08FF08C701B6014EDFC701B6010E94C0EC9B0175
:2075C000AC01C501B4010E94D0F06B017C01C150F9F6CF91FF90EF90DF90CF90BF90AF906E
:2075E0009F908F9008954F925F926F927F928F929F92AF92BF92CF92DF92EF92FF92CF9392
:20760000DF93E3EEF7E08491EF012196882319F030DAFE01F8CF20E030E0A9016091080C51
:207620007091090C80910A0C90910B0C0E94D1F042E068DFEFEDF7E08491EF0121968823EF
:2076400019F017DAFE01F8CF20E030E0A90160910C0C70910D0C80910E0C90910F0C0E9484
:20766000D1F042E04FDFEBEDF7E08491EF012196882319F0FED9FE01F8CF20E030E0A90183
:207680006091100C7091110C8091120C9091130C0E94D1F042E036DFE7EDF7E08491EF0106
:2076A0002196882319F0E5D9FE01F8CF6091140C7091150C8091160C9091170C42E022DF0E
:2076C0008FB7F8944090F80B5090F90B6090FA0B7090FB0B8090FC0B9090FD0BA090FE0BAE
:2076E000B090FF0BC090000CD090010CE090020CF090030C8FBFEDECF7E08491EF012196B0
:20770000882319F0B6D9FE01F8CFC301B201A1DEE9ECF7E08491EF012196882319F0A9D9CC
:20772000FE01F8CFC501B40194DEE5ECF7E08491EF012196882319F09CD9FE01F8CFC7017B
:20774000B60187DE8AE0DF91CF91FF90EF90DF90CF90BF90AF909F908F907F906F905F901E
:207760004F9087C91F920F920FB60F9211240BB60F922F938F939F93EF93FF93E091871554
:2077800081E08E0F8F779091C60020918815821731F0F0E0E95FFA4E908380938715FF9144
:2077A000EF919F918F912F910F900BBE0F900FBE0F901F901895089580E090E008958F923F
:2077C0009F92AF92BF92CF92DF92EF92FF920F931F93CF93DF931F921F92CDB7DEB7E091EE
:2077E0005D08E11148C059016C018B017B01E40EF51E0E151F0509F43EC0F601808091800C
:20780000F80161918F016983C4016A830E9470F06A81681719F1C4010E9478F0C4010E94A3
:2078200070F099818917D1F0EBE6F3E184918F010F5F1F4F882319F01CD9F801F7CFEEE60B
:20784000FBE084918F010F5F1F4F882319F011D9F801F7CF81E080935D080DC0BE016F5F3C
:207860007F4FC5010E94D1D7F60180819181019691838083BECF0F900F90DF91CF911F9127
:207880000F91FF90EF90DF90CF90BF90AF909F908F900895CF93DF93CDB7DEB72C970FB67E
:2078A000F894DEBF0FBECDBF8091080C9091090CA0910A0CB0910B0C89839A83AB83BC83B6
:2078C00080910C0C90910D0CA0910E0CB0910F0C8D839E83AF83B8878091100C9091110C91
:2078E000A091120CB091130C89879A87AB87BC870E941DAB0E94B39E0E944AAC4CE050E0E2
:2079000068E07CE0CE0101960E94F2F3892B49F02C960FB6F894DEBF0FBECDBFDF91CF9110
:2079200062CE2C960FB6F894DEBF0FBECDBFDF91CF910895FC0120E03EE2DB014C91403259
:2079400041F0283011F430833196DB014C91408331962F5F6F5F7F4F2B3079F710820895B8
:20796000CF938091370E8823B9F140912F0E5091300E6091310E7091320E2FE23CE080911E
:20798000380E9091390E0E9446AFC82F811102C0C0E023C04091330E5091340E6091350E6B
:2079A0007091360E411551056105710591F02FE23CE08091380E9091390E0E9446AF88234B
:2079C00039F31092330E1092340E1092350E1092360E1092370E01C0C1E08C2FCF910895E8
:2079E000CF92DF92EF92FF92CF936B017C01C42F80912F0E9091300EA091310EB091320EC7
:207A00008C159D05AE05BF05C9F0AADF811102C080E018C02FE23CE0B701A6018091380EFB
:207A20009091390E0E94A8AF882391F3C0922F0ED092300EE092310EF092320E81E0C111E1
:207A40008093370ECF91FF90EF90DF90CF9008954F925F926F927F928F929F92AF92BF922D
:207A6000CF92DF92EF92FF920F931F93CF93DF93EC016A017B012801390142305105610595
:207A8000710510F480E064C089859A85AB85BC850196A11DB11D84179507A607B70790F302
:207AA0008F89803149F48D2C9E2CAF2CBB248B899C89AD89BE890FC0803221F78B889C88FD
:207AC000AD88BE88DB01CA0157E0B695A795979587955A95D1F7880E991EAA1EBB1E41E0B8
:207AE000C501B4017DDF882369F29F89903161F4DD24EE24FF249601220F331FF901E15DE3
:207B0000F34F5182408211C0E894C7F8DD24EE24FF249601220F331F220F331FF901E15D77
:207B2000F34F40825182628273829A89923080F04D815E816F817885840E951EA61EB71EC8
:207B40008092330E9092340EA092350EB092360EDF91CF911F910F91FF90EF90DF90CF9077
:207B6000BF90AF909F908F907F906F905F904F900895CF92DF92EF92FF920F931F93CF9316
:207B8000DF93FC0181859285A385B4850196A11DB11D84179507A607B70710F480E060C0AF
:207BA0008789803149F4BB27A72F962F852FC388D488E588F6880FC0803281F783899489E2
:207BC000A589B6896A017B01C7E0F694E794D794C794CA95D1F78C0D9D1DAE1DBF1DE901D4
:207BE0006A017B018F0140912F0E5091300E6091310E7091320E84179507A607B70731F0AD
:207C000040E0BC01CD01ECDE882341F2F8018789803179F4B701A601552766277727440F91
:207C2000551FFA01E15DF34F80819181A0E0B0E012C0B701A6014F77552766277727440F41
:207C4000551F440F551FFA01E15DF34F80819181A281B381BF7088839983AA83BB8381E0E2
:207C6000DF91CF911F910F91FF90EF90DF90CF9008954F925F926F927F92AF92BF92CF9294
:207C8000DF92EF92FF920F931F93CF93DF9300D01F92CDB7DEB78C0149835A836B837C837C
:207CA0005901C12CD12C7601412C82E0582E612C712C49815A816B817C819E012F5F3F4F41
:207CC000C80157DF882341F1D301C201F801058404C0880F991FAA1FBB1F0A94D2F7C80EBC
:207CE000D91EEA1EFB1E49815A816B817C818789803139F481E0483F5F4F6105710538F452
:207D0000D8CF81E0483F5F4F6F4F7F4090F2F501C082D182E282F3820F900F900F900F9047
:207D2000DF91CF911F910F91FF90EF90DF90CF90BF90AF907F906F905F904F900895CF93DE
:207D4000DF93EC018B818823A9F1898187FF2FC06C857D858E859F8541E042DE882351F19C
:207D6000E88980E2E89FF0011124DF01A15DB34F109701F18C91853EE9F08B81823050F44F
:207D800049895A896B897C895C964D935D936D937C935F978D899E89AF89B88DE15DF34F34
:207DA000938F828FB58BA48B89818F778983DF91CF91D6CD81E0888380E0DF91CF91089559
:207DC0008F929F92AF92BF92CF92DF92EF92FF920F931F93CF93DF93EC018B81811102C066
:207DE00080E076C009891A892B893C890417150726073707A8F36A017B01823029F4C886FE
:207E0000D986EA86FB860DC0C114D104E104F10451F4188619861A861B861C821D821E8221
:207E20001F8281E055C088849984AA84BB84E98DFA8D258530E0275F3F4FB501A4014150DE
:207E4000510961097109022E04C076956795579547950A94D2F7D701C6010197A109B1091F
:207E600004C0B695A795979587952A95D2F784179507A607B70720F089288A288B2849F4E2
:207E80004D895E896F89788D4C835D836E837F8304C0841B950BA60BB70B4C015D018E01D6
:207EA0000C5F1F4F81149104A104B10409F4A7CF4C815D816E817F819801898D9A8D59DE4B
:207EC00091E0891A9108A108B1088111EBCF88CFDF91CF911F910F91FF90EF90DF90CF90F4
:207EE000BF90AF909F908F9008952F923F924F925F926F927F928F929F92AF92BF92CF924E
:207F0000DF92EF92FF920F931F93CF93DF9300D01F92CDB7DEB78C014B011A01DC011396A2
:207F20008C9113978130C1F411968C9181FF14C082FF18C0F8014189528963897489808517
:207F40009185A285B38584179507A607B70751F0C80136DF811106C081E0F80180838FEFB8
:207F60009FEF2CC1610185C0D80159968D919C915A97FC01248121502A013B0139E076943E
:207F80006794579447943A95D1F7722E74207A01F1E0FF22772009F478C080E092E08E19A3
:207FA0009F0956018C159D0508F45C01D80159962D913C915A9714968D919D910D90BC9102
:207FC000A02D0297A109B109F901058404C0880F991FAA1FBB1F0A94D2F7468557856089A7
:207FE0007189840F951FA61FB71F9C01AD01270D311D411D511D29013A01A11432E0B30627
:2080000009F089C080912F0E9091300EA091310EB091320E84159505A605B70569F41092E7
:20802000370E8FEF9FEFDC0180932F0E9093300EA093310EB093320E9401B301A20180916F
:20804000380E9091390E0E9446AF882309F484CFF80180859185A285B3858A0D9B1DA11D60
:20806000B11D80879187A287B3878A0C9B1CCA18DB08D80118964D915D916D917C911B978E
:20808000C114D10409F070CF7AC0E114F10409F084CF14964D915D916D917C911797411509
:2080A00051056105710559F455968D919D910D90BC91A02D0097A105B10539F520C09E01B3
:2080C0002F5F3F4F56DD882309F446CF89819A81AB81BC81F801218D328DF90127892031A5
:2080E00039F4883FFFEF9F07A105B10540F40DC0883F2FEF9207A2072FE0B20730F0C801C3
:208100000E94A7AD811149CF27CFF80184839583A683B78342CFE114F10411F5D8011896C6
:208120004D915D916D917C911B9751968D919D910D90BC91A02D481759076A077B0780F0AA
:208140000FDC882309F408CF81E08093370E40922F0E5092300E6092310E7092320E07C093
:2081600041E0C301B2013CDC882309F4F5CEA501B401C701815D934F0E94FFF369CF51964E
:208180008D919D910D90BC91A02D84179507A607B70740F4F801418B528B638B748B818175
:2081A00080688183D80111968C9183FD02C0C10105C0C801C4DD8111FACFCECE0F900F90CE
:2081C0000F900F90DF91CF911F910F91FF90EF90DF90CF90BF90AF909F908F907F906F907B
:2081E0005F904F903F902F900895CF93DF931F92CDB7DEB7698341E050E0BE016F5F7F4F50
:20820000049673DE0F90DF91CF9108952F923F924F925F926F927F928F929F92AF92BF920D
:20822000CF92DF92EF92FF920F931F93CF93DF9300D01F92CDB7DEB79C838B834B015A01C4
:20824000DC0113968C91811103C08FEF9FEFE9C0EB81FC81818180FFF8CFAB81BC815196F0
:208260000D911D912D913C91549718964D915D916D917C911B97C501A0E0B0E0680179014C
:20828000C41AD50AE60AF70AC816D906EA06FB0618F45801A41AB50A75018B819C81049667
:2082A0009A838983612C92E0792EE114F10409F48AC0AB81BC8118964D915D916D917C91D0
:2082C0001B976A01B1E0DB22EB81FC8123811A012B0189E056944794379427948A95D1F784
:2082E000818D928D223061F4FC01828D938DA48DB58DBC01CD01620D731D841D951D49C025
:20830000DC0114961C9111501221C114D104F9F411111DC0452B462B472B59F4EB81FC8176
:2083200085899689A789B08D84839583A683B7830EC0AB81BC8114964D915D916D917C9169
:20834000179729813A8115DC882309F47ECFEB81FC81218D328D84819581A681B7810297BB
:20836000A109B109F901058404C0880F991FAA1FBB1F0A94D2F74685578560897189840FDC
:20838000951FA61FB71FBC01CD01610F711D811D911D93012C193D0987012E153F0508F48F
:2083A00089010115F2E01F0779F520912F0E3091300E4091310E5091320E6217730784071B
:2083C000950719F421C0C5012CC09401AB01BC018091380E9091390E0E94A8AF882309F403
:2083E00034CF800E911EEB81FC8180859185A285B385800F911FA11DB11D80879187A287C7
:20840000B387E01AF10A51CF40E0EADA882309F41CCFB601615D734FA801C4010E94FFF35D
:20842000E0CF0F900F900F900F90DF91CF911F910F91FF90EF90DF90CF90BF90AF909F9058
:208440008F907F906F905F904F903F902F900895DF92EF92FF920F931F93CF93DF937C01CE
:20846000EB018A018DE0D82E40E250E0BE01C701CDDE8032910539F021E0892B09F420E06B
:20848000822F81953EC02881222399F1253E61F32E3251F30115110541F13B853F733F3005
:2084A00021F54A8D5B8D452B01F52F713FEF320F3230D8F430E021503109D29EC001D39EE7
:2084C000900D1124D801A80FB91FFE0120E0AD01253088F431813D932F5F32962D30C1F7F7
:2084E000288126FF02C0FA0115862B8523FDBCCF08C080E006C02B3010F43481ECCF368187
:20850000EACFDF91CF911F910F91FF90EF90DF9008954F925F926F927F929F92AF92BF92C1
:20852000CF92DF92EF92FF920F931F93CF93DF931F92CDB7DEB78C017B016A01A22EDB0145
:2085400059968D919C915A97F801928F818F40E050E0BA01C70134DC912CF7018085918513
:20856000A285B385418952896389748984179507A607B70708F063C025E0B695A795979599
:2085800087952A95D1F7F82FFF70BF2ED70113968C91823008F468C041E050E0BE016F5F63
:2085A0007F4FC70133DE019719F4898190E002C08FEF9FEF019609F457C0F7018085918569
:2085C000A285B3854F96A11DB11D80879187A287B387F0E2BF9EC0011124BC01615D734FE7
:2085E0006115710509F440C0DB012C91222319F0253ED1F47AC191100EC040912F0E5091EA
:20860000300E6091310E7091320EF8014487558766877787B08AFC01E15DF34F80818823BD
:2086200061F09924939499CF4BE050E0C6010E94F2F3892B09F091CF19C0992493948A2D73
:208640008274823489F4992009F49AC0D8015096BC9050971C966D917D918D919C911F9730
:2086600041E0BED981117FC080E042C1A7FCFCCFF0E2BF9EA00111249A01215D334FD90126
:208680001B968C91817121F08A2D827109F067C080912F0E9091300EA091310EB091320EA1
:2086A000F80184879587A687B787B08AFA01E15DF34F4489558960E070E0BA01552744279D
:2086C000D80155964D935D936D937C935897828D938DA0E0B0E0482B592B6A2B7B2BD801BE
:2086E00055964D935D936D937C935897D9011B968C91887159F4848D958DA68DB78DF80130
:20870000818B928BA38BB48B81E00FC0803139F598012F5E3F4FD80159968D919C915A97FC
:20872000A8DA8823E1F084E0F80183838A2D8F70D80111968C931197F8011482158216821D
:20874000178218961D921D921D921C921B97A4FEC0C0C8010E9415718111BBC085CFD80118
:2087600013961C9281CFF8016089F0E26F9FB0011124615D734F6115710509F08BC074CFB7
:20878000D70113968C911397823009F46DCF51968D919D910D90BC91A02D803E9F4FAF4120
:2087A000B10508F061CFC7010E94A7AD882309F45BCFD6D8882309F457CFD70159962D914A
:2087C0003C915A9714968D919D910D90BC91A02D0297A109B109F901058404C0880F991F9B
:2087E000AA1FBB1F0A94D2F74684578460887188480E591E6A1E7B1E81E08093370E409270
:208800002F0E5092300E6092310E7092320E80E092E0EFE2FCE0DF019C011D9221503040FC
:20882000E1F7BB24B394D7015996ED91FC915A978481B81698F42FE23CE0B301A2014B0D3C
:20884000511D611D711D8091380E9091390E0E9446AF882309F408CFB394E5CF80E092E0FC
:20886000A0E0B0E0058404C0880F991FAA1FBB1F0A94D2F7F7014189528963897489840F29
:20888000951FA61FB71F818B928BA38BB48B6FE27CE0B12C80E2DB011D928A95E9F78BE012
:2088A000F601DB0101900D928A95E1F781E298E2FB01918B808B20E038E037872687938B1D
:2088C000828B918F808F378B268B4AD88111D0CECBCEA5FE08C0F80141895289638974890C
:2088E000C8016EDA05C081E003C091109ACE85CE0F90DF91CF911F910F91FF90EF90DF90E6
:20890000CF90BF90AF909F907F906F905F904F9008950F931F93CF93DF93FC0123812223B4
:2089200011F080E043C08B01EC01FB018789803131F18032B1F783E08B83F801428D538D08
:20894000648D758D4D8B5E8B6F8B788F9E012F5E3F4FC8018ED9882321F31A8F098F81E017
:208960008983188619861A861B861C821D821E821F82188A1C861D861E861F8617C082E086
:208980008B831D8A1E8A1F8A188EFB01808D918DA0E0B0E025E0880F991FAA1FBB1F2A953E
:2089A000D1F7898B9A8BAB8BBC8BD7CFDF91CF911F910F9108952F923F924F925F926F9271
:2089C0007F928F929F92AF92BF92CF92DF92EF92FF920F931F93CF93DF93CDB7DEB7C25467
:2089E000D1090FB6F894DEBF0FBECDBF4C015B018A01322E1C8E1F8E19821C826115710546
:208A000011F410E0A4C0FC0183818111FACFFA0180818F3209F099C0F50183818250823014
:208A200058F0618D728DCE01019673DF882349F3CE0101967C0101C07501C8018C0101965B
:208A4000F80120812F32D1F36E01FCE1CF0ED11C3601CE0101962C012396CFAE23972D2C2E
:208A60009BE09150E7E3F0E0EC0FFD1FE90FF11D80E280839111F5CFD80127E04A2F3B2F55
:208A80008D91811107C08FA9803209F4BACF842F932F2CC08F32B9F38E3231F42A3009F4E5
:208AA000B0CF98E02AE0EACFEEE5FBE03491332321F031963813FACFA4CF291708F4A1CF28
:208AC000813208F49ECF8F3709F49BCF31E0390FE7E3F0E0EC0FFD1FE90FF11D9FE9980F0E
:208AE0009A3108F480528083932FC8CF8C01FC01208101962F32D1F32223F1F021E0AE01C4
:208B0000495C5F4FB701C60104DD882309F479CFEA14FB0419F0C7010E949EADC614D70442
:208B200041F023969FAD2397822D7601C92ED82E97CF942D852DF9CF232DAE01495C5F4F2F
:208B4000B701C401E6DC182F02C07B017DCFCE0101960E940B35CE014C960E940B35812F7A
:208B6000CE5BDF4F0FB6F894DEBF0FBECDBFDF91CF911F910F91FF90EF90DF90CF90BF900C
:208B8000AF909F908F907F906F905F904F903F902F9008950F931F93CF93DF93EB01FC0130
:208BA0002381211102C080E040C02250223028F48FE28883198281E038C08C01FC016485FA
:208BC00075858685978540E00E94F03C882359F3F8014089F0E24F9FA00111249A01215D1E
:208BE000334F232B01F320E030E090E06EE2F901E40FF51FE15DF34F7081703271F0283014
:208C0000310529F4DE01A90FB11D6C939F5FDE01A90FB11D70817C939F5F2F5F3F4F2B30C5
:208C2000310529F7C90FD11D1882DF91CF911F910F9108950F931F93CF93DF938B01EA0122
:208C4000DB016D917C910496A5DFD801ED91FC919081888191110EC08D38B0F48FE28083C4
:208C6000F8018081918101969183808388818F5F88830AC08D3880F73196D801ED93FC9383
:208C800088818F5F8883E1CFDF91CF911F910F9108956091120270911302072E000C880B76
:208CA000990B0E94C0EC2AE037ED43E25CE30E941FED20915208309153084091540850914D
:208CC00055080E941FED60930E0270930F028093100290931102089540E050E0BA018DEBF7
:208CE0009DE50E943DB510924D0810924E0810924F081092500881E080936D0E08950F934E
:208D00001F93CF93DF931092720E8091C3149091C414A091C514B091C61481309048A10576
:208D2000B10540F01092C3141092C4141092C5141092C614C091C31480915A081816DCF4CA
:208D4000282F082E000C330B215031094C2F0C2E000C550B4217530774F0CFEFC80F8C2F09
:208D600090E0A0E0B0E08093C3149093C414A093C514B093C6141092920880919308C8179E
:208D800014F4C093930880919308082E000C990B03962C2F0C2E000C330B8217930724F488
:208DA0008DEF8C0F8093930810919308D0E08D2F810FD1F48091730E811105C0809176027F
:208DC000882399F109C0C111F9CF0E94BFE180919208882399F330C081E0C11180E000E272
:208DE0002EE34DE55CE01EC08130F9F48091730E811105C0809176028823B9F00BC0C130F6
:208E0000C9F710926D0E0E94A75D80919208882389F312C081E0C13009F080E000E22EE38D
:208E200048E55CE06D2F0E946BB4DF5FD43009F0BECF82E080935A08DF91CF911F910F91AD
:208E400008950F931F93CF93DF931092720E8091C3149091C414A091C514B091C614813074
:208E60009048A105B10540F01092C3141092C4141092C5141092C614C091C314809159080A
:208E80001816DCF4282F082E000C330B215031094C2F0C2E000C550B4217530774F0CFEF5C
:208EA000C80F8C2F90E0A0E0B0E08093C3149093C414A093C514B093C61410929208809145
:208EC0009308C81714F4C093930880919308082E000C990B03962C2F0C2E000C330B82177F
:208EE000930724F48DEF8C0F8093930810919308D0E011111BC08091730E811106C0809117
:208F00007602882309F48DC009C0C111F8CF0E94A75D80919208882391F38AC081E0C11185
:208F200080E003E023E040E55CE078C0113041F58091730E811106C080917602882309F4C0
:208F400070C015C0C130C1F74091B9085091BA086091B1087091B2088091B5089091B6081C
:208F60000E9470D880919208882331F361C081E0C13009F080E000E22EE344E45CE04EC05C
:208F8000123031F58091730E811106C080917602882309F446C013C0C230C1F74091B90839
:208FA0005091BA086FEF7FEF8091B5089091B6080E9470D880919208882341F339C081E0C7
:208FC000C23009F080E000E22EE344E25CE026C0133039F58091730E811105C08091760228
:208FE0008823F9F013C0C330C9F74091B9085091BA086091B1087091B20880E090E00E944B
:2090000070D880919208882349F312C081E0C33009F080E000E22EE344E35CE06D2F0E9463
:209020006BB4DF5F1F5FD43009F063CFD0935908DF91CF911F910F9108950F931F93CF93EF
:20904000DF931092720E8091C3149091C414A091C514B091C61481309048A105B10540F061
:209060001092C3141092C4141092C5141092C614C091C314809158081816DCF4282F082EE2
:20908000000C330B215031094C2F0C2E000C550B4217530774F0CFEFC80F8C2F90E0A0E063
:2090A000B0E08093C3149093C414A093C514B093C6141092920880919308C81714F4C093F0
:2090C000930880919308082E000C990B03962C2F0C2E000C330B8217930724F48DEF8C0F89
:2090E0008093930810919308D0E011111BC08091730E811106C080917602882309F48DC071
:2091000009C0C111F8CF0E94A75D80919208882391F38AC081E0C11180E003E023E04CE17D
:209120005CE078C0113041F58091730E811106C080917602882309F470C015C0C130C1F77B
:209140004091B7085091B8086091AF087091B0088091B3089091B4080E9470D8809192083F
:20916000882331F361C081E0C13009F080E000E22EE340E15CE04EC0123031F58091730EFC
:20918000811106C080917602882309F446C013C0C230C1F74091B7085091B8086FEF7FEFC6
:2091A0008091B3089091B4080E9470D880919208882341F339C081E0C23009F080E000E20B
:2091C0002EE340EF5BE026C0133039F58091730E811105C0809176028823F9F013C0C330F1
:2091E000C9F74091B7085091B8086091AF087091B00880E090E00E9470D88091920888230D
:2092000049F312C081E0C33009F080E000E22EE340E05CE06D2F0E946BB4DF5F1F5FD43027
:2092200009F063CFD0935808DF91CF911F910F91089580E00C948FCE0C9444CE809151080A
:2092400083FD18C08091810E811114C02091D8143091D914809164029091650228173907E7
:209260004CF40E94185C40E050E0BA0182ED96E60C943DB580E090E00E940F6988E89BE03B
:2092800090933B0E80933A0E0C9413329F92AF92BF92CF92DF92EF92FF920F931F93CF93C5
:2092A000DF931092720E8091C3149091C414A091C514B091C61481309048A105B10540F0FF
:2092C0001092C3141092C4141092C5141092C614C091C31480915C081816DCF4282F082E7C
:2092E000000C330B215031094C2F0C2E000C550B4217530774F0CFEFC80F8C2F90E0A0E001
:20930000B0E08093C3149093C414A093C514B093C6141092920880919308C81714F4C0938D
:20932000930880919308082E000C990B03962C2F0C2E000C330B8217930724F48DEF8C0F26
:2093400080939308D091930810E047ECC42E4CE0D42E992493945BEAA52E5CE0B52ED11123
:209360001BC08091730E811106C080917602882309F454C009C0C111F8CF0E94A75D8091CA
:209380009208882391F356C181E0C11180E003E023E045ED5CE03FC0D130E9F48091730E97
:2093A000811105C0809176028823C1F10BC0C130C9F78FEB92ED0E94D98D8091920888239D
:2093C00089F338C181E0C13009F080E00EE32EE34BEC5CE020C0D23009F58091730E8111F4
:2093E00005C0809176028823C9F00DC0C230C9F7D0923B0EC0923A0E0E9413328091920865
:20940000882379F317C181E0C23009F080E000E22EE34DEB5CE0612F0E946BB48091530491
:209420008823A1F180915404882381F180915504882361F1D33069F58091730E811106C0B7
:2094400080917602882309F4DEC014C0C330C1F790926D0E40E050E0BA018FE796E40E9484
:209460003DB510925B080E94BFE180919208882339F3E0C081E0C33009F080E000E22EE3F1
:209480004FEA5CE0612F0E946BB4BDC033E0E32E02C024E0E22EDE1121C08091730E81119B
:2094A00005C0809176028823C1F00DC0CD13F9CFB0923B0EA0923A0E0E94133280919208F6
:2094C000882379F3B7C081E0CD1380E000E22EE34AE95CE0612F0E946BB4ED2EFF24F394E5
:2094E000FE0C0E940A8A811111C08091350B81110DC0DF1108C08091730E811187C08091E5
:20950000760281118CC092E0F92EFE0C8091D8149091D9142091D6143091D714232B11F4AD
:20952000892B29F1DF1122C08091730E811105C0809176028823D1F00FC0CD13F9CF109294
:20954000DB141092DA140E949AB80E94385C80919208882369F36EC081E0CD1380E000E2FF
:209560002EE345E75CE0612F0E946BB4F394DF111EC08091730E811105C0809176028823AF
:20958000B1F00BC0CD13F9CF8DE198E40E94D98D80919208882389F34DC081E0CD1380E045
:2095A0000EE32EE349E65CE0612F0E946BB481E08F0DD8131EC08091730E811105C080912D
:2095C00076028823B1F00BC0CD13F9CF81E297E40E94D98D80919208882389F32BC081E050
:2095E000CD1380E00EE32EE34EE75CE0612F0E946BB41F5FDF5F143009F0B1CEF394F394E1
:20960000F0925C0817C084E0E82E68CFCD1377CF15DE80919208882309F471CF0BC081E004
:20962000CD1380E000E22EE34AE85CE0612F0E946BB469CFDF91CF911F910F91FF90EF90D2
:20964000DF90CF90BF90AF909F900895EF92FF920F931F93CF93DF931092720E8091C3149E
:209660009091C414A091C514B091C61481309048A105B10540F01092C3141092C414109222
:20968000C5141092C614C091C314809157081816DCF4282F082E000C330B215031094C2FE2
:2096A0000C2E000C550B4217530774F0CFEFC80F8C2F90E0A0E0B0E08093C3149093C41438
:2096C000A093C514B093C6141092920880919308C81714F4C093930880919308082E000CB6
:2096E000990B03962C2F0C2E000C330B8217930724F48DEF8C0F80939308F0909308D0E073
:20970000EE24E394F1101BC08091730E811106C080917602882309F437C109C0C111F8CF6F
:209720000E94A75D80919208882391F35AC181E0C11180E003E023E04BEE5BE022C181E05D
:20974000F81229C08091730E811106C080917602882309F419C111C0C130C1F727EE33E07F
:209760004AE050E064E172E085EE9BE00E94E1E480919208882351F334C1809114029091CC
:2097800015020E9417BF9C0181E0C13009F080E04FED5BE06FC022E0F21235C08091730EBF
:2097A000811106C080917602882309F4EDC01DC0C230C1F7E092720E10926E0E10926F0EBD
:2097C0001092700E1092710E09E119E424E031E040E050E068ED74E188ED9BE00E94DCE6FE
:2097E000809192088823F1F2FCC08091D8149091D9140E9417BF9C0181E0C23009F080E0A8
:2098000041ED5BE037C083E0F81238C08091730E811106C080917602882309F4B5C01DC016
:20982000C330C1F7E092720E10926E0E10926F0E1092700E1092710E0CE119E427E830E004
:2098400040E050E066ED74E18DEC9BE00E94DCE6809192088823F1F2C4C08091D6149091DF
:20986000D7140E9417BF9C0181E0C33009F080E049EC5BE06D2F0E9407E886C024E0F21250
:2098800033C08091730E811106C080917602882309F47AC01BC0C430C1F7E092720E109265
:2098A0006E0E10926F0E1092700E1092710E2FEF30E040E050E06AED74E18FEB9BE00E940B
:2098C000E1E480919208882301F38BC08091DA149091DB140E9417BF9C0181E0C43009F0BC
:2098E00080E045EB5BE0C6CF85E0F8122BC08091730E811106C080917602882309F444C08F
:2099000013C0C530C1F709E416E427EE33E04AE050E062E172E080EB9BE00E94DCE680916E
:209920009208882341F35DC080911202909113020E9417BF9C0181E0C53009F080E04BEA3D
:209940005BE098CF26E0F2121FC08091730E811105C0809176028823B9F00BC0C630C9F735
:209960008CE696E40E94D98D80919208882389F338C081E0C63009F080E00EE32EE340EA4D
:209980005BE06D2F0E946BB40E940A8A811121C087E0F8121CC08091730E811105C080913F
:2099A00076028823A1F008C0C730C9F747DC809192088823A1F315C081E0C73009F080E0E1
:2099C00000E22EE340E95BE06D2F0E946BB488E001C087E0DF5FF394D43009F093CE80930D
:2099E0005708DF91CF911F910F91FF90EF900895EF92FF920F931F93CF93DF9300D000D063
:209A0000CDB7DEB71E821D8282E293E09C838B839E012B5F3F4F49E250E06CE37EE0CE015C
:209A200003960E94DF3B9E012B5F3F4F41E050E06CEE7BE0CE0103960E94DF3B8D819E81C3
:209A40009A838983EB80FC8080E293E09C838B839E012B5F3F4F42E050E0BE016F5F7F4F90
:209A6000CE0103960E94DF3BEBE6F3E184918F010F5F1F4F882321F00E943935F801F6CF12
:209A8000B701605273408DE19DE00E947C9649815A8160E070E080E19DE00E9425966CE34B
:209AA0007EE08CEF9CE00E94F5AA26960FB6F894DEBF0FBECDBFDF91CF911F910F91FF905E
:209AC000EF9008958F929F92AF92BF92CF92DF92EF92FF920F931F93CF93DF93CDB7DEB761
:209AE000CF55D1090FB6F894DEBF0FBECDBF29961CAE1DAE1EAE1FAE299780E390E3A0E31B
:209B0000B0E025968CAF9DAFAEAFBFAF259767961FAE1EAE679784E690E065969FAF8EAFF8
:209B2000659710925D089E012B5A3F4F44E050E0BE016F5B7F4FCE018D5A9F4F0E94DF3B65
:209B400065968EAD9FAD6597029665969FAF8EAF659767961FAE1EAE679781E0A0968FAF04
:209B6000A0979E012B5A3F4F41E050E0BE01615A7F4FCE018D5A9F4F0E94DF3B9E012B5ADF
:209B80003F4F40E150E068E17CE0CE018D5A9F4F0E94DF3B9E012B5A3F4F40E150E066E098
:209BA00074E1CE018D5A9F4F0E94DF3B9E012B5A3F4F40E150E066E174E1CE018D5A9F4FAD
:209BC0000E94DF3B9E012B5A3F4F44E050E06EE274E1CE018D5A9F4F0E94DF3B9E012B5A9A
:209BE0003F4F44E050E06AE274E1CE018D5A9F4F0E94DF3B9E012B5A3F4F44E050E066E234
:209C000074E1CE018D5A9F4F0E94DF3B9E012B5A3F4F44E050E062E074E1CE018D5A9F4F4E
:209C20000E94DF3B9E012B5A3F4F44E050E06EEF73E1CE018D5A9F4F0E94DF3B9E012B5A2D
:209C40003F4F44E050E060E973E1CE018D5A9F4F0E94DF3B9E012B5A3F4F40E150E062E3DD
:209C600074E1CE018D5A9F4F0E94DF3BBE016F5F7F4F8CE0FB0111928A95E9F79E012B5AA6
:209C80003F4F4CE050E0CE018D5A9F4F0E94DF3B80E090E0A0E2B1E421968CAF9DAFAEAFF8
:209CA000BFAF21979E012B5A3F4F44E050E0BE01635C7F4FCE018D5A9F4F0E94DF3B6F96C7
:209CC0001FAE6F9729961CAE1DAE1EAE1FAE299783E06E968FAF6E976D968FAF6D979E0176
:209CE0002B5A3F4F41E050E0BE01625A7F4FCE018D5A9F4F0E94DF3B9E012B5A3F4F44E081
:209D000050E0BE016B5B7F4FCE018D5A9F4F0E94DF3B9E012B5A3F4F41E050E0BE01635AE1
:209D20007F4FCE018D5A9F4F0E94DF3B9E012B5A3F4F41E050E0BE01645A7F4FCE018D5AF1
:209D40009F4F0E94DF3B1AE0115071F09E012B5A3F4F44E050E0BE016B5B7F4FCE018D5A8E
:209D60009F4F0E94DF3BF0CF19AE1AAE1BAE1CAE9E012B5A3F4F44E050E0BE01675C7F4F02
:209D8000CE018D5A9F4F0E94DF3B29961CAE1DAE1EAE1FAE29971AE0115071F09E012B5AD6
:209DA0003F4F44E050E0BE016B5B7F4FCE018D5A9F4F0E94DF3BF0CF83E06C968FAF6C97A9
:209DC0006B968FAF6B971DAA1EAA1FAA18AE19AA1AAA1BAA1CAA29961CAE1DAE1EAE1FAE25
:209DE00029979E012B5A3F4F41E050E0BE01655A7F4FCE018D5A9F4F0E94DF3B9E012B5AD0
:209E00003F4F41E050E0BE01665A7F4FCE018D5A9F4F0E94DF3B9E012B5A3F4F44E050E0B0
:209E2000BE016F5C7F4FCE018D5A9F4F0E94DF3B9E012B5A3F4F44E050E0BE016B5C7F4F10
:209E4000CE018D5A9F4F0E94DF3B0AE010E00150110971F09E012B5A3F4F44E050E0BE0137
:209E60006B5B7F4FCE018D5A9F4F0E94DF3BEFCF6A961FAE6A978FEF69968FAF69979E0108
:209E80002B5A3F4F41E050E0BE01675A7F4FCE018D5A9F4F0E94DF3B9E012B5A3F4F41E0DD
:209EA00050E0BE01685A7F4FCE018D5A9F4F0E94DF3B29961CAE1DAE1EAE1FAE29971CE01A
:209EC00011509E012B5A3F4F44E050E0112349F0BE016B5B7F4FCE018D5A9F4F0E94DF3BFB
:209EE000EFCF63EB78E0CE018D5A9F4F0E94DF3B9E012B5A3F4F44E050E06FEA78E0CE0118
:209F00008D5A9F4F0E94DF3B9E012B5A3F4F44E050E067EB78E0CE018D5A9F4F0E94DF3BA0
:209F2000C12C80E8D82E8BE3E82E85E4F82E812C912C90E8A92E9FE3B92E111138C09E01D8
:209F40002B5A3F4F44E050E062EA78E0CE018D5A9F4F0E94DF3B9E012B5A3F4F44E050E090
:209F60006AEA78E0CE018D5A9F4F0E94DF3B9E012B5A3F4F44E050E066EA78E0CE018D5A71
:209F80009F4F0E94DF3B29968CAE9DAEAEAEBFAE29979E012B5A3F4F44E050E0BE016B5BBF
:209FA0007F4FCE018D5A9F4F0E94DF3B2AC02996CCAEDDAEEEAEFFAE29979E012B5A3F4F0A
:209FC00044E050E0BE016B5B7F4FCE018D5A9F4F0E94DF3B29961CAE1DAE1EAE1FAE2997CD
:209FE00004E0015071F09E012B5A3F4F44E050E0BE016B5B7F4FCE018D5A9F4F0E94DF3B12
:20A00000F0CF1F5F153009F098CF84E190E063969FAF8EAF63979E012B5A3F4F42E050E007
:20A02000BE016F5A7F4FCE018D5A9F4F0E94DF3B9E012B5A3F4F44E050E061E674E1CE01F9
:20A040008D5A9F4F0E94DF3B9E012B5A3F4F44E050E06DE574E1CE018D5A9F4F0E94DF3B62
:20A060009E012B5A3F4F44E050E069E574E1CE018D5A9F4F0E94DF3B80E290E061969FAFC0
:20A080008EAF61979E012B5A3F4F42E050E0BE01615B7F4FCE018D5A9F4F0E94DF3B6896E0
:20A0A0001FAE689780E090E0A0E4B0E48DA79EA7AFA7B8AB80E090E0A4E3B2E489A79AA75C
:20A0C000ABA7BCA71DA21EA21FA218A619A21AA21BA21CA21D8E1E8E1F8E18A280E090E04D
:20A0E000A0E5B1E4898F9A8FAB8FBC8F1D8A1E8A1F8A188E80E090E0A0E0B1E4898B9A8BC4
:20A10000AB8BBC8B9E012B5A3F4F41E050E0BE01695A7F4FCE018D5A9F4F0E94DF3B9E0170
:20A120002B5A3F4F44E050E0BE01635D7F4FCE018D5A9F4F0E94DF3B9E012B5A3F4F44E035
:20A1400050E0BE01675D7F4FCE018D5A9F4F0E94DF3B9E012B5A3F4F44E050E0BE016B5D91
:20A160007F4FCE018D5A9F4F0E94DF3B9E012B5A3F4F44E050E0BE016F5D7F4FCE018D5A9C
:20A180009F4F0E94DF3B9E012B5A3F4F44E050E0BE01635E7F4FCE018D5A9F4F0E94DF3B61
:20A1A0009E012B5A3F4F44E050E0BE01675E7F4FCE018D5A9F4F0E94DF3B9E012B5A3F4F35
:20A1C00044E050E0BE016B5E7F4FCE018D5A9F4F0E94DF3B9E012B5A3F4F44E050E0BE01B0
:20A1E0006F5E7F4FCE018D5A9F4F0E94DF3B9E012B5A3F4F41E050E061EF7BE0CE018D5A00
:20A200009F4F0E94DF3B10E011110EC08091ED0B9091EE0BA091EF0BB091F00B29968CAF30
:20A220009DAFAEAFBFAF29979E012B5A3F4F44E050E0BE016B5B7F4FCE018D5A9F4F0E94A8
:20A24000DF3B1F5F153001F72F961FAE1EAE2F971CE0115071F09E012B5A3F4F42E050E043
:20A26000BE01635B7F4FCE018D5A9F4F0E94DF3BF0CF2D961FAE1EAE2D979E012B5A3F4FA2
:20A2800042E050E0BE01655B7F4FCE018D5A9F4F0E94DF3B9E012B5A3F4F42E050E0BE01FC
:20A2A000655B7F4FCE018D5A9F4F0E94DF3B29961CAE1DAE1EAE1FAE29979E012B5A3F4F51
:20A2C00044E050E0BE016B5B7F4FCE018D5A9F4F0E94DF3B9E012B5A3F4F44E050E0BE01B2
:20A2E0006B5B7F4FCE018D5A9F4F0E94DF3B1D861E861F86188A14E0115071F09E012B5A02
:20A300003F4F44E050E0BE01635F7F4FCE018D5A9F4F0E94DF3BF0CF29961CAE1DAE1EAECD
:20A320001FAE29971CE1115071F09E012B5A3F4F44E050E0BE016B5B7F4FCE018D5A9F4FD4
:20A340000E94DF3BF0CF29961CAE1DAE1EAE1FAE299714E0115071F09E012B5A3F4F44E049
:20A3600050E0BE016B5B7F4FCE018D5A9F4F0E94DF3BF0CF80915D08811154C06596EEAC8A
:20A38000FFAC659767968EAD9FAD67972B969FAF8EAF2B9784E690E065969FAF8EAF65972A
:20A3A0009E012B5A3F4F44E050E06DEA72E0CE018D5A9F4F0E94DF3B9E012B5A3F4F42E0BA
:20A3C00050E0BE01675B7F4FCE018D5A9F4F0E94DF3BEBE6F3E184918F010F5F1F4F8823CD
:20A3E00021F00E943935F801F6CFB701645671098AEE9CE00E947C962B964EAD5FAD2B9760
:20A4000060E070E08DED9CE00E942596EAEDFCE084918F010F5F1F4F882321F00E94393559
:20A42000F801F6CFE5DA90915D0881E08927C15ADF4F0FB6F894DEBF0FBECDBFDF91CF91A8
:20A440001F910F91FF90EF90DF90CF90BF90AF909F908F900895AF92BF92CF92DF92EF9272
:20A46000FF920F931F93CF93DF931F92CDB7DEB77C016B018A01590180915D08811119C0AA
:20A48000F701808191810E9470F08983F60181936F01BE016F5F7F4FC5010E94D1D7F701C5
:20A4A000408151814F5F5F4F518340830150110939F70F90DF91CF911F910F91FF90EF90AE
:20A4C000DF90CF90BF90AF9008952F923F924F925F926F927F928F929F92AF92BF92CF92C8
:20A4E000DF92EF92FF920F931F93CF93DF93CDB7DEB7CE56D1090FB6F894DEBF0FBECDBF53
:20A500002DB73EB7AD963FAF2EAFAD97A3961FAE1EAEA39784E690E0A1969FAF8EAFA19730
:20A520009E012F593F4F44E050E0BE01635B7F4FCE01815A9F4F8FDF9E012F593F4F42E0EA
:20A5400050E0BE01635A7F4FCE01815A9F4F83DF43E050E0BE01635B7F4F8DEA92E00E945E
:20A5600041F4892B09F43BC02E968FAD2E97863539F08FE32E968FAF2E972F961FAE2F97C0
:20A58000EBE6F3E184918F010F5F1F4F882321F00E943935F801F6CFEFE0FEE084918F01B9
:20A5A0000F5F1F4F882321F00E943935F801F6CFBE01635B7F4F86E09EE00E94F5AAE8EFEE
:20A5C000FDE084918F010F5F1F4F882321F00E943935F801F6CF0E94859D74DAA2C46DB6F8
:20A5E0007EB62D961CAE1DAE1EAE1FAE2D97A3961FAE1EAEA3979E012F593F4F41E050E060
:20A60000BE0167597F4FCE01815A9F4F24DF80E1EDE7F2E0DE01919601900D928A95E1F71E
:20A6200080E1EDE8F2E0DE01519601900D928A95E1F780E1EDE9F2E08E010F5F1F4FD801D8
:20A6400001900D928A95E1F7AA96CFACAA97D12C33E0C30ED11CCC0CDD1CCC0CDD1C8DB723
:20A660009EB78C199D090FB6F8949EBF0FBE8DBFEDB7FEB731964F012DB73EB72C193D099F
:20A680000FB6F8943EBF0FBE2DBF8DB79EB701965C01EDB7FEB7EC19FD090FB6F894FEBFB4
:20A6A0000FBEEDBF2DB73EB72F5F3F4F79019E012F593F4FA601B401CE01815A9F4FCBDE60
:20A6C0009E012F593F4FA601B501CE01815A9F4FC2DE9E012F593F4FA601B701CE01815A72
:20A6E0009F4FB9DEAA962FADAA9730E02E5F3F4F86E194E1AF969FAF8EAFAF9766E074E1C0
:20A70000A8E1BCE080E090E040E050E02417350714F0640105C0F1E2CF2ED12CCC0EDD1EAD
:20A72000C80ED91EF60120803180428053802D923D924D925D922417350714F0650105C06D
:20A74000E1E1CE2ED12CCC0EDD1EC80ED91EF6012080318042805380FB012192319241927A
:20A760005192BF012417350714F0670101C06801C80ED91EF6012080318042805380AF963A
:20A78000EEADFFADAF972192319241925192AF96FFAFEEAFAF974F5F5F4F0496443051056A
:20A7A00009F0B4CF9E012F593F4F44E050E06EE274E1CE01815A9F4F4EDE9E012F593F4FF6
:20A7C00044E050E06AE274E1CE01815A9F4F43DE9E012F593F4F44E050E066E274E1CE0156
:20A7E000815A9F4F38DE9E012F593F4F44E050E062E074E1CE01815A9F4F2DDE9E012F5910
:20A800003F4F44E050E06EEF73E1CE01815A9F4F22DE9E012F593F4F44E050E060E973E167
:20A82000CE01815A9F4F17DE9E012F593F4F40E150E062E374E1CE01815A9F4F0CDE9E01CA
:20A840002F593F4F4CE050E0BE016F5C7F4FCE01815A9F4F00DE9E012F593F4F44E050E0AF
:20A86000BE01675B7F4FCE01815A9F4FF4DD9E012F593F4F41E050E0BE0168597F4FCE01FD
:20A88000815A9F4FE8DD9E012F593F4F44E050E0BE01675B7F4FCE01815A9F4FDCDD9E01E2
:20A8A0002F593F4F41E050E0BE0169597F4FCE01815A9F4FD0DD9E012F593F4F41E050E097
:20A8C000BE016A597F4FCE01815A9F4FC4DDA8968FADA897A7960FADA797809F800111242A
:20A8E000E12CF12C9E012F593F4F44E050E0BE01E016F10651F0675B7F4FCE01815A9F4F10
:20A90000AADDFFEFEF1AFF0AEDCF6B5B7F4FCE01815A9F4FA0DD1AE011509E012F593F4F3B
:20A92000112351F044E050E0BE01675B7F4FCE01815A9F4F90DDF0CF41E050E0BE016B5967
:20A940007F4FCE01815A9F4F86DD9E012F593F4F41E050E0BE016C597F4FCE01815A9F4F3E
:20A960007ADD9E012F593F4F44E050E0BE016F5B7F4FCE01815A9F4F6EDD9E012F593F4F88
:20A9800044E050E0BE01635C7F4FCE01815A9F4F62DDA6968FADA697A5960FADA597809F39
:20A9A00080011124E12CF12C9E012F593F4FE016F10669F044E050E0BE01675B7F4FCE014A
:20A9C000815A9F4F48DD2FEFE21AF20AEDCF41E050E0BE0166597F4FCE01815A9F4F3BDD6A
:20A9E0009E012F593F4F41E050E0BE016D597F4FCE01815A9F4F2FDD1CE011509E012F59D6
:20AA00003F4F44E050E0112341F0BE01675B7F4FCE01815A9F4F1FDDF0CF63EB78E0CE01D8
:20AA2000815A9F4F18DD9E012F593F4F44E050E06FEA78E0CE01815A9F4F0DDD9E012F59F5
:20AA40003F4F44E050E067EB78E0CE01815A9F4F02DD9E012F593F4F44E050E0BE01675B69
:20AA60007F4FCE01815A9F4FF6DC11113BC02D96CCACDDACEEACFFAC2D9720E030E84BE36E
:20AA800055E4C701B6010E94BAEC882359F1C092A208D092A308E092A408F092A5089E01CC
:20AAA0002F593F4F44E050E06AEA78E0CE01815A9F4FD1DC9E012F593F4F44E050E066EAE2
:20AAC00078E0CE01815A9F4FC6DC9E012F593F4F44E050E0BE01675B7F4FCE01815A9F4FF4
:20AAE000BADC10C004E0015069F09E012F593F4F44E050E0BE01675B7F4FCE01815A9F4F72
:20AB0000AADCF1CF1F5F153009F0A3CF9E012F593F4F42E050E0BE01655A7F4FCE01815AC4
:20AB20009F4F99DC9E012F593F4F44E050E0BE01675B7F4FCE01815A9F4F8DDC2D96CCAC1E
:20AB4000DDACEEACFFAC2D9720E030E84BE355E4C701B6010E94BAEC8823F1F0C0926114CA
:20AB6000D0926214E0926314F09264149E012F593F4F44E050E06DE574E1CE01815A9F4FD2
:20AB80006ADC9E012F593F4F44E050E069E574E1CE01815A9F4F5FDC9E012F593F4F42E019
:20ABA00050E0BE01675A7F4FCE01815A9F4F53DC9E012F593F4F41E050E0BE0166597F4FFE
:20ABC000CE01815A9F4F47DC19E011509E012F593F4F112351F044E050E0BE01675B7F4F93
:20ABE000CE01815A9F4F37DCF0CF41E050E061EF7BE0CE01815A9F4F2EDC9E012F593F4F98
:20AC000044E050E0BE01675B7F4FCE01815A9F4F22DC11110EC02D968CAD9DADAEADBFADFE
:20AC20002D978093ED0B9093EE0BA093EF0BB093F00B1F5F153009F71CE011509E012F5977
:20AC40003F4F42E050E0BE01112339F0695A7F4FCE01815A9F4FFFDBF0CF6B5A7F4FCE01D4
:20AC6000815A9F4FF8DB9E012F593F4F42E050E0BE016B5A7F4FCE01815A9F4FECDB9E01E1
:20AC80002F593F4F44E050E0BE01675B7F4FCE01815A9F4FE0DB9E012F593F4F44E050E09F
:20ACA000BE01675B7F4FCE01815A9F4FD4DB14E0115069F09E012F593F4F44E050E0BE0188
:20ACC000635C7F4FCE01815A9F4FC5DBF1CF1CE1115069F09E012F593F4F44E050E0BE0170
:20ACE000675B7F4FCE01815A9F4FB5DBF1CF14E0115069F09E012F593F4F44E050E0BE0166
:20AD0000675B7F4FCE01815A9F4FA5DBF1CFA3962EAD3FADA3976F968EAD9FAD6F972817C0
:20AD2000390709F0B5C00E944A3CEBE6F3E184918F010F5F1F4F811103C00DEA12E004C015
:20AD40000E943935F801F3CFF80181918F01882319F00E943935F8CFA1966EAD7FADA1974C
:20AD6000645671098BED9DE00E947C96A3964EAD5FADA39760E070E08EEC9DE00E94259698
:20AD8000EBECFDE084918F010F5F1F4F882321F00E943935F801F6CF65961FAE1EAE659764
:20ADA00080E293E023969FAF8EAF23979E012D5A3F4F42E050E0BE016F5A7F4FCE018F5BAB
:20ADC0009F4F49DB65961FAE1EAE65979E012D5A3F4F49E250E06CE37EE0CE018F5B9F4F6E
:20ADE0003ADB9E012D5A3F4F41E050E06CEE7BE0CE018F5B9F4F2FDB65964EAD5FAD6597D5
:20AE000063968EAD9FAD63974817590769F5EBE6F3E184918F010F5F1F4F882321F00E9417
:20AE20003935F801F6CF23966EAD7FAD23976052734081E79DE00E947C9665964EAD5FAD2C
:20AE4000659760E070E084E69DE00E94259669E47EE082E59DE00E94F5AA6CE37EE080E441
:20AE60009DE00E94F5AA10C060E070E084E39DE00E94259663964EAD5FAD639760E070E0E9
:20AE80008FE29DE00E9425968AE00E94393544C0EEE5F6E184918F010F5F1F4F882321F002
:20AEA0000E943935F801F6CFEBEAFDE084918F010F5F1F4F882321F00E943935F801F6CF07
:20AEC0006F966EAD7FAD6F9780E090E04AE00E944039E6EAFDE084918F010F5F1F4F882332
:20AEE00021F00E943935F801F6CFA3966EAD7FADA39780E090E04AE00E944039E6E9FDE0F8
:20AF000084918F010F5F1F4F882321F00E943935F801F6CF0E94859D0FB6F8947EBE0FBE08
:20AF20006DBE80E00E941A9A90915D0881E08927AD962EAD3FADAD970FB6F8943EBF0FBE30
:20AF40002DBFC259DF4F0FB6F894DEBF0FBECDBFDF91CF911F910F91FF90EF90DF90CF9079
:20AF6000BF90AF909F908F907F906F905F904F903F902F9008958F929F92AF92BF92CF92A9
:20AF8000DF92EF92FF920F931F93CF93DF93CDB7DEB7A0970FB6F894DEBF0FBECDBF1092CD
:20AFA000720E0E940ABB4B015C018091790E90917A0EA0917B0EB0917C0EA5019401281BBD
:20AFC000390B4A0B5B0BDA01C90188589341A109B109B7FD08C08092790E90927A0EA092C4
:20AFE0007B0EB0927C0EC090750ED090760EE090770EF090780EC114D104E104F10409F4C9
:20B000004CC08091350B8823D9F18091620990916309A0916409B09165090097A105B10515
:20B0200079F1BC01CD016D597F4F8F4F9F4F24E630E040E050E00E9495F0609166097091C9
:20B04000670980916809909169090E9495F02330B8F08091250990912609029789F08C1804
:20B060009D08AE08BF08B7FC18C0109225021092750E1092760E1092770E1092780E0DC0F3
:20B0800034E6C30ED11CE11CF11CC092750ED092760EE092770EF092780E8091730E8823D7
:20B0A00059F080E00E94ADB540E050E0BA0186E39EE50E943DB591C3209114023091150265
:20B0C0004091C3145091C4146091C5147091C614C901840F951F2436310524F48536910560
:20B0E0003CF416C02436310531F08436910584F484E690E00DC0473051056105710514F07D
:20B10000069706C04A3F5F4F6F4F7F4F6CF4069690931502809314021092C3141092C414B7
:20B120001092C5141092C61480911402909115028A3091053CF0883EB3E09B072CF087EEB1
:20B1400093E002C08AE090E090931502809314020E94788D182F60E080E00E94A97580901F
:20B160007D0E90907E0EA0907F0EB090800E8091D8149091D914BC01990F880B990B0E94C4
:20B18000C0EC6B017C0182E00E949E7520E030E040E05FE3C501B4010E94D1F00E9415F20A
:20B1A000CB010E9417BF0E945ED86FE287EC98E00E94D8BB80915F08111126C0882321F1C5
:20B1C00060E287EC98E00E94D8BB20E030E040E251E4C701B6010E94F7F287FD05C060E211
:20B1E00087EC98E00E94D8BB20E030E048EC52E4C701B6010E94F7F287FD15C060E287EC9D
:20B2000098E00E94D8BB0FC020E030E040E05FE3C701B6010E94D1F00E9415F2CB010E9447
:20B22000EBBE0E945ED881E00E949E7560E287EC98E00E94D8BB20E030E040E251E4C701E6
:20B24000B6010E94BAEC87FF05C060E287EC98E00E94D8BB60E08AE00E94A9758090600860
:20B2600090906108A0906208B09063088091D6149091D714BC01990F880B990B0E94C0EC0F
:20B280006B017C0180E00E949E7520E030E040E05FE3C501B4010E94D1F00E9415F2CB01EB
:20B2A0000E9417BF0E945ED86FE287EC98E00E94D8BB80916408111126C0882321F160E249
:20B2C00087EC98E00E94D8BB20E030E040E251E4C701B6010E94F7F287FD05C060E287ECDF
:20B2E00098E00E94D8BB20E030E048EC52E4C701B6010E94F7F287FD15C060E287EC98E097
:20B300000E94D8BB0FC020E030E040E05FE3C701B6010E94D1F00E9415F2CB010E94EBBE15
:20B320000E945ED881E00E949E7560E287EC98E00E94D8BB20E030E040E251E4C701B601D7
:20B340000E94BAEC87FF05C060E287EC98E00E94D8BB61E080E00E94A975112329F08DE8D5
:20B360009EE00E94A3B40FC080915304811102C06FE305C0809156048111F1CF60E287EC42
:20B3800098E00E94D8BB20E030E0A9016091080C7091090C80910A0C90910B0C0E94D1F069
:20B3A0000E9415F2CB010E9484BE0E945ED860E287EC98E00E94D8BB112329F08BE89EE0BC
:20B3C0000E94A3B40FC080915404811102C06FE305C0809157048111F1CF60E287EC98E0E6
:20B3E0000E94D8BB20E030E0A90160910C0C70910D0C80910E0C90910F0C0E94D1F00E94CF
:20B4000015F2CB010E9484BE0E945ED861E08CE00E94A975112329F089E89EE00E94A3B4FB
:20B420000FC080915504811102C06FE305C0809158048111F1CF60E287EC98E00E94D8BB47
:20B440002CEA35EC47E257E36091100C7091110C8091120C9091130C0E94D1F020E030E045
:20B4600048EC52E40E941FED0E9415F26B017C0197FD16C0603127E2720781059105D4F0C5
:20B4800020E137E240E050E00E94BCF3CA01B9012AE030E040E050E00E94BCF3605D0BC029
:20B4A000F094E094D094C094C11CD11CE11CF11C6DE201C060E26093DD1438EEC31633E0C0
:20B4C000D306E104F10494F0C701B60128EE33E040E050E00E94BCF3CA01B9012AE030E04D
:20B4E00040E050E00E94BCF3605D01C060E26093DE14C701B60124E630E040E050E00E947B
:20B50000BCF36AE0862E912CA12CB12CCA01B901A50194010E94BCF3605D6093DF14C7019B
:20B52000B601A50194010E94BCF36B017C01672B682B692B79F08EE28093E014CA01B901C1
:20B54000A50194010E94BCF3605D6093E11480E38C0D15C0CA01B901A50194010E94BCF3D8
:20B56000662339F08EE28093E014605D6093E11405C080E28093E1148093E01480E2809352
:20B58000E2148DED94E10E945ED862E080E00E94A97586E00E949E75809114029091150212
:20B5A0000E9417BF0E945ED865E287EC98E00E94D8BB62E087E00E94A97586E89EE00E94DD
:20B5C000A3B480913509882379F18091350B882329F18091620990916309A0916409B091B2
:20B5E00065090097A105B105C1F0BC01CD016D597F4F8F4F9F4F24E630E040E050E00E9442
:20B6000095F0609166097091670980916809909169090E9495F0822F01C080E090E00E94B4
:20B6200017BF0E945ED804C082E89EE00E94A3B465E287EC98E00E94D8BB0E946F762CE3BA
:20B64000C22ED12CE12CF12CA70196010E9495F0CA01B901A70196010E9495F0C9018E0129
:20B660000A5E1F4F24363105B8F47F936F9368E170E00E9495F39F938F9388E79EE09F936E
:20B680008F931F930F930E9453EC0FB6F894DEBF0FBECDBF95E012C07F936F933F932F931D
:20B6A00080E79EE09F938F931F930F930E9453EC0FB6F894DEBF0FBECDBF96E062E083E1B9
:20B6C000891B0E94A97587E00E949E75C8010E94B1B463E080E00E94A9758091350B8823BB
:20B6E00009F479C08091620990916309A0916409B09165090097A105B10509F46CC0BC01E5
:20B70000CD016D597F4F8F4F9F4F24E630E040E050E00E9495F06091660970916709809188
:20B720006809909169090E9495F0233008F453C028A30E940ABBC090790ED0907A0EE0901B
:20B740007B0EF0907C0EDC01CB018C199D09AE09BF09885B9B40A109B10928A1B7FF04C07E
:20B7600080912502811137C0BCE32B9FC001112464E670E00E94A9F3CB0163E070E00E94D0
:20B78000A9F3FC011D8A40E294E18B01015011099F01265C3C4F69019150C0F0292F30E0CB
:20B7A0002017310741F02617370731F4309721F0D6014C9101C045E0EE24E394F12CEC0E37
:20B7C000FD1E2E0D3F1DD9014C93E6CFCE0101960E945ED802C00E94BE75A0960FB6F894ED
:20B7E000DEBF0FBECDBFDF91CF911F910F91FF90EF90DF90CF90BF90AF909F908F900895DE
:20B80000CF93DF9300D01F92CDB7DEB75C834B837A836983BE016D5F7F4FCE0101960E94C3
:20B8200091840F900F900F900F90DF91CF91089580915E088630D8F496E0899FF00111244D
:20B84000E459F74F2091770230917802318320834091C3145091C4146091C5147091C614A3
:20B8600042835383648375838F5F80935E08089540E050E0BA018BEB97E50C943DB52F92FA
:20B880003F924F925F926F927F928F929F92AF92BF92CF92DF92EF92FF920F931F93CF9375
:20B8A000DF93CDB7DEB7CA54D1090FB6F894DEBF0FBECDBF1092720E8091C3149091C414BB
:20B8C000A091C514B091C61481309048A105B10540F01092C3141092C4141092C51410921E
:20B8E000C6141091C314809190081816DCF4282F082E000C330B21503109412F012E000C22
:20B90000550B4217530774F01FEF180F812F90E0A0E0B0E08093C3149093C414A093C5145A
:20B92000B093C6141092920880919308181714F41093930880919308082E000C990B039662
:20B94000212F012E000C330B8217930724F48DEF810F8093930820909308312C81E094E498
:20B96000492E9EE0592EFE0131967F012AE0622E712C39E3C32E3EE0D32E41E3A42E4EE07E
:20B98000B42E58E2852E5EE0952E211026C08823B1F01116A4F08091C3149091C414A091A7
:20B9A000C514B091C6140196A11DB11D8093C3149093C414A093C514B093C6141F5F8091D3
:20B9C0007602882309F4A0C020E030E041E063E67EE0832D0E9480E397C0F1E02F125EC0D3
:20B9E0008091730E811106C080917602882309F48BC04BC01130C1F71092640E39DF10930E
:20BA0000640E15988091560E9091570EB3010E9495F39F938F937F936F93DF92CF92FF9263
:20BA2000EF920E9453ECC7010E94EC708091630E8F938091620E8F938091610E8F938091E4
:20BA4000600E8F93BF92AF92FF92EF920E9453ECC7010E94EC708091590E8F938091580EFA
:20BA60008F939F928F92FF92EF920E9453ECC7010E94EC700FB6F894DEBF0FBECDBF809141
:20BA80009208882309F4B0CF48C081E0113009F080E000E22EE346E55EE033C032E023124C
:20BAA00033C08091730E811105C080917602882359F11FC01230C9F71092640E10923C0E4B
:20BAC000E9E4FEE02DE011922A95E9F75F924F92FF92EF920E9453ECC7010E94EC70C8DE3B
:20BAE0000F900F900F900F90809192088823E9F214C081E0123009F080E000E22EE349E4A9
:20BB00005EE0632D0E946BB43394239480E034E033123BCF83E080939008C65BDF4F0FB633
:20BB2000F894DEBF0FBECDBFDF91CF911F910F91FF90EF90DF90CF90BF90AF909F908F90AB
:20BB40007F906F905F904F903F902F900895E0915E08EE2389F0E150E0935E0886E0E89F86
:20BB6000F0011124E459F74F4281538164817581808191810C943DB57BCECF93DF9300D018
:20BB80001F92CDB7DEB78091730E882321F010926D0EDDDF64C08091C3149091C414A0917E
:20BBA000C514B091C6140097A105B10589F11092C3141092C4141092C5141092C61421E039
:20BBC0002093760220915804222351F020916A0830916B08280F391F30936B0820936A0866
:20BBE000092E000CAA0BBB0B40914D0850914E0860914F0870915008840F951FA61FB71FA7
:20BC000080934D0890934E08A0934F08B093500880917602882319F160914D0870914E0843
:20BC200080914F08909150080E94C0EC9B01AC0160913E0470913F0480914004909141045A
:20BC40000E941FED69837A838B839C83CE0101960E94E9D7BC018AE19FE00E94BDB40F90FF
:20BC60000F900F900F90DF91CF910895CF92DF92EF92FF920F931F93CF93DF931092720E4C
:20BC80008091C3149091C414A091C514B091C61481309048A105B10540F01092C31410926E
:20BCA000C4141092C5141092C614C091C314809191081816DCF4282F082E000C330B21509D
:20BCC00031094C2F0C2E000C550B4217530774F0CFEFC80F8C2F90E0A0E0B0E08093C31438
:20BCE0009093C414A093C514B093C6141092920880919308C81714F4C093930880919308B7
:20BD0000082E000C990B03962C2F0C2E000C330B8217930724F48DEF8C0F80939308D09154
:20BD2000930810E08CE3E82E8EE0F82E9DE9C92E9EE0D92ED1111BC08091730E811105C0B7
:20BD400080917602882399F008C0C111F9CFFFDE809192088823A1F388C181E0C11180E021
:20BD600003E023E04EE05FE0612F0E946BB48091030990910409891B8F7019F580913509D4
:20BD800081111FC0D13001F58091730E811105C0809176028823C9F10BC0C130C9F786E47E
:20BDA00099E40E94D98D80919208882389F35DC181E0C13009F080E00EE32EE341E05FE001
:20BDC00021C0D13009F431C1D230F9F48091730E811105C0809176028823B9F00BC0C23020
:20BDE000C9F784E99DE60E94D98D80919208882389F33BC181E0C23009F080E00EE32EE30F
:20BE000049EF5EE0612F0E946BB480913609882309F4BDC08091350B882309F498C0809184
:20BE20003509882331F1D33009F057C08091730E811106C080917602882309F414C110C024
:20BE4000C330C1F7109235090E9470D76FEF8FE89EE00E94C38A80919208882359F305C1C4
:20BE600081E0C33009F080E000E22EE34DEE5EE030C0D33091F58091730E811106C0809135
:20BE80007602882309F4EFC01CC0C330C1F70E94A5760E94DD846FEF8CE99EE00E94C38A4C
:20BEA000FF92EF92DF92CF921F920E94C5840F900F900F900F900F90809192088823F9F2A6
:20BEC000D4C081E0C33009F080E000E22EE342ED5EE0612F0E946BB4C6C0D43009F0C3C06A
:20BEE0008091730E811105C080917602882369F121C0C430C9F70E947A7580916508809314
:20BF0000190810921A080E9446C50E9485750E949AB81092DB141092DA14109216026FEFC6
:20BF200080EA9EE00E94C38AA3DC809192088823D9F29BC081E0C43009F080E000E22EE38E
:20BF400047EC5EE0612F0E946BB485E065C0D33009F040C08091730E811105C08091760227
:20BF60008823B1F10BC0C330C9F789E798E70E94D98D80919208882389F377C081E0C330A2
:20BF800009F080E00EE32EE349EB5EE01EC0D33009F58091730E811105C0809176028823D8
:20BFA000B9F00BC0C330C9F789E798E70E94D98D80919208882389F358C081E0C33009F02C
:20BFC00080E00EE32EE34EEA5EE0612F0E946BB484E022C084E0D8131FC08091730E8111A0
:20BFE00005C0809176028823B1F00BC0CD13F9CF8BEB97E60E94D98D80919208882389F367
:20C0000034C081E0CD1380E00EE32EE34FED5EE0612F0E946BB48D2F1F5FDF5F143009F009
:20C0200089CE8F5F8093910820C08091730E811106C080917602882309F4E7CE0BC0C130A3
:20C04000C1F786E29BE40E94D98D80919208882381F30BC081E0C13009F080E00EE32EE3F7
:20C0600049E05FE0CFCE85E0B6CFDF91CF911F910F91FF90EF90DF90CF900895CF92DF9266
:20C08000EF92FF920F931F93CF93DF9300D01F92CDB7DEB78091C3149091C414A091C514E1
:20C0A000B091C614B7FF08C01092C3141092C4141092C5141092C6148091C7149091C81414
:20C0C000A091C914B091CA144091C3145091C4146091C5147091C61484179507A607B7078B
:20C0E00044F48093C3149093C414A093C514B093C61480917602882379F14091C3145091D3
:20C10000C4146091C5147091C6148091CB149091CC14A091CD14B091CE146A017B01C80EBF
:20C12000D91EEA1EFB1EC701B6010E94BEEC20E030E048EC52E40E941FED69837A838B83FD
:20C140009C83CE0101960E941CBDBC018091D1149091D2140E94BDB48091730E1091D314F8
:20C16000811106C01123D9F1809176028823B9F14091C3145091C4146091C5147091C61485
:20C180008091CB149091CC14A091CD14B091CE146A017B01C80ED91EEA1EFB1EC701B60125
:20C1A0000E94BEEC20E030E048EC52E40E941FED0E941AF2E091CF14F091D014309721F0CC
:20C1C0006083718382839383112329F0E091D414F091D51419958091730E8111B8DC8091E6
:20C1E000730E882329F0E091D414F091D51419950F900F900F900F90DF91CF911F910F91ED
:20C20000FF90EF90DF90CF9008951F93CF93DF931092720E8091C3149091C414A091C51412
:20C22000B091C61481309048A105B10540F01092C3141092C4141092C5141092C614C09193
:20C24000C31480919A0818160CF5282F082E000C330B245031094C2F0C2E000C550B421726
:20C260005307A4F084301CF0CCEFC80F01C0C0E08C2F0C2E000C990BAA0BBB0B8093C31413
:20C280009093C414A093C514B093C614C0939308D0E012E0C1110BC080917602882309F41C
:20C2A00040C020E030E041E065E270E117C0C13051F4809176028823A1F120E030E041E0B1
:20C2C00066E170E10BC0C23069F480917602882341F120E030E041E066E070E18D2F0E9420
:20C2E00080E31FC0C33051F4809176028823C9F020E030E041E06FEF7FE0F0CFC43089F4B9
:20C3000080917602882359F020E030E040E064EF7FE08D2F0E9480E38D2F0E94A0E5109377
:20C320007602DF5FCF5FD43009F0B4CF85E080939A08DF91CF911F9108951F93CF93DF93DC
:20C340001092720E8091C3149091C414A091C514B091C61481309048A105B10540F01092FE
:20C36000C3141092C4141092C5141092C614C091C31480919B0818160CF5282F082E000CD1
:20C38000330B245031094C2F0C2E000C550B42175307A4F084301CF0CCEFC80F01C0C0E096
:20C3A0008C2F0C2E000C990BAA0BBB0B8093C3149093C414A093C514B093C614C093930861
:20C3C000D0E012E0C1110AC0809176028823A1F120E030E041E066E570E117C0C13051F47F
:20C3E00080917602882341F120E030E041E06DE470E10BC0C23069F4809176028823E1F0E5
:20C4000020E030E041E06DE370E18D2F0E9480E313C0C33089F480917602882359F020E0C9
:20C4200030E040E062E370E18D2F0E9480E38D2F0E94A0E510937602DF5FCF5FD43011F600
:20C44000D0939B08DF91CF911F9108951F93CF93DF931092720E8091C3149091C414A091FF
:20C46000C514B091C61481309048A105B10540F01092C3141092C4141092C5141092C614C9
:20C48000C091C31480919E0818160CF5282F082E000C330B245031094C2F0C2E000C550BE8
:20C4A00042175307A4F084301CF0CCEFC80F01C0C0E08C2F0C2E000C990BAA0BBB0B80934F
:20C4C000C3149093C414A093C514B093C614C0939308D0E012E0C1110BC080917602882300
:20C4E00009F440C020E030E041E069E071E117C0C13051F4809176028823A1F120E030E090
:20C5000041E069EF70E10BC0C23069F480917602882341F120E030E041E068EE70E18D2F3D
:20C520000E9480E31FC0C33051F4809176028823C9F020E030E041E069ED70E1F0CFC43067
:20C5400089F480917602882359F020E030E040E06EEC70E18D2F0E9480E38D2F0E94A0E562
:20C5600010937602DF5FCF5FD43009F0B4CF85E080939E08DF91CF911F9108951F93CF9365
:20C58000DF931092720E8091C3149091C414A091C514B091C61481309048A105B10540F0EC
:20C5A0001092C3141092C4141092C5141092C614C091C31480919F0818160CF5282F082EF5
:20C5C000000C330B245031094C2F0C2E000C550B42175307A4F084301CF0CCEFC80F01C0E8
:20C5E000C0E08C2F0C2E000C990BAA0BBB0B8093C3149093C414A093C514B093C614C0931A
:20C600009308D0E012E0C1110AC0809176028823A1F120E030E041E068E371E117C0C130E5
:20C6200051F480917602882341F120E030E041E06FE271E10BC0C23069F48091760288232D
:20C64000E1F020E030E041E061E271E18D2F0E9480E313C0C33089F480917602882359F0C2
:20C6600020E030E040E066E171E18D2F0E9480E38D2F0E94A0E510937602DF5FCF5FD430C2
:20C6800011F6D0939F08DF91CF911F9108951F93CF93DF931092720E8091C3149091C414E3
:20C6A000A091C514B091C61481309048A105B10540F01092C3141092C4141092C514109230
:20C6C000C614C091C3148091A00818160CF5282F082E000C330B245031094C2F0C2E000C2A
:20C6E000550B42175307A4F084301CF0CCEFC80F01C0C0E08C2F0C2E000C990BAA0BBB0BC0
:20C700008093C3149093C414A093C514B093C614C0939308D0E012E0C1110AC08091760256
:20C720008823A1F120E030E041E06AE671E117C0C13051F480917602882341F120E030E066
:20C7400041E061E671E10BC0C23069F4809176028823E1F020E030E041E060E571E18D2F7C
:20C760000E9480E313C0C33089F480917602882359F020E030E040E065E471E18D2F0E94CB
:20C7800080E38D2F0E94A0E510937602DF5FCF5FD43011F6D093A008DF91CF911F91089599
:20C7A0001F93CF93DF931092720E8091C3149091C414A091C514B091C61481309048A1059C
:20C7C000B10540F01092C3141092C4141092C5141092C614C091C31480919D0818160CF57C
:20C7E000282F082E000C330B245031094C2F0C2E000C550B42175307A4F084301CF0CCEFD1
:20C80000C80F01C0C0E08C2F0C2E000C990BAA0BBB0B8093C3149093C414A093C514B0938C
:20C82000C614C0939308D0E012E0C1110AC0809176028823A1F120E030E041E061EC70E15D
:20C8400017C0C13051F480917602882341F120E030E041E061EB70E10BC0C23069F480916C
:20C8600076028823E1F020E030E041E064EA70E18D2F0E9480E313C0C33089F48091760267
:20C88000882359F020E030E040E069E970E18D2F0E9480E38D2F0E94A0E510937602DF5FD4
:20C8A000CF5FD43011F6D0939D08DF91CF911F9108951F93CF93DF931092720E8091C3148A
:20C8C0009091C414A091C514B091C61481309048A105B10540F01092C3141092C414109290
:20C8E000C5141092C614C091C31480919C0818160CF5282F082E000C330B245031094C2FD7
:20C900000C2E000C550B42175307A4F084301CF0CCEFC80F01C0C0E08C2F0C2E000C990BD2
:20C92000AA0BBB0B8093C3149093C414A093C514B093C614C0939308D0E012E0C1110AC042
:20C94000809176028823A1F120E030E041E06CE870E117C0C13051F480917602882341F1C8
:20C9600020E030E041E06DE770E10BC0C23069F4809176028823E1F020E030E041E06EE63D
:20C9800070E18D2F0E9480E313C0C33089F480917602882359F020E030E040E063E670E1FB
:20C9A0008D2F0E9480E38D2F0E94A0E510937602DF5FCF5FD43011F6D0939C08DF91CF916A
:20C9C0001F910895CF93DF931092720E8091C3149091C414A091C514B091C6148130904885
:20C9E000A105B10540F01092C3141092C4141092C5141092C614C091C3148091A1081816B1
:20CA00000CF5282F082E000C330B245031094C2F0C2E000C550B42175307A4F084301CF068
:20CA2000CCEFC80F01C0C0E08C2F0C2E000C990BAA0BBB0B8093C3149093C414A093C514F2
:20CA4000B093C614C0939308D0E0C1110AC080917602882301F120E030E041E060E971E18D
:20CA600017C0C13051F4809176028823A1F020E030E041E061E871E10BC0C23061F48091F5
:20CA80007602882341F020E030E041E067E771E18D2F0E9480E3DF5FCF5FD430B1F683E036
:20CAA0008093A108DF91CF910895CF93DF938091730E882319F0DF91CF9149C81092720E30
:20CAC0008091C3149091C414A091C514B091C61481309048A105B10540F01092C314109220
:20CAE000C4141092C5141092C614C091C3148091960818160CF5282F082E000C330B245016
:20CB000031094C2F0C2E000C550B42175307A4F084301CF0CCEFC80F01C0C0E08C2F0C2ECB
:20CB2000000C990BAA0BBB0B8093C3149093C414A093C514B093C614C0939308D0E0C1114C
:20CB40000BC080917602882309F444C020E030E041E066E67FE03BC0C13051F4809176023F
:20CB60008823C1F120E030E041E06EE57FE02FC0C23051F480917602882361F120E030E0B9
:20CB800041E06DE47FE023C0C33051F480917602882301F120E030E041E065E47FE017C0D3
:20CBA000C43051F4809176028823A1F020E030E041E062E37FE00BC0C53061F48091760204
:20CBC000882341F020E030E041E065E27FE08D2F0E9480E3DF5FCF5FD43009F0B0CF86E093
:20CBE00080939608DF91CF910895CF92DF92EF92FF920F931F93CF93DF931092720E8091D8
:20CC0000C3149091C414A091C514B091C61481309048A105B10540F01092C3141092C41417
:20CC20001092C5141092C614C091C314809199081816DCF4282F082E000C330B21503109A3
:20CC40004C2F0C2E000C550B4217530774F0CFEFC80F8C2F90E0A0E0B0E08093C3149093BF
:20CC6000C414A093C514B093C6141092920880919308C81714F4C093930880919308082E14
:20CC8000000C990B03962C2F0C2E000C330B8217930724F48DEF8C0F809393081091930820
:20CCA000D0E081E0EE24E394F12C22E0C22ED12C111126C08823B1F01C16A4F08091C314CC
:20CCC0009091C414A091C514B091C6140196A11DB11D8093C3149093C414A093C514B093DF
:20CCE000C614CF5F80917602882309F449C020E030E041E064EE7FE08D2F0E9480E340C04F
:20CD00001130E9F48091730E811105C0809176028823B1F10BC0C130C9F7D0929508C09269
:20CD2000940880919208882389F333C081E0C13009F080E000E22EE347ED5FE01EC0123061
:20CD4000F9F48091730E811105C0809176028823B9F00BC0C230C9F7F0929508E092940876
:20CD600080919208882389F314C081E0C23009F080E000E22EE34AEC5FE06D2F0E946BB49C
:20CD8000DF5F1F5F80E0D43009F092CF83E080939908DF91CF911F910F91FF90EF90DF9065
:20CDA000CF900895FF920F931F93CF93DF931092720E8091C3149091C414A091C514B09170
:20CDC000C61481309048A105B10540F01092C3141092C4141092C5141092C614C091C31452
:20CDE000809198081816DCF4282F082E000C330B215031094C2F0C2E000C550B421753072E
:20CE000074F0CFEFC80F8C2F90E0A0E0B0E08093C3149093C414A093C514B093C61410922E
:20CE2000920880919308C81714F4C093930880919308082E000C990B03962C2F0C2E000C0B
:20CE4000330B8217930724F48DEF8C0F8093930810919308D0E081E092E0F92E111123C099
:20CE60008823B1F01C16A4F08091C3149091C414A091C514B091C6140196A11DB11D809364
:20CE8000C3149093C414A093C514B093C614CF5F80917602882309F460C020E030E041E0E7
:20CEA0006BEB7FE023C0113029F58823B1F0C230A4F48091C3149091C414A091C514B09179
:20CEC000C6140196A11DB11D8093C3149093C414A093C514B093C614CF5F809176028823E5
:20CEE000E1F120E030E040E066EA7FE08D2F0E9480E333C01230F1F48091730E811105C0BD
:20CF000080917602882349F109C0C230C9F70E94A75D80919208882399F327C081E0C23066
:20CF200009F080E003E023E041EA5FE06D2F0E946BB413C0133089F480917602882359F0DB
:20CF400020E030E040E066E97FE08D2F0E9480E38D2F0E94A0E5F0927602DF5F1F5F80E039
:20CF6000D43009F07BCFD0939808DF91CF911F910F91FF9008950F931F93CF93DF93109251
:20CF8000720E8091C3149091C414A091C514B091C61481309048A105B10540F01092C3147D
:20CFA0001092C4141092C5141092C614C091C314809197081816DCF4282F082E000C330B53
:20CFC000215031094C2F0C2E000C550B4217530774F0CFEFC80F8C2F90E0A0E0B0E080938B
:20CFE000C3149093C414A093C514B093C6141092920880919308C81714F4C0939308809168
:20D000009308082E000C990B03962C2F0C2E000C330B8217930724F48DEF8C0F8093930807
:20D0200010919308D0E011111BC08091730E811106C080917602882309F472C009C0C1111F
:20D04000F8CF0E94A75D80919208882391F36FC081E0C11180E003E023E041E95FE05DC05B
:20D060001130F1F48091730E811106C080917602882309F455C00BC0C130C1F785E595E601
:20D080000E94D98D80919208882381F350C081E0C13009F080E00EE32EE344E85FE03DC099
:20D0A0001230E9F48091730E811105C0809176028823B1F10BC0C230C9F787EB96E70E9484
:20D0C000D98D80919208882389F331C081E0C23009F080E00EE32EE349E75FE01EC01330E9
:20D0E000F9F48091730E811105C0809176028823B9F00BC0C330C9F788ED97E70E94D98D04
:20D1000080919208882389F312C081E0C33009F080E00EE32EE34DE65FE06D2F0E946BB4ED
:20D12000DF5F1F5FD43009F07ECFD0939708DF91CF911F910F9108958091C3149091C41449
:20D14000A091C514B091C614B7FF08C01092C3141092C4141092C5141092C6148091C71456
:20D160009091C814A091C914B091CA144091C3145091C4146091C5147091C6148417950748
:20D18000A607B70744F48093C3149093C414A093C514B093C61480917602882399F0209170
:20D1A000CB143091CC148091C3149091C414820F931F0E9417BFBC018091D1149091D21499
:20D1C0000E94BDB48091730E2091D314811106C0222311F1809176028823F1F04091CB14AE
:20D1E0005091CC148091C3149091C414840F951FE091CF14F091D014309711F091838083AE
:20D20000222329F0E091D414F091D51419958091730E81110E94A75D8091730E08958A308C
:20D22000910508F05FC0FC018827EE58FF4F8F4F0C94D8F381E080936D0E40E050E0BA01BE
:20D2400085E091E608C081E080936D0E40E050E0BA018DE991E60C943DB581E080936D0EC2
:20D2600040E050E0BA0186E292E6F5CF81E080936D0E40E050E0BA018EEB92E6ECCF81E0F8
:20D2800080936D0E40E050E0BA0187E493E6E3CF81E080936D0E40E050E0BA0180ED93E67F
:20D2A000DACF81E080936D0E40E050E0BA0189E594E6D1CF81E080936D0E10929508109273
:20D2C000940840E050E0BA0185EF95E6C4CF81E080936D0E40E050E0BA0182EE94E6BBCFB7
:20D2E0000C94385C08952CEA35EC47E25EE36091BD087091BE088091BF089091C0080E94DC
:20D30000ADF16093A6087093A7088093A8089093A90808952CEA35EC47E25EE36091C1088D
:20D320007091C2088091C3089091C4080E941FED6093AA087093AB088093AC089093AD08B1
:20D3400008953F924F925F926F927F928F929F92AF92BF92CF92DF92EF92FF920F931F935F
:20D36000CF93DF931092720E8091C3149091C414A091C514B091C61481309048A105B105CC
:20D3800040F01092C3141092C4141092C5141092C614C091C3148091C5081816DCF4282F18
:20D3A000082E000C330B215031094C2F0C2E000C550B4217530774F0CFEFC80F8C2F90E04A
:20D3C000A0E0B0E08093C3149093C414A093C514B093C6141092920880919308C81714F460
:20D3E000C093930880919308082E000C990B03962C2F0C2E000C330B8217930724F48DEF6E
:20D400008C0F8093930830909308D0E054E6452E512C612C712C60EEC62E66E8D62E73E776
:20D42000A72E79E6B72EEAE88E2EE9E69E2E31101EC08091730E811106C08091760288236D
:20D4400009F4D6C109C0C111F8CF0E94A75D80919208882391F325C381E0C11180E003E0F8
:20D4600023E04DEF52E16D2F0E946BB4C1C181E0381235C08091730E811106C08091760248
:20D48000882309F4B5C11DC0C130C1F7C093720E10926E0E10926F0E1092700E1092710E97
:20D4A00009E119E424E031E040E050E068ED74E186EF92E10E94DCE6809192088823F1F2F1
:20D4C000F0C28091D8149091D9140E9417BF9C0181E0C13009F080E04FEE52E186C192E0A6
:20D4E000391236C08091730E811106C080917602882309F47DC11EC0C230C1F781E0809396
:20D50000720E10926E0E10926F0E1092700E1092710E0CE119E427E830E040E050E066ED61
:20D5200074E18BEE92E10E94DCE6809192088823E9F2B7C28091D6149091D7140E9417BF1D
:20D540009C0181E0C23009F080E047EE52E14DC1A3E03A1234C08091730E811106C080914E
:20D560007602882309F444C11CC0C330C1F781E08093720E10926E0E10926F0E1092700EAE
:20D580001092710E2FEF30E040E050E06AED74E18DED92E10E94E1E4809192088823F9F2AB
:20D5A00080C28091DA149091DB140E9417BF9C0181E0C33009F080E043ED52E116C1B4E08A
:20D5C0003B122CC08091730E811105C080917602811111C00DC1C430C9F79091AE0881E083
:20D5E00089278093AE0883E08093760280919208882361F356C28091AE08811103C022ECD8
:20D6000032E102C026EC32E181E0C43009F080E04AEC52E16D2F0E94D5D8EAC025E032121B
:20D6200041C08091730E811106C080917602882309F4DEC014C0C530C1F7E12CF12C02E89B
:20D6400013E420E030E0A90161E272E08BEB92E10E946AE480919208882339F322C281E0E4
:20D660008F9384E08F931F921F9281E292E09F938F93ADEAB2E1BF93AF93A4EBB2E1BF9345
:20D68000AF93DF9381E0C53009F080E08F930E9488E58DB79EB70C960FB6F8949EBF0FBE40
:20D6A0008DBFA6C096E0391241C08091730E811106C080917602882309F49AC014C0C630B7
:20D6C000C1F7E12CF12C02E813E420E030E0A9016DE172E086EA92E10E946AE480919208AF
:20D6E000882339F3DEC181E08F9384E08F931F921F928DE192E09F938F93A8E9B2E1BF939F
:20D70000AF93AFE9B2E1BF93AF93DF9381E0C63009F080E08F930E9488E58DB79EB70C967A
:20D720000FB6F8949EBF0FBE8DBF62C097E039125FC08091730E811106C080917602882301
:20D7400009F456C047C0C730C1F70E94185C83E080937602A0E9B2E1B093D214A093D1149F
:20D7600089E192E09093D0148093CF141092CB141092CC141092CD141092CE144092C71419
:20D780005092C8146092C9147092CA1420E030E048EC52E46091190270911A0280911B024B
:20D7A00090911C020E941FED0E941AF26093C3147093C4148093C5149093C614ADE6B8E80D
:20D7C000B0937802A093770280919208882309F4B4CF67C189E192E00E9406BE9C0181E0A2
:20D7E000C73009F080E048E852E16D2F0E9407E82CEA35EC47E25EE36091AA087091AB0851
:20D800008091AC089091AD080E94ADF16093C1087093C2088093C3089093C4082CEA35ECA0
:20D8200047E25EE36091A6087091A7088091A8089091A9080E941FED6093BD087093BE086D
:20D840008093BF089093C008B8E03B1232C08091730E811106C080917602882309F419C137
:20D860001CC0C830C1F7E12C18E1F12E0CE116E420E030E040E85FE362EA78E082E892E115
:20D880000E94E7E389EE96E89093780280937702809192088823F9F204C182EA98E00E9472
:20D8A0009BBC9C0181E0C83009F080E04CE752E171C029E0321236C08091730E811106C0FE
:20D8C00080917602882309F4E4C020C0C930C1F7E12C18E1F12E0CE116E42AE037ED43E283
:20D8E0005CE361EC78E086E792E10E94E7E3D0927802C09277029092D5148092D4141092AA
:20D90000D314809192088823D9F2CBC081EC98E00E949BBC9C0181E0C93009F080E040E71F
:20D9200052E138C08AE0381239C08091730E811106C080917602882309F4ABC020C0CA30AF
:20D94000C1F7E12C18E1F12E0CE116E420E030E040E85FE36DEB78E08AE692E10E94E7E38A
:20D96000D0927802C0927702B092D514A092D4141092D314809192088823D9F292C08DEB47
:20D9800098E00E949BBC9C0181E0CA3009F080E044E652E16D2F0E9407E87BC09BE039123A
:20D9A00036C08091730E811106C080917602882309F46FC01EC0CB30C1F781E08093720EA2
:20D9C00010926E0E10926F0E1092700E1092710E03E61DE624E031E046E950E067E172E0CF
:20D9E00087E592E10E94DCE6809192088823E9F258C080911702909118020E9417BF9C0121
:20DA000081E0CB3009F080E04AE452E1C3CFACE03A121DC08091730E811105C08091760237
:20DA20008823B9F10BC0CC30C9F782E395EC0E94D98D80919208882389F333C081E0CC30FA
:20DA400009F080E00EE32EE349E352E11FC0BDE03B121FC08091730E811105C080917602F2
:20DA60008823B9F00BC0CD30C9F78FE295EC0E94D98D80919208882389F313C081E0CD30CD
:20DA800009F080E00EE32EE348E252E16D2F0E946BB4DF5F3394D43009F0C9CC8EE0809359
:20DAA000C508DF91CF911F910F91FF90EF90DF90CF90BF90AF909F908F907F906F905F90C4
:20DAC0004F903F9008950F931F93CF93DF93CDB7DEB76E970FB6F894DEBF0FBECDBF80915D
:20DAE00018028F93809117028F931F921F9288E192E19F938F938E010F5F1F4F1F930F934D
:20DB00000E9453ECC80168D30FB6F894DEBF0FBECDBF6E960FB6F894DEBF0FBECDBFDF911E
:20DB2000CF911F910F9108950F931F93CF93DF931092720E8091C3149091C414A091C51463
:20DB4000B091C61481309048A105B10540F01092C3141092C4141092C5141092C614C0915A
:20DB6000C3148091BC081816DCF4282F082E000C330B215031094C2F0C2E000C550B4217FF
:20DB8000530774F0CFEFC80F8C2F90E0A0E0B0E08093C3149093C414A093C514B093C614E9
:20DBA0001092920880919308C81714F4C093930880919308082E000C990B03962C2F0C2EE8
:20DBC000000C330B8217930724F48DEF8C0F8093930810919308D0E011111BC08091730E70
:20DBE000811106C080917602882309F4FBC009C0C111F8CF0E94A75D80919208882391F3FF
:20DC0000F9C081E0C11180E003E023E043E152E1E6C01130F1F48091730E811106C08091B4
:20DC20007602882309F4DEC00BC0C130C1F781EA99E60E94D98D80919208882381F3DAC05C
:20DC400081E0C13009F080E00EE32EE347E052E1C6C01230F1F48091730E811106C0809115
:20DC60007602882309F4BEC00BC0C230C1F787E19CE70E94D98D80919208882381F3BAC05A
:20DC800081E0C23009F080E00EE32EE340E052E1A6C01330F1F48091730E811106C08091FA
:20DCA0007602882309F49EC00BC0C330C1F782E89AE70E94D98D80919208882381F39AC059
:20DCC00081E0C33009F080E00EE32EE347EF51E186C01430E1F48091730E811106C08091D3
:20DCE0007602882309F47EC009C0C430C1F70E9440E280919208882391F37CC081E0C43022
:20DD000009F080E000E22EE348EE51E168C0153049F58091730E811106C080917602882386
:20DD200009F460C016C0C530C1F70E946552882319F00E94FA8908C048EB51E064E170E050
:20DD400080E090E00E94005C80919208882329F351C081E0C53009F080E000E22EE348EC9C
:20DD600051E13DC01630E9F48091730E811105C0809176028823B1F10BC0C630C9F70E946F
:20DD8000859D0E94FA8980919208882389F332C081E0C63009F080E000E22EE347EB51E171
:20DDA0001EC01730F9F48091730E811105C0809176028823B9F00BC0C730C9F78FEF9EE607
:20DDC0000E94D98D80919208882389F313C081E0C73009F080E00EE32EE346ED51E16D2FE2
:20DDE0000E946BB4DF5F1F5FD43009F0F5CE88E08093BC08DF91CF911F910F9108950F9348
:20DE00001F93CF93DF931092720E8091C3149091C414A091C514B091C61481309048A10525
:20DE2000B10540F01092C3141092C4141092C5141092C614C091C3148091BB081816DCF418
:20DE4000282F082E000C330B215031094C2F0C2E000C550B4217530774F0CFEFC80F8C2FB8
:20DE600090E0A0E0B0E08093C3149093C414A093C514B093C6141092920880919308C8174D
:20DE800014F4C093930880919308082E000C990B03962C2F0C2E000C330B8217930724F437
:20DEA0008DEF8C0F8093930810919308D0E08D2F810FD1F48091730E811105C0809176022E
:20DEC0008823B9F109C0C111F9CF0E94A75D80919208882399F334C081E0C11180E003E098
:20DEE00023E04FEA51E122C0813019F58091730E811105C0809176028823D9F00FC0C1306D
:20DF0000C9F70E94859D0E94FA890E94624D0E94A75D80919208882369F312C081E0C1308B
:20DF200009F080E000E22EE34DE951E16D2F0E946BB4DF5FD43009F0BACF82E08093BB08D4
:20DF4000DF91CF911F910F910895AF92BF92CF92DF92EF92FF920F931F93CF93DF931092C4
:20DF6000720E4091C3145091C4146091C5147091C614413050486105710540F01092C3148D
:20DF80001092C4141092C5141092C614C091C3149091C6081916DCF4292F092E000C330B21
:20DFA000215031094C2F0C2E000C550B4217530774F0CFEFC90F4C2F50E060E070E04093DA
:20DFC000C3145093C4146093C5147093C6141092920890919308C91714F4C0939308209187
:20DFE0009308022E000C330B2D5F3F4F4C2F0C2E000C550B2417350724F49DEF9C0F9093E8
:20E00000930810919308D0E090E0880F991FFC01E155F74F7F019C012D54374F6901FC01B6
:20E02000E954F74F5F0111111BC08091730E811106C080917602882309F4AFC009C0C111DB
:20E04000F8CF0E94A75D80919208882391F3ADC081E0C11180E003E023E04EE353E19AC0D4
:20E06000113039F58091730E811106C080917602882309F492C010C0C130C1F72FEF30E01D
:20E0800040E050E0B50184E393E10E94E1E480919208882359F389C0F501808191810E94A2
:20E0A00017BF9C0181E0C13009F080E04AE253E151C0123039F58091730E811106C0809166
:20E0C0007602882309F469C010C0C230C1F724E031E045E050E0B60183E293E10E94E1E41C
:20E0E00080919208882359F360C0F601808191810E9417BF9C0181E0C23009F080E04CE166
:20E1000053E128C0133051F58091730E811106C080917602882309F440C010C0C330C1F7C4
:20E1200027E830E045E050E0B70188E193E10E94E1E480919208882359F337C0F7018081DD
:20E1400091810E9417BF9C0181E0C33009F080E044E153E16D2F0E9407E81FC01430E9F465
:20E160008091730E811105C0809176028823A9F009C0C430C9F70E9440E280919208882352
:20E1800099F313C081E0C43009F080E000E22EE345E053E16D2F0E946BB4DF5F1F5FD43009
:20E1A00009F041CF85E08093C608DF91CF911F910F91FF90EF90DF90CF90BF90AF900895E9
:20E1C000BC0180E090E04AE00E9440398DE00E9439358AE00C943935EF92FF921F93CF9352
:20E1E000DF937C0160E00E94F731182F8823B1F0EBE6F3E18491EF012196882321F00E94D4
:20E200003935FE01F7CFB7018EE593E10E94F5AA82E20E9439358AE00E943935812FDF91DD
:20E22000CF911F91FF90EF9008958F929F92AF92BF92CF92DF92EF92FF920F931F93CF93A5
:20E24000DF9300D01F92CDB7DEB7FC018381813079F5818181FF2CC081899289A389B48996
:20E26000892B8A2B8B2B09F448C07F0140E050E0BA01CF010E94E03E8823D1F0F7018588EE
:20E280009688A788B08CC18CD28C82E090E0A0E0B0E0F60180839183A283B3839E012F5FD2
:20E2A0003F4FB501A401C6010E94B93D811102C080E03CC000E010E09801B501A401C601DB
:20E2C0000E94283D8823A1F389809A80AB80BC80F6018789803141F4F8EF8F16FFEF9F0662
:20E2E000A104B10460F4DACF88EF88168FEF9806A8068FE0B80618F4D1CF81E017C0F701DF
:20E30000158A168A178A108E118A128A138A148A818180688183C7010E949F3E882341F2FA
:20E3200040E050E0BA01C7010E94E03E0F900F900F900F90DF91CF911F910F91FF90EF90A0
:20E34000DF90CF90BF90AF909F908F9008952F923F924F925F926F927F928F929F92AF926D
:20E36000BF92CF92DF92EF92FF920F931F93CF93DF93CDB7DEB7C257D1090FB6F894DEBF46
:20E380000FBECDBF7C015B014A012DB73EB7AF963FAF2EAFAF97AD961FAEAD972B0134E03D
:20E3A000430E511C8E01015A1F4F97EC692E92E0792E80E490E08C0F9D1F0496E1969FAF8A
:20E3C0008EAFE197F5018781823008F488C184859585A685B7858F719927AA27BB27892BE2
:20E3E0008A2B8B2B09F07BC125E439E0232B11F01092450945E459E0BE016F5F7F4FC2019C
:20E400000E94284218160CF06AC18C85482F4871403109F0DAC02091E40B3091E50B215094
:20E4200031092230310508F4D0C02DB63EB6BE016F5F7F4FC8010E949A3C81E0F7019081B1
:20E440009111BBC0E1E0F0E0D8010D900020E9F7E01BF10BEA0FFB1F31962DB73EB72E1BA5
:20E460003F0B0FB6F8943EBF0FBE2DBFEDB7FEB731966F01811102C0B70102C06FE373E048
:20E48000C6010E943AF4B801C6010E941BF46FE373E0C6010E941BF425961FAE2597289695
:20E4A0001FAE289724961FAE1EAE249722967FAE6EAE229721E0A801B201E1968EAD9FADAD
:20E4C000E1970E94DB44811150C08091E40B9091E50B892B09F049C0EBE6F3E184919F0140
:20E4E0002F5F3F4F882381F0E2962FAFE297E3963FAFE3970E943935E2962FADE297E396DE
:20E500003FADE397F901EACFEAE4F3E184919F012F5F3F4F811102C0980110C0E2962FAF5C
:20E52000E297E3963FAFE3970E943935E2962FADE297E3963FADE397F901E8CFF901819108
:20E540009F01882379F0E2962FAFE297E3963FAFE3970E943935E3963FADE397E2962FAD14
:20E56000E297ECCF8AE00E9439358BE1FE01EC5BFF4FDE01959601900D928A95E1F7249602
:20E580008EAD9FAD24979CA38BA37AA269A240E050E0BE016F5D7F4FC601D9DECE01819698
:20E5A0000E9460B1CE01805C9F4F0E9460B10FB6F8943EBE0FBE2DBE05CF80E00190002072
:20E5C000E9F73197EE19FF093FCF9981992309F486C0953E09F4F6CE9E3209F4F3CE90911A
:20E5E00045099E3209F4EECE8A7009F0EBCE81E0403109F080E080933709811108C08985B2
:20E60000873409F0DFCE8A858E3709F4DBCE8091E40B9091E50B8130910579F08230910516
:20E62000C1F1892B09F0CECEBE016F5F7F4F88E399E00E949A3C67010AC08091E60B9091D3
:20E64000E70B01969093E70B8093E60BBBCEF60181916F01882319F00E943935F8CF88E320
:20E66000C82E89E0D82EF60181916F01882319F00E943935F8CF80E20E9439356D8D7E8DBA
:20E680008F8D98A14AE00E9440398AE00E94393599CEBE016F5F7F4F88E399E00E949A3C48
:20E6A0008114910441F068E379E0C4010E9408F4892B69F414C0AD963FADAD97832F90E07E
:20E6C0002091EA0B3091EB0B8217930741F0AD963FADAD973F5FAD963FAFAD9773CEAF966D
:20E6E0008EAD9FADAF970FB6F8949EBF0FBE8DBFCE58DF4F0FB6F894DEBF0FBECDBFDF917B
:20E70000CF911F910F91FF90EF90DF90CF90BF90AF909F908F907F906F905F904F903F90E6
:20E720002F900895EF92FF920F931F93CF93DF93CDB7DEB76F970FB6F894DEBF0FBECDBFDD
:20E740007B0109E819E02BE839E0F8013183208322E030E03093E50B2093E40B9093EB0B57
:20E760008093EA0B40E050E0BA018FE899E00E94E03EF801808191812BE1FC013496DE0118
:20E78000159601900D922A95E1F7FC01828193819C838B8387EC92E09A838983A701BE0151
:20E7A0006F5F7F4F8EE393E0D2DDCE0101960E9460B16F960FB6F894DEBF0FBECDBFDF9155
:20E7C000CF911F910F91FF90EF900895EF92FF920F931F93CF93DF93CDB7DEB76F970FB6C0
:20E7E000F894DEBF0FBECDBF89E8E82E89E0F82E8BE899E0F7019183808381E090E0909392
:20E80000E50B8093E40B06EE1BE0F8011182108240E050E0BA018FE899E00E94E03EF70146
:20E82000808191812BE1FC013496DE01159601900D922A95E1F7FC01828193819C838B8360
:20E8400087EC92E09A83898340E050E0BE016F5F7F4F8EE393E07BDDCE0101960E9460B1AA
:20E86000F801808191816F960FB6F894DEBF0FBECDBFDF91CF911F910F91FF90EF90089575
:20E880002F923F924F925F926F927F928F929F92AF92BF92CF92DF92EF92FF920F931F93E6
:20E8A000CF93DF9300D000D0CDB7DEB72DB63EB68091E10A9091E20A892B21F01092E20A98
:20E8C0001092E10A83DF009709F4F6C04DB65EB68C01899710F008E210E02BE1209FC001D5
:20E8E000219F900D11242DB73EB7281B390B0FB6F8943EBF0FBE2DBF8DB79EB701965C0192
:20E90000C801079623E0969587952A95E1F7ADB7BEB7A81BB90B0FB6F894BEBF0FBEADBF49
:20E92000EDB7FEB731966F010130110509F4B9C03501E12CF12C88248394912CF701ED5174
:20E94000F54FE08260E070E0C701ECDE80914509811103C068E379E002C065E479E04BE107
:20E9600050E0C3010E944FF4C70187709927F701A3E0F695E795AA95E1F7009721F4D60123
:20E98000AE0FBF1F1C9220913709222361F0EC0DFD1D940102C0220F331F8A95E2F7C901F8
:20E9A0009081892B80833FEFE31AF30A7BE1670E711CE016F10611F648015BE1F1E08F1A16
:20E9C000910809F470C083EEE82E8AE0F82E40E0612C712CD7012D917D01E22FF0E0FE839A
:20E9E000ED83FFEF6F1A7F0A3C91A32FB0E0CD0163E0969587956A95E1F78C0D9D1DFC01F9
:20EA0000608170E0832F877002C0759567958A95E2F761708D819E8173E0969587957A95B5
:20EA2000E1F78C0D9D1DFC01808190E0722F777002C0959587957A95E2F781709927F1E043
:20EA40008F2781708617F1F05A9FB0015B9F700D11246A0D7B1DAD81BE815A9FC0015B9F0B
:20EA6000900D11248A0D9B1D29833A834B835C830E9408F429813A814B815C811816190666
:20EA80001CF008C0882331F0F70131973083F701208341E06814790408F49CCF41118ECF98
:20EAA00002C01092E30A1093E20A0093E10A0FB6F8945EBE0FBE4DBE0FB6F8943EBE0FBE99
:20EAC0002DBE26960FB6F894DEBF0FBECDBFDF91CF911F910F91FF90EF90DF90CF90BF90FD
:20EAE000AF909F908F907F906F905F904F903F902F900895109235098091350B882321F095
:20EB000082E39BE00C949EAD089580912509909126090197029710F080E0089510922609FF
:20EB2000109225090E940ABB60932F0970933009809331099093320981E00895E091C7084E
:20EB4000F091C8080190F081E02D682F87EC98E01994643008F063E09091DA08691710F0D4
:20EB60006FEF690FE62FF0E0E953F74F9489682F690F606887EC98E00C94DDBBCF93DF936D
:20EB8000C5E2D2E06991662341F087EC98E00E94D8BB82E0C933D807A9F7DF91CF910895FE
:20EBA000EF92FF920F931F93CF93DF93EC01423018F08F8588608F874B8B1C8A80E48D8BAA
:20EBC0006E8B70E0605C7F4F6F8B61E08C810E94CFB98D818F3F19F061E00E94CFB961E05F
:20EBE0008E810E94CFB97E0187E0E80EF11C00E010E08F8584FD03C084E090E002C088E0CD
:20EC000090E0081719074CF461E0F70181917F010E94CFB90F5F1F4FECCF8BE39DE00197F6
:20EC2000F1F760E08C810E948DB960E08E810E948DB98D818F3F19F060E00E948DB96F857F
:20EC400064FD1DC063E0CE010E9460BB0BE416E4C8010197F1F763E0CE010E9460BBC801DD
:20EC60000197F1F763E0CE010E9460BB83E592E00197F1F762E0CE010E9460BB16C0606285
:20EC8000CE010E94DDBB8BE496E40197F1F76F856062CE010E94DDBB83E592E00197F1F7E9
:20ECA0006F856062CE010E94DDBB6F856062CE010E94DDBB84E0888B6CE0CE010E94DDBB0A
:20ECC000CE010E94DFBB82E0898B66E0CE01DF91CF911F910F91FF90EF900C94DDBB0F9396
:20ECE0001F938091250990912609019719F40E940ABB08C060912F09709130098091310951
:20ED00009091320900912B0910912C0920912D0930912E09601B710B820B930B28EE33E0D2
:20ED200040E050E00E9495F08091270990912809A0912909B0912A09BC01CD01620F731F64
:20ED4000841F951F1F910F91089580913609882369F081E0809335098091E10A9091E20A60
:20ED6000892B21F01092E20A1092E10A08954F925F926F927F928F929F92AF92BF92CF92ED
:20ED8000DF92EF92FF920F931F93CF93DF938091730E882391F0DF91CF911F910F91FF905B
:20EDA000EF90DF90CF90BF90AF909F908F907F906F905F904F900C94A75D1092720E809177
:20EDC000C3149091C414A091C514B091C61481309048A105B10540F01092C3141092C41436
:20EDE0001092C5141092C614C091C3148091F70B18160CF5282F082E000C330B245031092D
:20EE00004C2F0C2E000C550B42175307A4F084301CF0CCEFC80F01C0C0E08C2F0C2E000CD6
:20EE2000990BAA0BBB0B8093C3149093C414A093C514B093C614C0939308D0E084E6482E27
:20EE4000512C612C712C9AE0892E912CA12CB12C1EE2C1110BC080917602882309F48FC056
:20EE600020E030E041E06DEE74E186C0C13059F480917602882309F482C020E030E041E089
:20EE800060EE74E179C0C23059F480917602882309F475C020E030E041E063ED74E16CC0EF
:20EEA000C33009F052C080917602882309F467C0C0900402D0900502E0900602F09007023E
:20EEC00020E030E0A901C701B6010E94BAEC87FF08C0C701B601905820E030E048EC52E482
:20EEE00006C020E030E048EC52E4C701B6010E941FED0E9415F26B017C01A30192010E943A
:20EF0000BCF3CA01B901A50194010E94BCF3605D6093DF141093E014C701B601A50194013D
:20EF20000E94BCF3062FCA01B901A50194010E94BCF3605D6093E114005D0093E2142FED93
:20EF400034E140E065EC74E117C0C43051F4809176028823A1F020E030E041E067EB74E129
:20EF60000BC0C53061F480917602882341F020E030E041E06AEA74E18D2F0E9480E3DF5F3E
:20EF8000CF5FD43009F065CF86E08093F70BDF91CF911F910F91FF90EF90DF90CF90BF904C
:20EFA000AF909F908F907F906F905F904F900895CF93DF938091730E882321F0DF91CF9159
:20EFC0000C94A75D1092720E8091C3149091C414A091C514B091C61481309048A105B10580
:20EFE00040F01092C3141092C4141092C5141092C614C091C3148091F60B18160CF5282F37
:20F00000082E000C330B245031094C2F0C2E000C550B42175307A4F084301CF0CCEFC80F08
:20F0200001C0C0E08C2F0C2E000C990BAA0BBB0B8093C3149093C414A093C514B093C61441
:20F04000C0939308D0E0C1110BC080917602882309F444C020E030E040E06BE974E13BC06C
:20F06000C13051F4809176028823C1F120E030E040E06FE874E12FC0C23051F480917602E9
:20F08000882361F120E030E040E061E874E123C0C33051F480917602882301F120E030E054
:20F0A00040E061E774E117C0C43051F4809176028823A1F020E030E040E065E674E10BC023
:20F0C000C53061F480917602882341F020E030E040E067E574E18D2F0E9480E3DF5FCF5F83
:20F0E000D43009F0B0CF86E08093F60BDF91CF9108958F929F92AF92BF92CF92DF92EF9276
:20F10000FF920F931F93CF93DF93CDB7DEB76F970FB6F894DEBF0FBECDBF58DB5C0110929E
:20F12000720E8091C3149091C414A091C514B091C61481309048A105B10540F01092C314BB
:20F140001092C4141092C5141092C6141091C3148091F50B1816DCF4282F082E000C330BE0
:20F1600021503109412F012E000C550B4217530774F01FEF180F812F90E0A0E0B0E080934A
:20F18000C3149093C414A093C514B093C6141092920880919308181714F410939308209166
:20F1A0009308022E000C330B2D5F3F4F812F012E000C990B2817390724F48DEF810F8093DB
:20F1C0009308F0909308E12CF1101CC08091730E811105C0809176028823A1F009C01111F6
:20F1E000F9CF0E94A75D80919208882399F377C181E0111180E003E023E042E554E16E2DC7
:20F200000E946BB468E379E08FE899E00E94CA4568E379E08FE899E00E94CA4568E379E0FF
:20F2200089E49EE00E943AF4809138098F3209F459C041E0F41258C08091730E882309F471
:20F2400041C0113009F03EC08091E00A882321F181508093E00A882361F090E001974FE1BB
:20F26000489F9001499F300D1124C9018655964F02C08AE699E02BE1FC013496AFE8B9E084
:20F2800001900D922A95E1F7FC018281938190938E0980938D09F4DA81E090E0A0E0B0E081
:20F2A0002091E00A211103C080E090E0DC018093C3149093C414A093C514B093C614109261
:20F2C00093082DC080917602882371F081E0113009F080E000E22EE34EE454E16E2D0E947F
:20F2E0006BB402C091E001C092E0C12CD12C01E00F0D3EC08AE00E943935CE0101960E9422
:20F3000060B11092930882E090E0A0E0B0E08093C3149093C414A093C514B093C61481E04E
:20F320008093920883E080937602D9C0F912CEC08091E10A9091E20AC816D906E8F4F60167
:20F34000ED51F54F808190E060E070E0EBD9909137098091730E992309F485C081110EC015
:20F360008091760281117AC0902FFFEFCF1ADF0ACA14DB04D9F6ACC0C601E6CF1F11F0CF56
:20F380001D8218861C821B8287EC92E09A83898380919209882319F06BE879E002C06AE6C9
:20F3A00079E06C5F7F4F21E048E359E0CE0105960E94DB44811126C0EBE6F3E184917F0119
:20F3C0002FEFE21AF20A882321F00E943935F701F5CFE8E3F4E184917F014FEFE41AF40A20
:20F3E000811103C008E319E004C00E943935F701F2CFF80181918F01882309F47BCF0E9418
:20F400003935F7CF8BE1FE013596AFE8B9E001900D928A95E1F72B813C8130938E092093B5
:20F420008D098091E00A8A30B8F491E0980F9093E00AFFE18F9FC0011124DC01A255B64FD3
:20F440004BE1EFE8F9E001900D924A95E1F7FC01E655F64F3383228313DA4FCF81E01F1175
:20F4600080E045E02FC0811106C080917602882309F47ACF23C01F11F8CF88E399E0BAD7F7
:20F4800068E379E08CE39EE00E943AF48CE3882E8EE0982EF40181914F01882319F00E9405
:20F4A0003935F8CF8AE00E9439351092640E0E94385C809192088823C1F211C081E01F11E8
:20F4C00080E040E26E2D0E949ED84ECF9F5F4DCFE394F39424E0E21277CE9093F50B6F965D
:20F4E0000FB6F894DEBF0FBECDBFDF91CF911F910F91FF90EF90DF90CF90BF90AF909F900C
:20F500008F9008952F923F924F925F926F927F928F929F92AF92BF92CF92DF92EF92FF92F1
:20F520000F931F93CF93DF931092720E8091C3149091C414A091C514B091C61481309048F2
:20F54000A105B10540F01092C3141092C4141092C5141092C614C091C3148091F40B1816CF
:20F56000DCF4282F082E000C330B215031094C2F0C2E000C550B4217530774F0CFEFC80F6C
:20F580008C2F90E0A0E0B0E08093C3149093C414A093C514B093C61410929208809193083A
:20F5A000C81714F4C093930880919308082E000C990B03962C2F0C2E000C330B8217930739
:20F5C00024F48DEF8C0F80939308D091930810E08DEE282E8BE0382E9CED892E95E0992E44
:20F5E000A12CB12C26ED422E26E0522E612C712C37EAE32E37E8F32E43EBC42E4EE9D42E63
:20F60000D1111EC08091730E811106C080917602882309F443C009C0C111F8CF0E94A75D04
:20F6200080919208882391F3EFC081E0C11180E003E023E040E354E1612F0E946BB42EC031
:20F64000D13061F58091730E811105C080917602811112C023C0C130C9F78091F10B8C2729
:20F660008093F10B83E0809376020E94B39E80919208882359F3C8C08091F10B811103C00E
:20F680002FE134E102C023E234E181E0C13009F080E047E254E1612F0E94D5D88091F10B74
:20F6A000882309F476C0D23009F075C08091730E811106C080917602882309F4A3C05AC0A4
:20F6C000C230C1F791E09093720E10926E0E10926F0E1092700E1092710E0E94185C23E0D5
:20F6E0002093760285E194E19093D2148093D1143092D0142092CF148092CB149092CC14D5
:20F70000A092CD14B092CE144092C7145092C8146092C9147092CA1420E030E04AE754E41F
:20F720006091ED0B7091EE0B8091EF0B9091F00B0E941FED20E030E84BEB54E40E94D0F029
:20F740000E941AF26093C3147093C4148093C5149093C614F0927802E0927702D092D5143B
:20F76000C092D4141092D31480919208882309F4A1CF4AC08DEE9BE00E94E9D79C0181E0A3
:20F78000C23009F080E04BE054E1612F0E9407E839C082E001C083E0D8132BC08091730EB6
:20F7A000811105C080917602811111C021C0CD13F9CF8091EC0B91E089278093EC0B23E047
:20F7C0002093760280919208882361F31DC08091EC0B811103C024EF33E102C028EF33E106
:20F7E00081E0CD1380E04CEF53E1612F0E94D5D88D2F1F5FDF5F143009F002CF8F5F809393
:20F80000F40B02C083E0F5CFDF91CF911F910F91FF90EF90DF90CF90BF90AF909F908F9028
:20F820007F906F905F904F903F902F9008950F931F93CF93DF931092720E8091C31490916E
:20F84000C414A091C514B091C61481309048A105B10540F01092C3141092C4141092C51428
:20F860001092C614C091C3148091F30B1816DCF4282F082E000C330B215031094C2F0C2EA0
:20F88000000C550B4217530774F0CFEFC80F8C2F90E0A0E0B0E08093C3149093C414A093FD
:20F8A000C514B093C6141092920880919308C81714F4C093930880919308082E000C990B03
:20F8C00003962C2F0C2E000C330B8217930724F48DEF8C0F8093930810919308D0E0111192
:20F8E0001BC08091730E811106C080917602882309F492C009C0C111F8CF0E94A75D8091A7
:20F900009208882391F390C081E0C11180E003E023E04CEE53E17DC01130F1F48091730EF2
:20F92000811106C080917602882309F475C00BC0C130C1F78DE49FEB0E94D98D80919208E7
:20F94000882381F371C081E0C13009F080E00EE32EE343EE53E15DC01230F1F48091730E6F
:20F96000811106C080917602882309F455C00BC0C230C1F784E493EC0E94D98D80919208DA
:20F98000882381F351C081E0C23009F080E00EE32EE346ED53E13DC01330E9F48091730E73
:20F9A000811105C0809176028823B1F10BC0C330C9F782E991EC0E94D98D80919208882356
:20F9C00089F332C081E0C33009F080E00EE32EE341ED53E11EC01430F9F48091730E811175
:20F9E00005C0809176028823B9F00BC0C430C9F789E19DE70E94D98D80919208882389F31E
:20FA000013C081E0C43009F080E00EE32EE348EC53E16D2F0E946BB4DF5F1F5FD43009F0E5
:20FA20005ECF85E08093F30BDF91CF911F910F910895FF920F931F93CF93DF931092720E8B
:20FA40008091C3149091C414A091C514B091C61481309048A105B10540F01092C314109270
:20FA6000C4141092C5141092C614C091C3148091F20B1816DCF4282F082E000C330B21503B
:20FA800031094C2F0C2E000C550B4217530774F0CFEFC80F8C2F90E0A0E0B0E08093C3143A
:20FAA0009093C414A093C514B093C6141092920880919308C81714F4C093930880919308B9
:20FAC000082E000C990B03962C2F0C2E000C330B8217930724F48DEF8C0F80939308109117
:20FAE0009308D0E0FF24F39411111EC08091730E811106C080917602882309F4D2C009C09B
:20FB0000C111F8CF0E94A75D80919208882391F3D0C081E0C11180E003E023E041EC53E162
:20FB20006D2F0E946BB4BDC0113069F58091730E811106C080917602882309F4B2C017C0E8
:20FB4000C130C1F7C093720E10926E0E10926F0E1092700E1092710E68E17CE087EB93E120
:20FB60000E94B0E780919208882321F3A2C088E19CE00E94E6BB9C0181E0C13009F080E010
:20FB80004DEA53E18BC0123069F58091730E811106C080917602882309F483C017C0C230E8
:20FBA000C1F7F092720E10926E0E10926F0E1092700E1092710E6CE17CE083EA93E10E94E1
:20FBC000B0E780919208882321F373C08CE19CE00E94E6BB9C0181E0C23009F080E049E94A
:20FBE00053E15CC0133069F58091730E811106C080917602882309F454C017C0C330C1F763
:20FC0000F092720E10926E0E10926F0E1092700E1092710E60E27CE08FE893E10E94B0E7A2
:20FC200080919208882321F344C080E29CE00E94E6BB9C0181E0C33009F080E045E853E18A
:20FC40002DC0143071F58091730E811105C080917602882331F117C0C430C9F7F092720E41
:20FC600010926E0E10926F0E1092700E1092710E64E27CE08BE793E10E94B0E7809192089A
:20FC8000882329F316C084E29CE00E94E6BB9C0181E0C43009F080E041E753E16D2F0E94BD
:20FCA00007E8DF5F1F5FD43009F01ECF85E08093F20BDF91CF911F910F91FF9008954F920D
:20FCC0005F926F927F928F929F92AF92BF92FF920F931F93CF93DF93182F8BE09BE0909334
:20FCE000390E8093380E1092270B82E090E0A0E0B0E08093100B9093110BA093120BB093AE
:20FD0000130B1092370E1092330E1092340E1092350E1092360E8FEF9FEFDC0180932F0E13
:20FD20009093300EA093310EB093320E112379F1153008F0F9C040E060E070E0CB010E94BB
:20FD4000F03C882309F4F0C020E1129FC0011124815E934FFC01E254FE4F20812F7709F0F6
:20FD6000E3C03C964081518162817381443651056105710508F4D8C0349780809180A28066
:20FD8000B38081149104A104B10421F4CDC0812C912C540140E0C501B4010E94F03CF82EBC
:20FDA000882309F4C1C080913A0C90913B0C8115924009F0B9C0A0913F0CAA2309F4B4C0C7
:20FDC00060913D0C70913E0C6115710509F4ACC020913C0C222309F4A7C0A093220B209394
:20FDE000140B80E030E0E1E0F0E0C82FAF01082E02C0440F551F0A94E2F72417350741F05E
:20FE0000982F8F5F983089F789E080931D0B8CC080931D0B2091450C3091460C2115310539
:20FE200019F040E050E008C02091530C3091540C4091550C5091560C2093150B3093160B44
:20FE40004093170B5093180B24013501460E571E611C711C4092230B5092240B6092250B46
:20FE60007092260BE091400CF091410CF093290BE093280BB0E00E94B7F0460E571E681E3F
:20FE8000791E40922A0B50922B0B60922C0B70922D0B85E0EE0FFF1F8A95E1F7E150FE4F54
:20FEA000EF2FFF27E6954E0E5F1E611C711C40921E0B50921F0B6092200B7092210B20919D
:20FEC000420C3091430C2115310521F0890120E030E008C000914F0C1091500C2091510CEE
:20FEE0003091520CB501A4014419550966097709400F511F621F731F04C076956795579555
:20FF00004795CA95D2F74093190B50931A0B60931B0B70931C0B453F2FE0520761057105D3
:20FF200028F48CE08093270BF12C1AC0453F5F4F6105710510F480E111C080915B0C909120
:20FF40005C0CA0915D0CB0915E0C80932A0B90932B0BA0932C0BB0932D0B80E28093270BC7
:20FF60008F2DDF91CF911F910F91FF90BF90AF909F908F907F906F905F904F9008956F92C0
:20FF80007F928F929F92AF92BF92DF92EF92FF920F931F93CF93DF93CDB7DEB7AE970FB69E
:20FFA000F894DEBF0FBECDBF20913609222309F40DC2D62E7C018091350B882309F4A5C0DF
:20FFC000442309F4D6C180914D0B882329F1EEE5F6E184918F010F5F1F4F882321F00E946F
:20FFE0003935F801F6CFEBE1F6E184918F010F5F1F4F882321F00E943935F801F6CF61E0E6
:020000040001F9
:2000000070E080E090E00E94293A8AE00E94393582E196E10E9472B183E59BE09EA78DA746
:200020008FE28093520B81E0898310E00FE18091E00A181778F4019FC0011124AE014F5F09
:200040005F4FBE01635D7F4F8655964F0E941A461F5FEDCF898187FD0FC0AE014F5F5F4F41
:20006000BE01635D7F4F8EE29BE00E941A468DA59EA501979EA78DA7EDA5FEA51082E09188
:200080004D0B84E0E89FF0011124E25BF44F8091660990916709A0916809B091690980830E
:2000A0009183A283B383EBE6F3E184918F010F5F1F4F882321F00E943935F801F6CFB70169
:2000C00089EF95E10E94F5AA60914D0B9DE8699FB00111246E5A744F8EEE95E10E94F5AA77
:2000E0004091660950916709609168097091690988EE95E10E9425968AE00E9439358091C6
:200100004D0B8F5F80934D0B27C04423C1F0EBE6F3E184918F010F5F1F4F882321F00E94AB
:200120003935F801F6CFE8EDF5E184918F010F5F1F4F882389F00E943935F801F6CF1092D3
:200140004D0B82E0B82E17C1B7018FEB95E10E94F5AA8AE00E9439350E947A751D821886F6
:200160001C821B8287EC92E09A8389838AE699E090938A0980938909F70180818F3209F03F
:200180005CC087010F5F1F4FCE0101964C010115110509F458C06FE270E0C8010E9426F4C5
:2001A0005C01009709F450C00817190708F04CC03C01601A710AA301B801CE0180960E94E5
:2001C0004FF4E0E2F0E0EC0FFD1FE60DF71D10826091890970918A096115710511F06C5FCB
:2001E0007F4F21E0AE01405E5F4FCE0105960E94DB4481111AC0EBEAF5E184918F010F5FE0
:200200001F4F811104C08E01005E1F4F04C00E943935F801F2CFF80181918F01882319F0E2
:200220000E943935F8CF8EE28DC090928A098092890985010F5F1F4FAACF8BE899E09093E7
:200240008A098093890987019091890980918A09692F782FDD2009F45FC06115710511F042
:200260006C5F7F4F21E0A80182E39BE00E94DB44882309F44DC08091430B9091440BA091E5
:20028000450BB091460B8093620990936309A0936409B09365091092660910926709109259
:2002A000680910926909B8018CE39EE00E943AF4B8018DE995E10E94F5AA40916209509140
:2002C0006309609164097091650985E995E10E9425968AE00E943935E6E8F5E184917F01F1
:2002E0009FEFE91AF90A882321F00E943935F701F5CFB80180E090E00E9492738091450953
:20030000882319F085E499E001C0C80160E02AC0B80182E795E110C06115710511F06C5F73
:200320007F4F26E5A80182E39BE00E94DB4481110CC0B8018EE595E10E94F5AA8EE20E9447
:2003400039358AE00E9439350FC081E080933309B7018CE495E10E94F5AA8AE00E943935DD
:2003600060E0C8010E94E58ACE0101960E9460B12DC0BB24B394EBE6F3E184918F010F5F7F
:200380001F4F882321F00E943935F801F6CFE3EDF5E184918F010F5F1F4F882321F00E94E0
:2003A0003935F801F6CFE1E0BE1619F0EDECF5E102C0E7ECF5E184918F010F5F1F4F88232D
:2003C00009F4C2CE0E943935F801F5CFAE960FB6F894DEBF0FBECDBFDF91CF911F910F9118
:2003E000FF90EF90DF90BF90AF909F908F907F906F900895CF92DF92EF92FF920F931F93C1
:20040000CF93DF93CDB7DEB7EDB6FEB6DC010D900020E9F79D01281B390B2C5F3F4F4DB7DC
:200420005EB7421B530B0FB6F8945EBF0FBE4DBF0DB71EB70F5F1F4F9F938F9385E495E1FD
:200440009F938F931F930F930E9453EC680154E0C50ED11C0F900F900F900F900F900F90FC
:20046000F6018081882349F0082E000C990B0E94EAF3F60181936F01F3CFC8010E94EC7037
:2004800081E495E190933B0E80933A0E0E9413320FB6F894FEBE0FBEEDBEDF91CF911F91CE
:2004A0000F91FF90EF90DF90CF900895AF92BF92CF92DF92EF92FF920F931F93CF93DF9385
:2004C000CDB7DEB7AA970FB6F894DEBF0FBECDBF809161098F93809160098F9388E395E161
:2004E0009F938F937E0181E2E80EF11CFF92EF920E9453EC0F900F900F900F900F900F9016
:2005000010E0F70101900020E9F73197EE19FF091E1784F46701C10ED11C17FDDA94F60141
:200520008081082E000C990B0E94EAF3F60180831F5FE7CF40E050E0BA018EE699E00E948D
:20054000E03E00E0CE0101966C0180917109823028F4011114C08FEF9FEF16C08091760919
:2005600090917709A0917809B09179098F719927AA27BB27892B8A2B8B2B59F71AC0809198
:2005800060099091610901969093610980936009AA960FB6F894DEBF0FBECDBFDF91CF9170
:2005A0001F910F91FF90EF90DF90CF90BF90AF90089540E050E0B6018EE699E00E942842E4
:2005C00018163CF6F60101900020E9F731971E2F1C19115068F05601A10EB11C17FDBA94FB
:2005E000F501808190E00E94EAF3F5018083F1CF8A858E3709F4A9CF45E050E0B701C6013F
:200600000E9441F4892B09F0A0CFC701F3DE01E09CCFCF92DF92EF92FF921F93CF93DF9398
:200620001092360980917109882321F08EE699E00E949EAD10920F0B10920C0B85E38093C8
:200640000B0B0E940ABBEB01A89561E080910B0B0E94CFB98BE09BE00E94ACAE2398229A09
:20066000219A209A289A85E080930D0B82E58CBD1DBC1AE08FEF0E94B1AE1150D9F720E080
:2006800030E0A90160E08BE09BE00E94D7AE182F80930E0B813049F00E940ABB6C1B7D0B80
:2006A000613D774060F381E054C02AEA31E040E050E068E08BE09BE00E94D7AE82FF03C00F
:2006C00010930F0B0EC014E00E94B6AE80930E0B1150D1F78A3A11F082E03BC082E08093A9
:2006E0000F0B80910F0B823021F0C12CD12C760105C0C12CD12CE12C80E4F82E20E030E03B
:20070000A90167E38BE09BE00E94D7AEA701960169E28BE09BE00E94D7AE80930E0B88236A
:2007200049F00E940ABB6C1B7D0B613D774030F38AE00FC080910F0B823011F520E030E066
:20074000A9016AE38BE09BE00E94D7AE882351F088E080930C0B8BE09BE00E94ACAEEBE664
:20076000F3E119C00E94B6AE807C803C19F483E080930F0B0E94B6AE0E94B6AE0E94B6AE5F
:200780008BE09BE00E94ACAE10920D0B81E097DA811131C015C08491EF012196882321F01B
:2007A0000E943935FE01F7CFEAE2F5E18491EF012196882309F456C00E943935FE01F6CF74
:2007C00080E07DDA811117C0EEE5F6E18491EF012196882321F00E943935FE01F7CFE6E13B
:2007E000F5E18491EF012196882309F43BC00E943935FE01F6CF60E17BE08EE699E00E94C5
:200800008944811116C0EEE5F6E18491EF012196882321F00E943935FE01F7CFE5E0F5E111
:200820008491EF0121968823E9F00E943935FE01F7CF81E080933609EBE6F3E18491EF0146
:200840002196882321F00E943935FE01F7CFE9EFF4E18491EF012196882321F00E9439351B
:20086000FE01F7CF8BE1EEE6F9E0AFE8B9E001900D928A95E1F780916C0990916D09909303
:200880008E0980938D098BE899E090938A0980938909DF91CF911F91FF90EF90DF90CF9075
:2008A0000C944074EF92FF921F93CF93DF931F92CDB7DEB7182FEEE5F6E184917F012FEFDE
:2008C000E21AF20A882331F099830E943935F7019981F3CFE12FF92F84917F019FEFE91AF6
:2008E000F90A882321F00E943935F701F5CF60912B0C70912C0C80912D0C90912E0C0E94C5
:20090000293A8AE00E9439350E943ED910922A0C1092290C0F90DF91CF911F91FF90EF9065
:2009200008950F931F93CF93DF938C01EB019091130920911409921307C087E099E00E9480
:200940000B300E9424D1F3CFF801A081B181488159818091120934E0839FF0011124E55F48
:20096000F64FB387A287558744879F5F909313098F5F821719F08093120902C010921209AE
:20098000DF91CF911F910F910895CF93DF93CDB7DEB78091280C81110DC09E01275F3F4F56
:2009A0004F8158856CE370E085E292E00E9482EC80E0A4D5DF91CF9108958091250990915C
:2009C000260981309105B9F1029759F40E946F7660932709709328098093290990932A0998
:2009E00018C010922B0910922C0910922D0910922E0910922F09109230091092310910928E
:200A0000320910922709109228091092290910922A0981E090E090932609809325090E9447
:200A20000ABB60932B0970932C0980932D0990932E0981E0089580E00895CF92DF92EF92A1
:200A4000FF92C090140CD090150CE090160CF090170C2091240C3091250C4091260C509128
:200A6000270CC701B6010E941FED0E9402F36093FF08709300098093010990930209C70166
:200A8000B6010E9415F22FB7F8946093040C7093050C8093060C9093070C2FBF1092EF088B
:200AA0001092F0081092F1081092F208FF90EF90DF90CF900895CF92DF92EF92FF920F9366
:200AC0001F93CF93DF9300D01F92CDB7DEB78091C3149091C414A091C514B091C614B7FF3A
:200AE00008C01092C3141092C4141092C5141092C6148091C7149091C814A091C914B0910C
:200B0000CA144091C3145091C4146091C5147091C61484179507A607B70744F48093C3142D
:200B20009093C414A093C514B093C61480917602882379F14091C3145091C4146091C514C8
:200B40007091C6148091CB149091CC14A091CD14B091CE146A017B01C80ED91EEA1EFB1EBF
:200B6000C701B6010E94C0EC2AE037ED43E25CE30E941FED69837A838B839C83CE010196EC
:200B80000E94E6BBBC018091D1149091D2140E94BDB48091730E1091D314811106C011239F
:200BA000D1F1809176028823B1F14091C3145091C4146091C5147091C6148091CB14909186
:200BC000CC14A091CD14B091CE146A017B01C80ED91EEA1EFB1EC701B6010E94C0EC2AE054
:200BE00037ED43E25CE30E941FEDE091CF14F091D014309721F06083718382839383112308
:200C000029F0E091D414F091D51419958091730E81110E94A75D8091730E882329F0E091B9
:200C2000D414F091D51419950F900F900F900F90DF91CF911F910F91FF90EF90DF90CF903C
:200C40000895CF92DF92EF92FF920F931F93CF93DF9300D01F92CDB7DEB78091C314909148
:200C6000C414A091C514B091C614B7FF08C01092C3141092C4141092C5141092C6148091FE
:200C8000C7149091C814A091C914B091CA144091C3145091C4146091C5147091C6148417AE
:200CA0009507A607B70744F48093C3149093C414A093C514B093C61480917602882379F149
:200CC0004091C3145091C4146091C5147091C6148091CB149091CC14A091CD14B091CE14E8
:200CE0006A017B01C80ED91EEA1EFB1EC701B6010E94C0EC2AE037ED43E25CE30E941FED12
:200D000069837A838B839C83CE0101960E949BBCBC018091D1149091D2140E94BDB4809180
:200D2000730E1091D314811106C01123D1F1809176028823B1F14091C3145091C414609134
:200D4000C5147091C6148091CB149091CC14A091CD14B091CE146A017B01C80ED91EEA1EFD
:200D6000FB1EC701B6010E94C0EC2AE037ED43E25CE30E941FEDE091CF14F091D0143097CD
:200D800021F06083718382839383112329F0E091D414F091D51419958091730E81110E94CC
:200DA000A75D8091730E0F900F900F900F90DF91CF911F910F91FF90EF90DF90CF90089588
:200DC00040DF882329F0E091D414F091D5141994089537CFCF92DF92EF92FF920F931F93E5
:200DE000CF93DF9300D01F92CDB7DEB78091C3149091C414A091C514B091C614B7FF08C001
:200E00001092C3141092C4141092C5141092C6148091C7149091C814A091C914B091CA14D2
:200E20004091C3145091C4146091C5147091C61484179507A607B70744F48093C3149093C5
:200E4000C414A093C514B093C61480917602882379F14091C3145091C4146091C5147091C7
:200E6000C6148091CB149091CC14A091CD14B091CE146A017B01C80ED91EEA1EFB1EC701D5
:200E8000B6010E94C0EC20E030E048EC52E40E941FED69837A838B839C83CE0101960E9407
:200EA0001CBDBC018091D1149091D2140E94BDB48091730E1091D314811106C01123D1F124
:200EC000809176028823B1F14091C3145091C4146091C5147091C6148091CB149091CC1445
:200EE000A091CD14B091CE146A017B01C80ED91EEA1EFB1EC701B6010E94C0EC20E030E00B
:200F000048EC52E40E941FEDE091CF14F091D014309721F06083718382839383112329F0E9
:200F2000E091D414F091D51419958091730E81110E94A75D0F900F900F900F90DF91CF912A
:200F40001F910F91FF90EF90DF90CF900895CF92DF92EF92FF920F931F93CF93DF9300D0EC
:200F60001F92CDB7DEB78091C3149091C414A091C514B091C614B7FF08C01092C314109208
:200F8000C4141092C5141092C6148091C7149091C814A091C914B091CA144091C3145091E3
:200FA000C4146091C5147091C61484179507A607B70744F48093C3149093C414A093C514E9
:200FC000B093C61480917602882379F14091C3145091C4146091C5147091C6148091CB1460
:200FE0009091CC14A091CD14B091CE146A017B01C80ED91EEA1EFB1EC701B6010E94C0EC19
:201000002FE632E143E85AE30E941FED69837A838B839C83CE0101960E94E9D7BC018091E6
:20102000D1149091D2140E94BDB48091730E1091D314811106C01123D1F180917602882315
:20104000B1F14091C3145091C4146091C5147091C6148091CB149091CC14A091CD14B091A4
:20106000CE146A017B01C80ED91EEA1EFB1EC701B6010E94C0EC2FE632E143E85AE30E94BA
:201080001FEDE091CF14F091D014309721F06083718382839383112329F0E091D414F0919A
:2010A000D51419958091730E81110E94A75D8091730E882329F0E091D414F091D514199508
:2010C0000F900F900F900F90DF91CF911F910F91FF90EF90DF90CF900895CF92DF92EF92A8
:2010E000FF920F931F93CF93DF9300D01F92CDB7DEB78091C3149091C414A091C514B09171
:20110000C614B7FF08C01092C3141092C4141092C5141092C6148091C7149091C814A09173
:20112000C914B091CA144091C3145091C4146091C5147091C61484179507A607B70744F4D3
:201140008093C3149093C414A093C514B093C61480917602882379F14091C3145091C41482
:201160006091C5147091C6148091CB149091CC14A091CD14B091CE146A017B01C80ED91EF0
:20118000EA1EFB1EC701B6010E94C0EC2AE037ED43E25CE30E941FED69837A838B839C830B
:2011A000CE0101960E9406BEBC018091D1149091D2140E94BDB48091730E1091D3148111EA
:2011C00006C01123D1F1809176028823B1F14091C3145091C4146091C5147091C614809166
:2011E000CB149091CC14A091CD14B091CE146A017B01C80ED91EEA1EFB1EC701B6010E94E4
:20120000C0EC2AE037ED43E25CE30E941FEDE091CF14F091D014309721F060837183828375
:201220009383112329F0E091D414F091D51419958091730E81110E94A75D0F900F900F9033
:201240000F90DF91CF911F910F91FF90EF90DF90CF9008950F931F93CF938091C314909197
:20126000C414A091C514B091C614B7FF08C01092C3141092C4141092C5141092C6148091F8
:20128000C7149091C814A091C914B091CA144091C3145091C4146091C5147091C6148417A8
:2012A0009507A607B70744F48093C3149093C414A093C514B093C61480917602882331F18B
:2012C0004091C3145091C4146091C5147091C6148091CB149091CC14A091CD14B091CE14E2
:2012E0008A019B01080F191F2A1F3B1FC901B8010E94C0EC0E9415F2CB010E9417BFBC015A
:201300008091D1149091D2140E94BDB48091730EC091D314811106C0CC23C1F18091760271
:201320008823A1F14091C3145091C4146091C5147091C6148091CB149091CC14A091CD1467
:20134000B091CE148A019B01080F191F2A1F3B1FC901B8010E94C0ECE091CF14F091D014C7
:20136000309721F06083718382839383CC2329F0E091D414F091D51419958091730E8823ED
:2013800029F0CF911F910F910C94A75DCF911F910F9108950C949C680E949C68882329F085
:2013A000E091D414F091D51419940895CF92DF92EF92FF926B017C0183E3C816D104E10455
:2013C000F10470F082E3C81AD108E108F10862E370E080E090E00E94D2BA0E9424D1ECCFD1
:2013E000C701B6010E94D2BAFF90EF90DF90CF900C9424D143E952E064E670E080E090E007
:201400000E94005C4AEB52E064E670E080E090E00C94005C8091810E81111AC0609164029E
:2014200070916502072E000C880B990B0E94C0EC9B01AC0160917D0E70917E0E80917F0E8E
:201440009091800E0E94BAEC881F8827881F089580E008950F931F930E940ABB0091960E0E
:201460001091970E2091980E3091990EDC01CB01801B910BA20BB30BB7FD0CC08091090181
:201480008095881F8827881F919B82604A9B84608093950E8091950E81709091950E91FDB6
:2014A00082609091940E891731F18130A9F028F0823041F0833059F01CC0913089F09230AC
:2014C00099F017C0992361F0933071F012C0913059F0923071F404C0992331F0933049F4D7
:2014E0009091930E9F5F03C09091930E91509093930E8093940E1F910F910895CF93C82F07
:20150000E5E2F2E090E08191811106C0392F292F422F431B80E207C0943111F09F5FF3CF1A
:2015200034E124E1F5CF292F30E0542F590FF901EB5DFD4F543118F480839F5FF4CF108205
:201540000E940ABB6093790E70937A0E80937B0E90937C0EC11107C0DC01CB01805E9044E2
:20156000AD4FBF4F03C080E090E0DC018093750E9093760EA093770EB093780E83E08093BD
:201580007602CF910895CF93C62F67FF03C01092280CC0E02091280C30E04C2F0C2E000C2A
:2015A000550B421753077CF0C093280C4CE350E0BC0185E292E00E942AEC81E01C160CF0E9
:2015C00080E0CF919BCFCF910895CF932091280C21110BC0C62FBC014CE350E085E292E0B6
:2015E0000E944FF48C2FCF9189CFCF9108954F925F926F927F928F929F92AF92BF92CF926D
:20160000DF92EF92FF920F931F93CF93DF9300D01F92CDB7DEB7109162021F3F01F10E948E
:201620000ABBC090650ED090660EE090670EF090680EDC01CB018C199D09AE09BF09B7FD4C
:201640000EC0209104098091030930E08F5F8F70082E000C990B2817390709F0F3C1FADEFA
:201660008091950E82FF39C08091920E811137C081E08093920E9091740E89278093730E07
:201680001092740E83E0809376021092950E0E940ABBDC01CB018C509E4FAF4FBF4F8093FB
:2016A000960E9093970EA093980EB093990E48E853E162E070E080E090E00E94005C16E041
:2016C000115069F087E099E00E940B3062E070E080E090E00E94D2BAF3CF1092920EF9B056
:2016E000F094FF1CFF24FF1C8091910E4F2D50E0282F30E042175307E9F0FF2009F4C8C119
:201700000E9409838091910E823021F060E082E796E139DFF092910E83E08093760281E080
:2017200020917702309178022B5B374509F080E00E94ADB50E940ABB6B017C0180918D0EE9
:2017400090918E0EA0918F0EB091900EA7019601281B390B4A0B5B0B57FDB5C1D701C60135
:201760008C599F4FAF4FBF4F80938D0E90938E0EA0938F0EB093900E8091930E18162CF46C
:201780008091930E853074F408C08091930E992781950CF4909505972CF48091730E811125
:2017A00096C0A6C08091720E882309F469C08091930E181644F48091930E082E000C990B5B
:2017C00065E070E007C08091930E082E000C990B6BEF7FEF0E94A9F380906E0E90906F0EE6
:2017E000A090700EB090710E81149104A104B104D1F1072E000C880B990B0E94C0EC2B0144
:201800003C01C701B601681979098A099B090E94BEEC9B01AC01C301B2010E94ADF120E086
:2018200030E04AE754E40E941FED4B015C0120E030E048E452E40E94F7F287FF0FC020E086
:2018400030E040E251E4C501B4010E94F7F287FD0AC02AE030E040E050E009C024E630E080
:2018600040E050E004C021E030E040E050E0C0926E0ED0926F0EE092700EF092710E04C091
:2018800021E030E040E050E0A091930E0A2E000CBB0B0E94E0F325E030E040E050E00E948F
:2018A000BCF38091C3149091C414A091C514B091C614820F931FA41FB51F8093C31490938C
:2018C000C414A093C514B093C6141092930ED701C6018856954CAF4FBF4F8093890E90938D
:2018E0008A0EA0938B0EB0938C0E81E08093760280917702909178028B5B974541F480918E
:201900006302882309F4CFC08150809363022FB7F8948091690E90916A0EA0916B0EB09164
:201920006C0E2FBF20917602222309F449C04AE0B695A795979587954A95D1F7009741E073
:20194000A407B10520F08FEF9FEFA0E0B0E096958795009739F04091870E5091880E4817B7
:20196000590770F5223050F0243028F0243031F41092760203C081E080937602E091770278
:20198000F091780219951092730E8090870E9090880EA12CB12C0E940ABBDC01CB018C19C1
:2019A0009D09AE09BF0988169906AA06BB0640F40E940ABB6C197D097093880E6093870E8D
:2019C00080917702909178028B5B974521F080916D0E882379F088E9C80E8AE3D81EE11CC8
:2019E000F11CC092890ED0928A0EE0928B0EF0928C0E14C08091890E90918A0EA0918B0ED1
:201A0000B0918C0EC81AD90AEA0AFB0AF7FC06C08091640E833011F00E94385C809176027E
:201A2000823061F0833031F0813009F04CC01092760249C087EC98E00E94DFBB81E080935B
:201A4000760241C094E01902F0011124E552FD4F20E030E040E752E460817181828193817E
:201A60000E94ADF169837A838B839C83E12C8E010F5F1F4F24E13CE040E15CE06CE07CE072
:201A800088E09CE00E9474AC8FEF80936202E7CD1092350910923609823009F43BCE60E03E
:201AA00085E696E136CE89E0809363028091870E9091880E01979093880E8093870E81E0A8
:201AC0008093760224CF0F900F900F900F90DF91CF911F910F91FF90EF90DF90CF90BF90C1
:201AE000AF909F908F907F906F905F904F900895CF92DF92EF92FF920F931F930E940ABB41
:201B00000091830E1091840E2091850E3091860E6B017C01C01AD10AE20AF30AF7FC13C08A
:201B20002091820E20952093820EDC01CB018A549C4FAF4FBF4F8093830E9093840EA09362
:201B4000850EB093860E81E09091820E911101C080E01F910F91FF90EF90DF90CF9008957D
:201B60009C0180E090E0F901E80FF91FE491EE2311F00196F8CF089581E00E94ADB5EAE03E
:201B8000F1E080818F7780839FB7F894EBE0F1E08081806880839FBF9998A19A52985A9A58
:201BA00057985F9A82E08093910E54DC1092930E0895CF93DF931F921F92CDB7DEB78983BE
:201BC0009A830E94185C40E050E0BA0189819A810F900F90DF91CF910C943DB580919A0E49
:201BE00080FF03C0A29A8FEF02C0A29881E08093660280919A0E81FF03C0449A8FEF02C0F7
:201C0000449881E08093670280919A0E82FF03C011988FEF02C0119A81E08093680280918B
:201C20009A0E9FB783FF09C0F89480910B01806280930B019FBF8FEF08C0F89480910B0164
:201C40008F7D80930B019FBF81E08093690208951F920F920FB60F9211240BB60F92CF92CF
:201C6000DF92EF92FF920F931F932F933F934F935F936F937F938F939F93AF93BF93EF93A7
:201C8000FF93CF93DF93CDB7DEB7A497DEBFCDBF8091EC0B882371F18091060184FF22C0CF
:201CA00080913C0E882351F08091640E811106C08091250990912609019721F080918D1319
:201CC000811110C081E080938D1360E082EB9EE15ADC8091250990912609019719F484E094
:201CE0008093640E80918D13882321F08091060184FFE2C68091060187FD13C080913C0EE5
:201D0000882379F08091640E81110BC08091250990912609019709F4D7C603C08AE00E943F
:201D2000393580916E008B7F80936E0080916F008D7F80936F007894C0908913D0908A1328
:201D4000E0908B13F0908C13C114D104E104F104B1F180910609882391F10E947799D70159
:201D6000C601F9EBCF16FBE0DF06E104F10420F088EB9BE0A0E0B0E0C81AD90AEA0AFB0A6D
:201D8000C0928913D0928A13E0928B13F0928C13909389008093880020918800309189005B
:201DA000809184009091850040962817390708F04FC6809184009091850040960AC2809198
:201DC000571490915814009709F447C097FF21C08091551490915614892B51F00E94113517
:201DE000882331F0809104098F5F8F70809304090E941135882309F423C7E09104090DE403
:201E0000E09FF0011124E556F14F808184FD0CC717C70E941135882331F0809104098F5FAF
:201E20008F7080930409809157149091581401979093581480935714892B41F480E89EE105
:201E400090933B0E80933A0E0E941332109256141092551488EC90E0BCC1009155141091C1
:201E600056140115110509F0B9C10E941135882361F1009104092DE4029F80011124F80175
:201E8000E556F14FC090690ED0906A0EE0906B0EF0906C0E9F01275B3F4FD9014D915D91EF
:201EA0006D917C91D701C601841B950BA60BB70B8093690E90936A0EA0936B0EB0936C0E38
:201EC0008081886080838F010BC08FB7F8941092690E10926A0E10926B0E10926C0E8FBF31
:201EE00010935614009355140115110509F46FC1F80152A180919A0E418158130AC0242F91
:201F000030E080916A02082E000C990B2817390729F050939A0E40936A0260DE1092851374
:201F2000109286131092871310928813E0915514F091561487A990AD8134FCE99F0728F45F
:201F400081320EE4900748F002C080E49CE9969587959695879524E007C0813117E29107C6
:201F600030F09695879522E02093841308C021E0209384138032910510F480E290E08C01F0
:201F800000521109011528E01207D8F0E12FFF27EE0FFF1FEE0FFF1FCF018058954EFC01E2
:201FA000329645915491AA27059F9001049F210D3A1F06942A1F3A1F1124FC0185919491C5
:201FC0001CC09801369527952C7F2058394EF90185919491F901329665917491A801477009
:201FE0005527649F9001659F300D749F300D112443E0369527954A95E1F7821B930B8436B5
:20200000910588F4A1E4EA2EA3E0FA2ED7018D917D01882319F00E943935F8CFC8010E94FC
:20202000E07084E690E090938313809382138091841380938113E0915514F091561483ADD1
:2020400094AD9093801380937F138134BCE99B0728F48132EEE49E0748F002C080E49CE9BF
:20206000969587959695879524E007C08131F7E29F0730F09695879522E02093841308C05B
:2020800021E0209384138032910510F480E290E08C0100521109011528E01207D8F0E12FCF
:2020A000FF27EE0FFF1FEE0FFF1FCF018058954EFC01329645915491AA27059F9001049F10
:2020C000210D3A1F06942A1F3A1F1124FC01859194911CC09801369527952C7F2058394E2A
:2020E000F90185919491F901329665917491A80147705527649F9001659F300D749F300DED
:20210000112453E0369527955A95E1F7821B930B8436910588F431E4E32E33E0F32ED701D0
:202120008D917D01882319F00E943935F8CFC8010E94E07084E690E0AC0160E070E04093D3
:202140007B1350937C1360937D1370937E139093890080938800E0915514F0915614828951
:202160009389A489B589B695A79597958795B095A095909581959F4FAF4FBF4F80937713BD
:2021800090937813A0937913B0937A138093731390937413A0937513B093761380936F13A3
:2021A00090937013A0937113B093721380936B1390936C13A0936D13B0936E131092511449
:2021C00010925214109253141092541407C080ED97E090938900809388003AC480910609D4
:2021E00081110E94779920918413222309F4AFC1E0915514F091561440916B1350916C132D
:2022000060916D1370916E1382819381A481B581840F951FA61FB71F80936B1390936C1344
:20222000A0936D13B0936E13181619061A061B060CF4409AE0915514F091561440916F13A7
:2022400050917013609171137091721386819781A085B185840F951FA61FB71F80936F132E
:2022600090937013A0937113B0937213181619061A061B060CF4469AE0915514F091561406
:202280004091731350917413609175137091761382859385A485B585840F951FA61FB71F18
:2022A0008093731390937413A0937513B0937613181619061A061B060CF4139AE09155143F
:2022C000F091561440917713509178136091791370917A1386859785A089B189840F951F70
:2022E000A61FB71F8093771390937813A0937913B0937A13181619061A061B0644F49FB74D
:20230000F89480910B01886080930B019FBF80916B1390916C13A0916D13B0916E131816DF
:2023200019061A061B0684F5E0915514F09156144289538964897589841B950BA60BB70BBB
:2023400080936B1390936C13A0936D13B0936E13809166024091F80B5091F90B6091FA0BAB
:202360007091FB0B082E000C990BAA0BBB0B840F951FA61FB71F8093F80B9093F90BA093A3
:20238000FA0BB093FB0B409880916F1390917013A0917113B0917213181619061A061B06D7
:2023A00084F5E0915514F09156144289538964897589841B950BA60BB70B80936F139093E3
:2023C0007013A0937113B0937213809167024091FC0B5091FD0B6091FE0B7091FF0B082E85
:2023E000000C990BAA0BBB0B840F951FA61FB71F8093FC0B9093FD0BA093FE0BB093FF0B02
:2024000046988091731390917413A0917513B0917613181619061A061B0684F5E09155143B
:20242000F09156144289538964897589841B950BA60BB70B8093731390937413A09375136F
:20244000B0937613809168024091000C5091010C6091020C7091030C082E000C990BAA0BC0
:20246000BB0B840F951FA61FB71F8093000C9093010CA093020CB093030C1398809177138C
:2024800090917813A0917913B0917A13181619061A061B06BCF5E0915514F0915614428936
:2024A000538964897589841B950BA60BB70B8093771390937813A0937913B0937A138091B8
:2024C00069024091040C5091050C6091060C7091070C082E000C990BAA0BBB0B840F951FFF
:2024E000A61FB71F8093040C9093050CA093060CB093070C9FB7F89480910B01877F809337
:202500000B019FBF8091511490915214A0915314B09154140196A11DB11D80935114909355
:202520005214A0935314B09354142150E0915514F0915614428953896489758984179507F1
:20254000A607B70708F451CEFF24F39401C0F12C409151145091521460915314709154142F
:20256000E0915514F091561486899789A08DB18D84179507A607B70708F402C140917B133C
:2025800050917C1360917D1370917E13068D178D20A131A1AA27419FB12D529FC001629FAC
:2025A000900D619F800D911D429FB00D811D9A1F519FB00D811D9A1F609FB00D811D9A1F37
:2025C000509FB10D8A1F9A1FB6958A1F9A1F349F800D911D359F900D112423AD34AD820F49
:2025E000931F9093801380937F1347A950AD61AD72ADA0E0B0E0481759076A077B0720F4DE
:202600005093801340937F1380917F13909180138134BCE99B0728F48132EEE49E0748F00E
:2026200002C080E49CE9969587959695879524E007C08131F7E29F0730F09695879522E0FC
:202640002093841308C021E0209384138032910510F480E290E08C0100521109011528E0E8
:202660001207E8F0E12FFF27EE0FFF1FEE0FFF1FCF018058954EFC01329625913491AA2761
:20268000039FA001029F410D5A1F06944A1F5A1F1124FC0125913491241B350B1FC098016F
:2026A000369527952C7F2058394EF90145915491F901329665917491980127703327629FEC
:2026C000C001639F900D729F900D1124F3E096958795FA95E1F79A01281B390B2436310584
:2026E00088F471E4C72E73E0D72ED6018D916D01882319F00E943935F8CFC8010E94E07013
:2027000024E630E080910609882301F1C901293BBBE03B07E0F068EB7BE00E9495F3883E69
:20272000E3E09E0718F48854944F02C088EB9BE0A901481B590B60E070E040938913509363
:202740008A1360938B1370938C1301C0C901909389008093880080917B1390917C13A09157
:202760007D13B0917E13820F931FA11DB11D80937B1390937C13A0937D13B0937E1343C13A
:2027800040915114509152146091531470915414828D938DA48DB58D84179507A607B707B7
:2027A00008F001C10091851310918613209187133091881309A31AA32BA33CA3468D578D88
:2027C00060A171A1AA27059FB12D169F6001269FD00C259FC00CD11C069FB00DC11CDA1E28
:2027E000159FB00DC11CDA1E249FB00DC11CDA1E149FB10DCA1EDA1EB695CA1EDA1E709FB3
:20280000C00CD11C719FD00C112480917F1390918013FF96C816D90680F48C199D094081B5
:202820005181628173818C0120E030E0041715072607370720F4CA0102C080819181813447
:202840001CE9910728F481322EE4920748F002C080E49CE9969587959695879524E007C025
:20286000813137E2930730F09695879522E02093841308C021E0209384138032910510F4E1
:2028800080E290E08C0100521109011548E01407E8F0E12FFF27EE0FFF1FEE0FFF1FCF0100
:2028A0008058954EFC01329625913491AA27039FA001029F410D5A1F06944A1F5A1F1124F0
:2028C000FC0125913491241B350B1FC09801369527952C7F2058394EF90145915491F901A9
:2028E000329665917491980127703327629FC001639F900D729F900D112423E096958795FD
:202900002A95E1F79A01281B390B2436310588F481E4C82E83E0D82ED6018D916D01882320
:2029200019F00E943935F8CFC8010E94E07024E630E080910609882301F1C901293BBBE05C
:202940003B07E0F068EB7BE00E9495F3883EE3E09E0718F48854944F02C088EB9BE0A9013A
:20296000481B590B60E070E04093891350938A1360938B1370938C1301C0C90190938900A7
:202980008093880089A19AA1ABA1BCA1820F931FA11DB11D8093851390938613A09387138B
:2029A000B093881330C0209182133091831380910609882301F1293BFBE03F07E0F0C901D0
:2029C00068EB7BE00E9495F3883E03E0900718F48854944F02C088EB9BE0A901481B590BF3
:2029E00060E070E04093891350938A1360938B1370938C139C0130938900209388008091F0
:202A00008113809384132091880030918900809184009091850040962817390748F4809118
:202A200084009091850040969093890080938800FF2071F010925614109255140E941135D0
:202A4000882331F0809104098F5F8F7080930409F8948091DC13882321F080916E008B7FAE
:202A600003C080916E00846080936E0080916F00826080936F00A4960FB6F894DEBF0FBED6
:202A8000CDBFDF91CF91FF91EF91BF91AF919F918F917F916F915F914F913F912F911F91CA
:202AA0000F91FF90EF90DF90CF900F900BBE0F900FBE0F901F90189560E083EA9EE10E94FD
:202AC000C38A10928D1316C920E030E040E251E46091100C7091110C8091120C9091130C87
:202AE0000E941FED0E941AF27093570E6093560E6091140C7091150C8091160C9091170C11
:202B00000E941AF26093600E7093610E8093620E9093630E0E948AD760935C0E70935D0E4F
:202B200080935E0E90935F0E6091D8147091D914072E000C880B990B0E94C0EC20E030E0E5
:202B400040E05FE30E94D1F00E941AF27093590E6093580E6091D6147091D714072E000C37
:202B6000880B990B0E94C0EC20E030E040E05FE30E94D1F00E941AF270935B0E60935A0E86
:202B800083E08093640E0E94F84C0E94655280915B0E8F9380915A0E8F938091590E8F933D
:202BA0008091580E8F9380915F0E8F9380915E0E8F9380915D0E8F9380915C0E8F938091F1
:202BC000630E8F938091620E8F938091610E8F938091600E8F938091570E8F938091560E6F
:202BE0008F938CE89EE19F938F938E010F5F1F4F1F930F930E9453EC0FB6F894DEBF0FBE11
:202C0000CDBFD8018D918D01882319F00E943935F8CF0CE31EE0F80181918F01882309F4E8
:202C20007DC80E943935F7CF0E941135882309F40DC9809104098F5F8F708093040906C919
:202C4000109258141092571401C9CF92DF92EF92FF92CF93DF936A017B01FC018491EF01EE
:202C60002196882321F00E943935FE01F7CF4AE0C701B601DF91CF91FF90EF90DF90CF90B7
:202C80000C944039CF92DF92EF92FF92CF93DF936A017B01FC018491EF012196882321F007
:202CA0000E943935FE01F7CF42E0C701B601DF91CF91FF90EF90DF90CF900C94823ACF9235
:202CC000DF92EF92FF92CF93DF936A017B01FC018491EF012196882321F00E943935FE0132
:202CE000F7CF42E0C701B601DF91CF91FF90EF90DF90CF900C94823A0F931F93CF93DF933D
:202D00008B01FC018491EF012196882321F00E943935FE01F7CFB801110F880B990BDF915D
:202D2000CF911F910F910C94293A4F925F926F927F92AF92BF92CF92DF92EF92FF920F93E4
:202D40001F93CF93DF93009709F456C0FC01208121FD52C0EB018C0147A050A461A472A406
:202D6000AFA0B8A4C9A4DAA49501A601C301B2010E94BAEC87FF40C0A3019201C301B2018D
:202D80000E941FED2B013C01F80183A994A9A5A9B6A9BC01CD0190589B01AC010E94D1F0EE
:202DA000F80127A530A941A952A90E941FED9B01AC01C301B2010E94D0F00E943CF37B0173
:202DC0008C019B01AC01B501C6010E94BAEC87FF02C0750186019701A801B501C6010E94B3
:202DE000BAEC882349F0A701B8014FA358A769A77AA7888181608883DF91CF911F910F91B1
:202E0000FF90EF90DF90CF90BF90AF907F906F905F904F9008952F923F924F925F926F926A
:202E20007F928F929F92AF92BF92CF92DF92EF92FF920F931F93CF93DF93CDB7DEB7689779
:202E40000FB6F894DEBF0FBECDBF1C015B018A01DC01D7966D917D918D919C91DA970E9473
:202E6000BEEC6B017C01F50120813181428153810E941FED0E9497F10E941AF269877A8768
:202E80008B879C87D8012D913D914D915C91C701B6010E941FED0E9497F10E941AF26D87D4
:202EA0007E878F87988B29853A854B855C85283731054105510540F488E790E0A0E0B0E062
:202EC00089879A87AB87BC872D853E854F855889283731054105510540F488E790E0A0E05E
:202EE000B0E08D879E87AF87B88B91012D5B3F4FD9018D919D910D90BC91A02D8D839E83DA
:202F0000AF83B887BC01CD010E94C0EC69837A838B839C8369857A858B859C850E94BEECE7
:202F2000698B7A8B8B8B9C8B20E030E0A90169817A818B819C810E94BAEC882339F1A701CE
:202F40009601C701B6010E941FED4B015C0129893A894B895C89CA01B9010E941FED9B0107
:202F6000AC01C501B4010E94D0F04B015C0129813A814B815C81CA01B9010E94D1F09B018C
:202F8000AC01C501B4010E94ADF103C060E070E0CB010E9497F10E9415F22B013C016D8180
:202FA0007E818F81988590958095709561957F4F8F4F9F4F0E94C0EC4B015C016D857E852A
:202FC0008F8598890E94BEEC6D837E838F83988720E030E0A901C501B4010E94BAEC882326
:202FE00049F12D813E814F815885CA01B9010E941FED6D8B7E8B8F8B988FA7019601C70101
:20300000B6010E941FED9B01AC016D897E898F89988D0E94D0F06B017C01A5019401C5017C
:20302000B4010E94D1F09B01AC01C701B6010E94ADF103C060E070E0CB010E9446F2F10185
:2030400082889388A488B58875016401C418D508E608F7080E9415F2C61AD70AE80AF90A02
:20306000F7FE6BC020E030E0A90169817A818B819C810E94BAEC882309F447C029813A810C
:203080004B815C81CA01B9010E94D1F06B017C01C501B4010E94BEEC9B01AC01C701B60127
:2030A0000E941FED6B017C0129893A894B895C89CA01B9010E941FED9B01AC01C701B60150
:2030C0000E94D0F06B017C012D813E814F815885CA01B9010E941FED9B01AC01C701B60190
:2030E0000E94D1F06B017C0120E030E040E850E469817A818B819C810E941FED9B01AC0113
:20310000C701B6010E94ADF103C060E070E0CB010E9497F10E9415F22B013C0197FF03C03C
:20312000412C512C3201481459046A047B0410F024013501C12CD12C76018FB7F894D1016C
:203140009C9193FD22C0F101468A578A608E718EC40CD51CE61CF71C5A96CD92DD92ED922D
:20316000FC925D9729853A854B855C85DB962D933D934D935C93DE97FF962D853E854F858C
:20318000588920833183428353838FBF68960FB6F894DEBF0FBECDBFDF91CF911F910F91A9
:2031A000FF90EF90DF90CF90BF90AF909F908F907F906F905F904F903F902F9008958F922F
:2031C0009F92AF92BF92CF92DF92EF92FF920F931F93CF93DF93CDB7DEB72C970FB6F894F3
:2031E000DEBF0FBECDBF8B0140E050E068EC72E44D835E836F83788740E050E060EA70E4C3
:2032000049835A836B837C83FC018081813019F0823039F02AC0BE016F5F7F4FC8010896D9
:2032200046C0F80120853185428553856091100C7091110C8091120C9091130C0E94D1F098
:203240006B017C0120E030E042E853E40E94BAEC87FD06C0C12CD12C82E8E82E83E4F82E8B
:20326000C986DA86EB86FC861DC0F801C084D184E284F3848090100C9090110CA090120CA9
:20328000B090130C9401A501B601C7010E94F7F2181614F064017501C601D70189879A87AD
:2032A000AB87BC87BE016F5F7F4FCE0109960E94C731B8016C5F7F4F9E012B5F3F4F40E10C
:2032C0005CE0C8010E94E3302C960FB6F894DEBF0FBECDBFDF91CF911F910F91FF90EF90FD
:2032E000DF90CF90BF90AF909F908F900895CF93DF93E0915514F091561442815381648172
:2033000075811416150616061706FCF420919A0E20FF1BC030B120918F133695369541E00B
:203320003427832F81702E7F822B80938F1390918E139170892349F080915204816080937D
:20334000520480E090E00E9469D2E0915514F091561486819781A085B185181619061A06BE
:203360001B0674F580919A0E81FF2AC090B180918F13282F30E0892F82958695869583704D
:2033800091E089278170C82F80E0D82F882799278C1B9D0B82279327827099278227932787
:2033A00080938F1390918E139270892349F08091520482608093520481E090E00E9469D24F
:2033C000E0915514F091561482859385A485B585181619061A061B0634F580919A0E82FFB5
:2033E00022C086B120918F1330E0082E000C990B80959095990F880B982F822793278470D8
:2034000099278227932780938F1390918E139470892349F08091520484608093520482E013
:2034200090E00E9469D280918F1380938E13DF91CF9108958F929F92AF92BF92CF92DF92B5
:20344000EF92FF920F931F93CF93C82F882319F0EEE2F1E20CC0EBE6F3E184918F010F5FD2
:203460001F4F8823A9F30E943935F801F6CF84918F010F5F1F4F882321F00E943935F80183
:20348000F6CFCC2319F0E1E1F1E20CC0EBE6F3E184918F010F5F1F4F8823A9F30E94393591
:2034A000F801F6CF84918F010F5F1F4F882321F00E943935F801F6CF8AE00E943935C111F7
:2034C0002CC0EBE6F3E184918F010F5F1F4F882321F00E943935F801F6CFEEEFF0E284918C
:2034E0008F010F5F1F4F882321F00E943935F801F6CF8091F10B882321F08AE00E94393593
:2035000039C0E3EFF0E284918F010F5F1F4F882389F10E943935F801F6CF4091ED0B5091F0
:20352000EE0B6091EF0B7091F00B8AEE90E2C7DB8AE00E9439358091F10B811127C0CC2330
:2035400019F0EFEDF0E20CC0EBE6F3E184918F010F5F1F4F8823A9F30E943935F801F6CFAD
:2035600084918F010F5F1F4F882381F00E943935F801F6CFEBE6F3E184918F010F5F1F4FBA
:20358000882359F20E943935F801F6CFC11124C0EBE6F3E184918F010F5F1F4F882321F0CF
:2035A0000E943935F801F6CFEEECF0E284918F010F5F1F4F882321F00E943935F801F6CF86
:2035C000EBE6F3E184918F010F5F1F4F882321F00E943935F801F6CF4091180C5091190C40
:2035E00060911A0C70911B0C86EC90E268DB40911C0C50911D0C60911E0C70911F0C83ECAC
:2036000090E25DDB4091200C5091210C6091220C7091230C80EC90E252DB4091240C5091B9
:20362000250C6091260C7091270C8DEB90E247DB8AE00E943935C11124C0EBE6F3E184910C
:203640008F010F5F1F4F882321F00E943935F801F6CFEFE9F0E284918F010F5F1F4F88239E
:2036600021F00E943935F801F6CFEBE6F3E184918F010F5F1F4F882321F00E943935F80180
:20368000F6CF4091061450910714609108147091091486E990E213DB40910A1450910B1495
:2036A00060910C1470910D1483E990E208DB40910E1450910F14609110147091111480E97B
:2036C00090E2FDDA409112145091131460911414709115148DE890E2F2DA8AE00E94393532
:2036E000C11124C0EBE6F3E184918F010F5F1F4F882321F00E943935F801F6CFEBE6F0E2C1
:2037000084918F010F5F1F4F882321F00E943935F801F6CFEBE6F3E184918F010F5F1F4F78
:20372000882321F00E943935F801F6CF4091161450911714609118147091191482E690E2D3
:2037400084DA40911A1450911B1460911C1470911D148FE590E279DA40911E1450911F1459
:2037600060912014709121148CE590E26EDA4091221450912314609124147091251489E5D3
:2037800090E263DA8AE00E943935C11124C0EBE6F3E184918F010F5F1F4F882321F00E94C6
:2037A0003935F801F6CFEFE0F0E284918F010F5F1F4F882321F00E943935F801F6CFEBE660
:2037C000F3E184918F010F5F1F4F882321F00E943935F801F6CF40912E1450912F146091E2
:2037E00030147091311486E090E269DA40912A1450912B1460912C1470912D1483E090E2AD
:203800005EDA4091261450912714609128147091291480E090E253DA8AE00E943935C11193
:2038200024C0EBE6F3E184918F010F5F1F4F882321F00E943935F801F6CFECE8FFE184912B
:203840008F010F5F1F4F882321F00E943935F801F6CFEBE6F3E184918F010F5F1F4F8823A1
:2038600021F00E943935F801F6CF4091021450910314609104147091051483E89FE11FDA83
:203880004091FE135091FF13609100147091011480E89FE114DA4091901350919113609178
:2038A0009213709193138DE79FE1CFD9409132145091331460913414709135148AE79FE16D
:2038C000FED94091361450913714609138147091391487E79FE1F3D940913A1450913B1436
:2038E00060913C1470913D1484E79FE1E8D940913E1450913F14609140147091411481E72F
:203900009FE1DDD98AE00E943935CC2379F093EBA92E98E0B92E2FEAC22E28E0D22E37EBB8
:20392000E32E38E0F32E812C912C3AC0EBE6F3E184918F010F5F1F4F882321F00E943935E7
:20394000F801F6CFE4E5FFE184918F010F5F1F4F8823E9F20E943935F801F6CFB4018BE407
:203960009FE1CAD9F501619171915F0188E49FE1C3D9F601619171916F0185E49FE1BCD979
:20398000F701619171917F0182E49FE1B5D98AE00E9439358A94892889F088248394912C05
:2039A000C111DCCFEBE6F3E184918F010F5F1F4F8823A1F20E943935F801F6CFC11124C0A2
:2039C000EBE6F3E184918F010F5F1F4F882321F00E943935F801F6CFE3E3FFE184918F01EC
:2039E0000F5F1F4F882321F00E943935F801F6CFEBE6F3E184918F010F5F1F4F882321F07F
:203A00000E943935F801F6CF4091A2085091A3086091A4087091A5088AE29FE150D92CEA5B
:203A200035EC47E25EE36091AA087091AB088091AC089091AD080E94ADF1AB01BC0187E2F7
:203A40009FE120D92CEA35EC47E25EE36091A6087091A7088091A8089091A9080E941FEDBC
:203A6000AB01BC0184E29FE10DD98AE00E943935C1110CC0EBE6F3E184918F010F5F1F4FD3
:203A8000882321F00E943935F801F6CF409161145091621460916314709164148BE19FE132
:203AA0000ED92CEA35EC47E25EE360915D1470915E1480915F14909160140E94ADF1AB01A4
:203AC000BC0188E19FE1DED82CEA35EC47E25EE36091591470915A1480915B1490915C140B
:203AE0000E941FEDAB01BC0185E19FE1CBD88AE0CF911F910F91FF90EF90DF90CF90BF90E1
:203B0000AF909F908F900C943935CF93DF9328E13CE0C6E0D4E1A6E1B4E180E090E0FC01CD
:203B2000EB5FF04E4591559165917491F90141935193619371939F01FC01EB50F14E4591AF
:203B40005591659174914993599369937993FC01EB51F14E45915591659174914D935D93B5
:203B60006D937D93049680319105C9F680E090E0AAE7B4E480932E1490932F14A09330146A
:203B8000B093311440E050E06AEF74E440932A1450932B1460932C1470932D1480932614A5
:203BA00090932714A0932814B0932914109202141092031410920414109205141092FE131F
:203BC0001092FF13109200141092011480E29EE4A0E0B0E08093901390939113A09392137B
:203BE000B093931380E090E0A0E2B1E48093321490933314A0933414B093351480933614CE
:203C000090933714A0933814B09339148DEC9CECACECBEE380933A1490933B14A0933C1497
:203C2000B0933D1480E090E0A0EAB0E480933E1490933F14A0934014B093411488EC90E024
:203C40009093B4088093B30886EE90E09093B6088093B50882E390E09093B0088093AF08A8
:203C600080E590E09093B2088093B1081092B8081092B7081092BA081092B90883E393E360
:203C8000A7E3B2E48093A2089093A308A093A408B093A50884E19AE6A7E1BFE38093AA08D6
:203CA0009093AB08A093AC08B093AD0888EF98EDADE5B4E48093A6089093A708A093A808B3
:203CC000B093A90883EC95E7A6E3B3E48093611490936214A0936314B093641481E093E586
:203CE000ACEBB0E480935D1490935E14A0935F14B093601488EE95ECA0EBB4E48093591489
:203D000090935A14A0935B14B0935C141092F10B80E090E0A0EEBFE38093ED0B9093EE0BF8
:203D2000A093EF0BB093F00B10920609109205090E944A3CEBE6F3E18491EF012196882383
:203D400021F00E943935FE01F7CFE2ECFEE18491EF012196882321F00E943935FE01F7CF83
:203D6000DF91CF910895CF92DF92EF92FF928091F10B882371F1C090ED0BD090EE0BE090C7
:203D8000EF0BF090F00B20E030E0A901C701B6010E94BAEC8823E9F020E030E040E05FE337
:203DA000C701B6010E941FED9B01AC010E941FED2BED3FE049E450E40E941FED9B01AC0150
:203DC00060E070E080E89FE30E94ADF16B017C0106C0C12CD12C80E8E82E8FE3F82EC09228
:203DE0005208D0925308E0925408F09255086091120270911302072E000C880B990B0E94CA
:203E0000C0EC2AE037ED43E25CE30E941FEDA70196010E941FED60930E0270930F0280939F
:203E2000100290931102FF90EF90DF90CF9008952F923F924F925F926F927F928F929F92F9
:203E4000AF92BF92CF92DF92EF92FF920F931F93CF93DF93CDB7DEB7C456D1090FB6F89466
:203E6000DEBF0FBECDBF60969FAF8EAF609749AB59AF6EAF21967FAF2197322EDC01CD9084
:203E8000DD90ED90FC908091F3089091F408A091F508B091F608C81AD90AEA0AFB0A609662
:203EA000EEADFFAD609744815581668177818091F7089091F808A091F908B091FA088A0119
:203EC0009B01081B190B2A0B3B0B0DA71EA72FA738AB40855185628573858091FB089091A3
:203EE000FC08A091FD08B091FE088A019B01081B190B2A0B3B0B0DAB1EAB2FAB38AF44844E
:203F00005584668477848091FF0890910009A0910109B091020953014201881A990AAA0A8A
:203F2000BB0A09F49AC08091810E81113BC06091640270916502072E000C880B990B0E945F
:203F4000C0EC9B01AC0160917D0E70917E0E80917F0E9091800E0E94BAEC87FF23C0409293
:203F6000FF08509200096092010970920209EBE6F3E184918F010F5F1F4F882321F00E94C2
:203F80003935F801F6CFE5E6F1E284918F010F5F1F4F882321F00E943935F801F6CF812C9F
:203FA000912C5401C501B4010E94C0EC14E0319EF0011124E25FFD4F2081318142815381C6
:203FC0000E941FED0E9415F22B013C0197FF08C07094609450944094411C511C611C711C3F
:203FE0006091240C7091250C8091260C9091270C0E9415F29B01AC01A0E9B1E00E94B7F082
:2040000064157505860597055CF56096EEADFFAD609784859585A685B7858093FF0890933A
:204020000009A0930109B0930209EBE6F3E184918F010F5F1F4F882321F00E943935F80101
:20404000F6CFE6E4F1E284918F010F5F1F4F882321F00E943935F801F6CF812C912C540134
:20406000D701C6018827B7FD83959927AA27BB27182F2DA53EA54FA558A957FD12608DA9C6
:204080009EA9AFA9B8ADB7FD1460B7FC1860C501B4010E94C0ECA4E03A9EF0011124E25F3D
:2040A000FD4F20813181428153810E941FED4B015C0120E030E0A9010E94F7F218164CF4C0
:2040C00020E030E040E05FE3C501B4010E94D1F008C0A501940160E070E080E09FE30E9479
:2040E000D0F00E9415F26AAF7BAF8CAF9DAF809103098F5F8F706B968FAF6B978091040924
:204100006B960FAD6B97801304C080E00E94BFB1F5CFE09103092E2F30E03CA72BA73DE493
:20412000E39FF0011124E556F14F108212A3D701C601F7FE07C088279927DC018C199D0923
:20414000AE09BF0982839383A483B5838DE40BA51CA5809FF001819FF00D1124E556F14FA7
:204160008DA59EA5AFA5B8A9B7FF07C0B095A095909581959F4FAF4FBF4F86839783A0879F
:20418000B1878DE40BA51CA5809FF001819FF00D1124E556F14F8DA99EA9AFA9B8ADB7FF38
:2041A00007C0B095A095909581959F4FAF4FBF4F82879387A487B5878DE40BA51CA5809FFE
:2041C000F001819FF00D1124E556F14F2AAD3BAD4CAD5DAD26873787408B518B42815381B6
:2041E000648175810681178120853185041715072607370714F48A019B018DE4ABA5BCA577
:204200008A9FF0018B9FF00D1124E556F14F82859385A485B58580179107A207B30764F441
:204220008AAD9BADACADBDAD80179107A207B30764F4D901C8010DC00AAD1BAD2CAD3DADA0
:20424000081719072A073B0724F08AAD9BADACADBDAD2DE40BA51CA5209FF001219FF00D67
:204260001124E556F14F828B938BA48BB58B0697A105B10510F40C94DBAADF01A95BBF4FE0
:204280008091DA149091DB148D939C933182452B462B472B09F042988DE40BA51CA5809FE6
:2042A000F001819FF00D1124E556F14F86819781A085B185892B8A2B8B2B09F017988DE48E
:2042C0000BA51CA5809FF001819FF00D1124E556F14F82859385A485B585892B8A2B8B2BEF
:2042E00009F015982AAD3BAD4CAD5DAD232B242B252BB1F08091A813882319F08150809364
:20430000A813311004C02E9880E28093A8133090021420900314009104141091051408C01F
:204320003090FE132090FF130091001410910114232D322DA80169A979AD8EAD21969FADC1
:2043400021970E94BAEC87FD02C00C94D3AAC701B6010E94C0EC2091360430913704409175
:204360003804509139040E941FED2B013C01698B7A8B8B8B9C8B6DA57EA58FA598A90E944A
:20438000C0EC20913A0430913B0440913C0450913D040E941FED6DA77EA78FA798AB6D8BF7
:2043A0007E8B8F8B988F6DA97EA98FA998AD0E94C0EC20913E0430913F04409140045091BE
:2043C00041040E941FED6B017C01698F7A8F8B8F9C8F2091420430914304409144045091C2
:2043E0004504C501B4010E941FED6D8F7E8F8F8F98A32DE44BA55CA5249FF001259FF00D72
:204400001124E556F14F82809380A480B58056E085169104A104B104E4F486809780A084A5
:20442000B184A6E08A169104A104B10494F482849384A484B584B6E08B169104A104B10406
:2044400044F4DC01CB01BF7787A790ABA1ABB2AB34C0A3019201C301B2010E941FED2B01B7
:204460003C012DA53EA54FA558A9CA01B9010E941FED9B01AC01C301B2010E94D1F04B01B3
:204480005C01A7019601C701B6010E941FED9B01AC01C501B4010E94D1F00E943CF32DE44A
:2044A0004BA55CA5249FF001259FF00D1124E556F14F67A770AB81AB92AB8DE4ABA5BCA532
:2044C0008A9FF0018B9FF00D1124E556F14F27A530A941A952A960E070E080E89FE30E9445
:2044E000ADF126966CAF7DAF8EAF9FAF26979B01AC01632D722DC8010E941FED6B017C01FB
:204500008091030990910409891B8F7027968FAF2797A701960160E074E284E799E40E9495
:20452000ADF10E9402F34B015C0127968FAD279782508630D0F58091901390919113A091EF
:204540009213B091931388169906AA06BB0668F588199909AA09BB09BC01CD01660F771F74
:20456000881F991F2796BFAD27970B2F10E020E030E0A90198010E9495F0CA01B9010E942A
:20458000BEEC0E9402F3860E971EA81EB91EC501B4010E94BEEC9B01AC0160E074E284E7E3
:2045A00099E40E94ADF16B017C012FB7F8948091690E90916A0EA0916B0EB0916C0E880EC7
:2045C000991EAA1EBB1E8092690E90926A0EA0926B0EB0926C0E2FBF8DE4EBA5FCA58E9F3C
:2045E00080018F9F100D11240556114FD8019F962D913D914D915C91D2976F962CAF3DAF65
:204600004EAF5FAF6F97A70196016F966CAD7DAD8EAD9FAD6F970E941FED2E966CAF7DAFBC
:204620008EAF9FAF2E97F80163A374A385A396A322893389448955892DA73EA74FA758ABEF
:20464000CA01B9010E94BEEC6DAB7EAB8FAB98AFA70196010E941FED0E9497F10E941AF202
:2046600064966CAF7DAF8EAF9FAF6497F80167AB70AF81AF92AF8E010F5E1F4F1FAF0EAFE3
:204680000051110966961FAF0EAF669706E014E168961FAF0EAF68978E010F5D1F4F1AA79E
:2046A00009A766960EAD1FAD669722961FAF0EAF2297212C312C10E819AB0FE309AFAEAD63
:2046C000BFAD6D917D918D919D91BFAFAEAFA70196010E941FED2296EEADFFAD22976193B2
:2046E0007193819391932296FFAFEEAF22974B015C01E894B7F86896AEADBFAD68974D904D
:204700005D906D907D906896BFAFAEAF6897A3019201C501B4010E94F7F21816A4F4A50131
:204720009401C301B2010E94ADF15B018C019B01AC01B10189A999AD0E94F7F218161CF408
:20474000150109AB19AF0EAD1FAD29A53AA50217130709F0B4CF20E030E040E85FE3B101B8
:2047600089A999AD0E94BAEC87FF4BC07E0131E1E30EF11C66960EAD1FAD6697910149A955
:2047800059ADD8016D917D918D919C910E941FEDF80161937193819391938F01EE15FF0575
:2047A00069F78DE42BA53CA5829F8001839F100D11240556114F910149A959AD2E966CAD3F
:2047C0007DAD8EAD9FAD2E970E941FEDD80193966D937D938D939C93969764966CAD7DADEA
:2047E0008EAD9FAD64970E94BEEC910149A959AD0E941FED0E941AF2F80167AB70AF81AFAB
:2048000092AF26962CAD3DAD4EAD5FAD26976DA97EA98FA998AD0E941FED69AB7AAB8BAB3D
:204820009CAB8DE40BA51CA5809FF001819FF00D1124E556F14F82809380A480B58081146F
:204840009104A104B10409F586819781A085B185892B8A2B8B2BC9F482859385A485B58593
:20486000892B8A2B8B2B89F420912A1430912B1440912C1450912D1469A97AA98BA99CA9CC
:204880000E941FED0E9497F127C22AAD3BAD4CAD5DAD232B242B252B49F060912E1470913B
:2048A0002F14809130149091311408C06091261470912714809128149091291429A93AA96B
:2048C0004BA95CA90E941FED0E9497F10E941AF26B017C018091A9139091AA13A091AB13D6
:2048E000B091AC130DA51EA52FA538A980179107A207B30708F4E2C081149104A104B104DA
:2049000041F1209194133091951340919613509197132C153D054E055F05D8F46DA57EA564
:204920008FA598A90E9486F02B013C01A7019601C501B4010E9486F0461657066806790609
:2049400040F4C301B201A50194010E9495F069017A018DE40BA51CA5809FF001819FF00D56
:204960001124E556F14F86809780A084B18481149104A104B10441F1209198133091991392
:2049800040919A1350919B132C153D054E055F05D8F46DA57EA58FA598A90E9486F02B0116
:2049A0003C01A7019601C501B4010E9486F0461657066806790640F4C301B201A50194015C
:2049C0000E9495F069017A018DE40BA51CA5809FF001819FF00D1124E556F14F82849384EF
:2049E000A484B58481149104A104B10441F120919C1330919D1340919E1350919F132C1579
:204A00003D054E055F05D8F46DA57EA58FA598A90E9486F02B013C01A7019601C501B401EC
:204A20000E9486F0461657066806790640F4C301B201A50194010E9495F069017A018DE455
:204A40000BA51CA5809FF001819FF00D1124E556F14F86849784A088B18881149104A104B3
:204A6000B10409F43DC12091A0133091A1134091A2135091A3132C153D054E055F0508F05E
:204A80002FC16DA57EA58FA598A90E9486F02B013C01A7019601C501B4010E9486F04616CD
:204AA00057066806790608F01BC1C301B201A50194010E9495F069017A0112C1811491041D
:204AC000A104B104A9F1609194137091951380919613909197136C157D058E059F0540F5AD
:204AE0000E94BEEC2DA93EA94FA958AD0E941FED2B013C01C501B4010E94C0EC4B015C0127
:204B0000C701B6010E94BEECA50194010E941FEDA30192010E94F7F2181654F4A50194016E
:204B2000C301B2010E94ADF10E941AF26B017C018DE40BA51CA5809FF001819FF00D1124E3
:204B4000E556F14F46805780608471844114510461047104A9F160919813709199138091EC
:204B60009A1390919B136C157D058E059F0540F50E94BEEC2DA93EA94FA958AD0E941FED96
:204B80004B015C01C301B2010E94C0EC2B013C01C701B6010E94BEECA30192010E941FED8E
:204BA000A50194010E94F7F2181654F4A3019201C501B4010E94ADF10E941AF26B017C0130
:204BC0008DE40BA51CA5809FF001819FF00D1124E556F14F428453846484758441145104EE
:204BE00061047104A9F160919C1370919D1380919E1390919F136C157D058E059F0540F5EC
:204C00000E94BEEC2DA93EA94FA958AD0E941FED4B015C01C301B2010E94C0EC2B013C0109
:204C2000C701B6010E94BEECA30192010E941FEDA50194010E94F7F2181654F4A301920151
:204C4000C501B4010E94ADF10E941AF26B017C018DE40BA51CA5809FF001819FF00D1124BE
:204C6000E556F14F86849784A088B18881149104A104B104A9F16091A0137091A1138091AB
:204C8000A2139091A3136C157D058E059F0540F50E94BEEC2DA93EA94FA958AD0E941FED65
:204CA0002B013C01C501B4010E94C0EC4B015C01C701B6010E94BEECA50194010E941FED65
:204CC000A30192010E94F7F2181654F4A5019401C301B2010E94ADF10E941AF26B017C0113
:204CE0008DE42BA53CA5829F8001839F100D11240556114FF801ED5BFF4FC082D182E28239
:204D0000F382C701B6010E94BEEC6B017C0129A93AA94BA95CA90E94ADF16A966CAF7DAF35
:204D20008EAF9FAF6A97D801D3966D937D938D939C93D69720E030E040E85BE4C701B601E3
:204D40000E941FED20E034E244EF59E40E94ADF10E9415F2F801668F778F80A391A3F3A157
:204D6000F9AFD8019496BC91BEAFF801F5A12196FFAF2197D8019696BC912396BFAF2397EF
:204D800002E314E1A1961FAF0EAFA1972E0111E1410E511C42E3242E44E1342E66966EAC4E
:204DA0007FAC669709AD0AAF1EAD1DA7FDABB9AB10E0D3018D909D90AD90BD903D01E8946F
:204DC000B7F8F101C190D190E190F1901F01A7019601C501B4010E94F7F2181674F511235E
:204DE00039F129AD3EAD21964FAD219723965FAD2397C701B6010E941FED6B017C012AADF1
:204E00003DA54DA959A9C501B4010E941FEDA70196010E94F7F218167CF4A5019401C70124
:204E2000B6010E94ADF16AAF7DA78DAB99AB04C0CAAEDDA6EDAAF9AA11E06414750409F0EE
:204E4000B8CF27960FAD2797002309F455C1C090DF08D090E008E090E108F090E2082DEB04
:204E600037E346E855E3B601C7010E94BAEC87FD43C19601A70169AD7EAD21968FAD219738
:204E800023969FAD23970E94BAEC87FD05C00C2D2D2C3E2C1F2D08C009AD2EAC21963FAC80
:204EA000219723961FAD23979601A701602F722D832D912F0E94ADF1A5966CAF7DAF8EAF1F
:204EC0009FAFA59723EE38E062963FAF2EAF629780E090E0A0E8BFE32A968CAF9DAFAEAFC5
:204EE000BFAF2A972B961FAE2B976296AEADBFAD62976D917D918D919D916296BFAFAEAF60
:204F00006297A5962CAD3DAD4EAD5FADA5970E941FED6B017C016696EEADFFAD669781906F
:204F20009190A190B1906696FFAFEEAF66972B96FFAD2B97FF23B1F02A962CAD3DAD4EAD2A
:204F40005FAD2A970E941FED6B017C012A962CAD3DAD4EAD5FAD2A97C501B4010E941FED79
:204F60004B015C01A5019401C701B6010E94F7F220E030E0A90118162CF5C501B4010E941D
:204F8000F7F218164CF020E030E0A901C701B6010E94BAEC87FF05C0A5019401C701B60138
:204FA00024C02401350177FA709477F87094A3019201C701B6010E94F7F218165CF52601E3
:204FC000370128C0C501B4010E94BAEC87FD09C020E030E0A901C701B6010E94F7F21816AF
:204FE0004CF4A7019601C501B4010E94D0F02B013C0110C02601370177FA709477F87094D5
:20500000A5019401C301B2010E94F7F2181614F024013501A196AEADBFADA197CD90DD90C6
:20502000ED90FD90A196BFAFAEAFA197A7019601C301B2010E94F7F21816ECF4A3019201A6
:20504000C701B6010E94ADF19B01AC012A966CAD7DAD8EAD9FAD2A970E941FED2A966CAF74
:205060007DAF8EAF9FAF2A972B96BFAD2B97BF5F2B96BFAF2B976296EEADFFAD6297E35F40
:20508000F84009F032CF2B963FAD2B97332381F02A962CAD3DAD4EAD5FAD2A97602F722D2F
:2050A000832D912F0E941FED062F272E382E192F24EA30E74DE75FE3602F722D832D912F61
:2050C0000E941FED6B017C019B01AC016091A4137091A5138091A6139091A7130E94F7F25F
:2050E0001816DCF4A70196016AAD7DA58DA999A90E94F7F218168CF48DE40BA51CA5809F88
:20510000F001819FF00D1124E556F14F8081846080830AAD2DA43DA819A98DE42BA53CA598
:20512000829FF001839FF00D1124E556F14F802F922DA32DB12F83A794A7A5A7B6A76A9662
:205140006CAD7DAD8EAD9FAD6A9790589B01AC010E94D1F06F962CAD3DAD4EAD5FAD6F971B
:205160000E941FED9B01AC016BE077ED83E29BE30E94D0F00E943CF36B017C019B01AC0141
:20518000602F722D832D912F0E94BAEC87FD04C00C2D2D2C3E2C1F2D8DE44BA55CA5849F14
:2051A000F001859FF00D1124E556F14F802F922DA32DB12F87A390A7A1A7B2A7B080960146
:2051C000A70169AD7EAD21968FAD219723969FAD23970E94BAEC181614F481E001C083E079
:2051E0003DE4C32EABA5BCA5CA9E9001CB9E300D1124F901E556F14F7F01B82AB08280E1AE
:20520000FE013196A3EEB8E001900D928A95E1F789AD9EAD2196AFAD21972396BFAD23974D
:205220008093DF089093E008A093E108B093E2088AAD9DA5ADA9B9A98093A4139093A5134A
:20524000A093A613B093A71329AD3EAD21964FAD219723965FAD239760E070E080E89FE340
:205260000E94ADF14B015C019B01AC016AAD7DA58DA999A90E941FED6DA37EA38FA398A7FB
:20528000A5019401602F722D832D912F0E941FED69A37AA38BA39CA3AE014B5D5F4FBE012D
:2052A0006F5D7F4FC7010E940B976B960FAD6B970093030980E16096EEADFFAD6097A3EFC3
:2052C000B8E001900D928A95E1F78091030990910409891B8F70843048F410910409F12C66
:2052E00000E080E090E02DE4E22EA5C04090040982E0840D8F708BA7F09003098FEF8F0DD1
:205300008F70F82EC89EC00111249C012556314F69018FEF8F0D8F70F82E882E880F9908DD
:205320003DE4389D8001399D100D11240556114FD8016C9062FCD1CF0115110509F476C0E1
:20534000C114D10409F472C09B967C909B979C96AC909C979D96BC909D979E96EC909E97CC
:20536000272D3A2D4B2D5E2D97966D917D918D919C919A970E94BAEC882309F457C061FC56
:2053800040C0F60127A030A441A452A4A2019101672D7A2D8B2D9E2D0E94BAEC18168CF5B6
:2053A000A2019101C201B1010E941FED1B012C01F80183A994A9A5A9B6A9BC01CD019058CA
:2053C0009B01AC010E94D1F0D8019F962D913D914D915C91D2970E941FED9B01AC01C20199
:2053E000B1010E94D0F00E943CF31B016C019B01AC01672D7A2D8B2D9E2D0E94BAEC87FF6A
:2054000004C0272C3A2CCB2CDE2CBDE4B89DF001B99DF00D1124E556F14FC101D60187A361
:2054200090A7A1A7B2A7862D8160808368010BA5F0126FCF52CF20910309121791F0E19E9D
:2054400090011124A9014556514F6A016F2D702F0E9495961F5F1F708F2D902FFC2C0D2D44
:20546000EACF6F2D702F0E949596F090040900E010E08DE4E82EAF2C0F2C000CBB08809191
:20548000030990E0A816B90609F456C0EA9CC001EB9C900D1124DC01A556B14F6D01011504
:2054A000110509F443C0F801808180FD03C08C9180FF3CC0D80193962D913D914D915C91AB
:2054C000969760E070E080E89FE30E94ADF12B013C01EA9CF001EB9CF00D1124E556F14FD1
:2054E0009B01AC0167A170A581A592A50E941FED69A37AA38BA39CA3A3019201F80167A16D
:2055000070A581A592A50E941FED6DA37EA38FA398A7AE014F5D5F4FBE016B5D7F4FC801A2
:205520000E940B97D8018C918E7F8C9381E08F0D8F70F82E86019FCF01151105E1F1F801F7
:2055400023A134A145A156A160E070E080E89FE30E94ADF16B017C012DEC3CEC4CE45DE381
:205560000E941FED69A37AA38BA39CA3A7019601D80197966D917D918D919C919A970E9478
:205580001FED6DA37EA38FA398A7AE014F5D5F4FBE016B5D7F4FC8010E940B97F8018081F8
:2055A0008E7F808308C039A829AC0EAD21961FAD21970C94A7A1CC59DF4F0FB6F894DEBF3E
:2055C0000FBECDBFDF91CF911F910F91FF90EF90DF90CF90BF90AF909F908F907F906F908C
:2055E0005F904F903F902F9008950F931F93CF93DF931F921F92CDB7DEB7FC0184918F016D
:205600000F5F1F4F811102C08B0108C069837A830E943935F80169817A81F0CFF801819165
:205620008F01882319F00E943935F8CF0F900F90DF91CF911F910F9108958F929F92AF92C1
:20564000BF92CF92DF92EF92FF920F931F93CF93DF9300D01F92CDB7DEB786E1882E84E1D1
:20566000982E98E1A92E9CE0B92E04E913E1C12CD12C7601C394F4016191719181919191FB
:205680004F01F50121913191419151915F0129833A834B835C830E94BEEC29813A814B81A9
:2056A0005C810E941FED0E941AF2F80161937193819391938F01C616D706E806F90610F44E
:2056C0006B017C01F6E28F16F4E19F06A1F66FEF7FEFCB01A70196010E9495F02093A913E6
:2056E0003093AA134093AB135093AC130F900F900F900F90DF91CF911F910F91FF90EF904D
:20570000DF90CF90BF90AF909F908F9008952F923F924F925F926F927F928F929F92AF9239
:20572000BF92CF92DF92EF92FF920F931F93CF93DF9300D01F92CDB7DEB77B016A01190171
:20574000A8E1BCE02D913D914D915C91FC0160817181828193810E941FED0E9402F32B0175
:205760003C0103EF18E0D8016D937D938D939C93139720911C0C30911D0C40911E0C509181
:205780001F0CF70160817181828193810E941FED0E9402F34B015C01D80114966D937D937B
:2057A0008D939C9317972091200C3091210C4091220C5091230CF601608171818281938131
:2057C0000E941FED0E9402F36B017C01D80118966D937D938D939C931B972091240C309161
:2057E000250C4091260C5091270CF10160817181828193810E941FED0E9402F3D8011C96B5
:205800006D937D938D939C931F9769837A838B839C830E94B0D22FB7F894E8EFFBE0408253
:2058200051826282738284829582A682B782C086D186E286F38669817A818B819C816487C7
:205840007587868797872FBF1092DF081092E0081092E1081092E20880E1E3EEF8E0DF011F
:205860001D928A95E9F70F900F900F900F90DF91CF911F910F91FF90EF90DF90CF90BF90B3
:20588000AF909F908F907F906F905F904F903F902F9008950F931F93CF93DF93C8E1DCE0E7
:2058A00006E314E0299139914991599160E070E080E89FE30E94ADF1F80161937193819304
:2058C00091938F01FCE0C832DF0761F724E13CE040E15CE06CE07CE088E09CE018DFDF918F
:2058E000CF911F910F91A9CE6F927F928F929F92AF92BF92CF92DF92EF920F931F93CF9382
:20590000DF93CDB7DEB7A0970FB6F894DEBF0FBECDBF3B014A01590168012091180C30919E
:20592000190C40911A0C50911B0CFC0160817181828193810E941FED0E9402F3698B7A8B1E
:205940008B8B9C8B20911C0C30911D0C40911E0C50911F0CF30160817181828193810E94C0
:205960001FED0E9402F36D8B7E8B8F8B988F2091200C3091210C4091220C5091230CF40173
:2059800060817181828193810E941FED0E9402F3698F7A8F8B8F9C8F2091240C3091250CBF
:2059A0004091260C5091270CF50160817181828193810E941FED0E9402F36D8F7E8F8F8F84
:2059C00098A32091510823FF08C06093FF087093000980930109909302090E9411358111CD
:2059E0008AC04091F3085091F4086091F5087091F60889899A89AB89BC89840F951FA61F0D
:205A0000B71FB595A7959795879589839A83AB83BC834091F7085091F8086091F9087091A8
:205A2000FA088D899E89AF89B88D840F951FA61FB71FB595A795979587958D839E83AF8397
:205A4000B8874091FB085091FC086091FD087091FE08898D9A8DAB8DBC8D840F951FA61F87
:205A6000B71FB595A7959795879589879A87AB87BC874091FF08509100096091010970911E
:205A800002098D8D9E8DAF8DB8A1840F951FA61FB71FB595A795979587958D879E87AF8702
:205AA000B88B80916F008D7F80936F00F60140815181628173812E2DCE0101960E94189F1A
:205AC00010910309F60140815181628173812E2DCE0141960E94189F8DE4189FF001112410
:205AE000E556F14F80818061808380916F00826080936F000AC0F601408151816281738137
:205B00002E2DCE0141960E94189F80916F00826080936F00A0960FB6F894DEBF0FBECDBFCA
:205B2000DF91CF911F910F91EF90DF90CF90BF90AF909F908F907F906F900895CF93DF939D
:205B4000EC010E949F3E1B82DF91CF9108953F924F925F926F927F928F929F92AF92BF9236
:205B6000CF92DF92EF92FF920F931F93CF93DF93CDB7DEB72C970FB6F894DEBF0FBECDBFF6
:205B80005C01DC0159968D909C905A97F40181859285A385B4859C01AD012F5F3F4F4F4F2A
:205BA0005F4F29873A874B875C87D5011496CD90DD90ED90FC901797C114D104E104F1048C
:205BC00039F0BFEFCB1ADB0AEB0AFB0A312C07C0F401C080D180E280F38033243394260166
:205BE00037011D821E821F821886F40181859285A385B4852D813E814F81588528173907E3
:205C00004A075B0708F064C089859A85AB85BC858C159D05AE05BF0550F482E0C82ED12CC4
:205C2000E12CF12C92E0492E512C612C712C9E012F5F3F4FB701A601C4010E94B93D882388
:205C400009F446C089819A81AB81BC81892B8A2B8B2B41F0260137019FEF491A590A690A3D
:205C6000790A05C0C414D504E604F70491F02D813E814F8158852F5F3F4F4F4F5F4F2D8393
:205C80003E834F8358873FEFC31AD30AE30AF30AACCF0FEF1FEF2FEF3FE0B301A201C401E0
:205CA0000E94283DF82E882399F0D50114964D915D916D917C9117974115510561057105F6
:205CC00049F093018201C4010E94283D811102C0F12C29C0D50114964D925D926D927C92F3
:205CE0001797332051F0D301C2010196A11DB11DF40180839183A283B383F501858996891E
:205D0000A789B08D892B8A2B8B2B69F4D50155964D925D926D927C92589711968C911197A3
:205D2000806811968C938F2D2C960FB6F894DEBF0FBECDBFDF91CF911F910F91FF90EF90C2
:205D4000DF90CF90BF90AF909F908F907F906F905F904F903F90089561E0FC0180810C9472
:205D60008DB98EBD0DB407FEFDCF08958FEF8EBD0DB407FEFDCF8EB508950F931F93CF9372
:205D8000DF938B010E940ABBEB01F0DF8F3F49F00E940ABB6C1B7D0B60177107B0F380E074
:205DA00001C081E0DF91CF911F910F910895CF92DF92EF92FF921F93CF93DF9300D01F9219
:205DC000CDB7DEB76C01162FFC019281892F806A86958CBD90FD03C081E0963009F480E00E
:205DE0008DBD60E0F601808129833A834B835C830E948DB96CE271E0C601BFDF812F80648B
:205E0000B0DF88E1E82EF12C5C814B813A812981DA01C9010E2C04C0B695A79597958795D7
:205E20000A94D2F729833A834B835C839ADFF8E0EF1AF10829813A814B815C8188EFE8160F
:205E40008FEFF80629F7112321F0183021F08FEF03C085E901C087E884DF1C3009F486DF18
:205E600010E084DFF601838387FF04C01F3F11F01F5FF7CF0F900F900F900F90DF91CF9199
:205E80001F91FF90EF90DF90CF9008950F931F93CF93DF93EC0189018C81833039F089E0E8
:205EA000440F551F661F771F8A95D1F79A01AB0168E1CE017CDF882311F086E02FC08EEFE1
:205EC0008EBD80E090E00DB407FEFDCFF801E80FF91F20812EBD0DB407FEFDCF21812EBD62
:205EE0000296811522E0920771F70DB407FEFDCF8FEF37DF8FEF35DF39DF8B838F718530DE
:205F000029F083E18983CE0127DF09C068E572E0CE0133DF182F811106C087E18983CE01F8
:205F20001BDF10E00FC020E030E0A9016DE0CE013EDF811103C01ADF882311F086E1EECF97
:205F4000CE010ADF812FDF91CF911F910F910895EF92FF920F931F93CF93DF93EC0179017B
:205F60008C81833039F089E0440F551F661F771F8A95D1F79A01AB0161E1CE0118DF88230C
:205F800029F084E08983CE01E7DE35C00E940ABB8B01ECDE8B838F3F49F40E940ABB601B37
:205FA000710B6D327140A8F381E103C08E3F39F08FE08983CE01D0DE8FEFD3DE1CC08FEFDE
:205FC0008EBDF701D701A150BE4F0DB407FEFDCF9EB591938EBDEA17FB07B9F70DB407FEDB
:205FE000FDCF8EB58C93C2DEC1DECE01B5DE8FEFB8DE81E001C080E0DF91CF911F910F911C
:20600000FF90EF900895CF93DF93EC0120E030E0A901688179818A819B810E94BAEC87FF82
:2060200004C0188219821A821B8220E030E0A9016C817D818E819F810E94BAEC87FF04C0C8
:206040001C821D821E821F8220E030E046E653E4688179818A819B810E94F7F2181644F454
:2060600080E090E0A6E6B3E488839983AA83BB8320E030E04CE553E46C817D818E819F8109
:206080000E94F7F2181644F480E090E0ACE5B3E48C839D83AE83BF8320E030E0A9016885CE
:2060A00079858A859B850E94BAEC87FF04C0188619861A861B8620E030E042E853E4688545
:2060C00079858A859B850E94F7F2181644F480E090E0A2E8B3E488879987AA87BB87DF919F
:2060E000CF9108954F925F926F927F928F929F92AF92BF92EF92FF920F931F93CF93DF93A1
:20610000EC01FC01E756FD4D64917C01EE0CFF1CEE0CFF1CF701E357FD4D45905590659047
:206120007490062E000C770B880B990B0E94C0EC4B015C0120E030E040EC5FE3C301B20176
:206140000E941FEDA50194010E941FEDAB01BC0100E010E09801CE010E947632F701EF577F
:20616000FD4D2591359145915491C501B4010E941FED4B015C0120E030E0A9010E94BAECCA
:20618000882309F44BC000E010E09801B501A4017058CE010E947632FE01E258FD4D64912F
:2061A00061111BC0EBE6F3E184913F019FEF691A790A882321F00E943935F301F5CFECE5AF
:2061C000F2E284913F019FEF691A790A882321F00E943935F301F5CF6AE0F701E45BFD4DB3
:2061E000459055906590749070E080E090E00E94C0EC9B01AC01C301B2010E94ADF12B0152
:206200003C01A5019401C501B4010E94D1F0AB01BC0193018201CE010E947632FE01ED5A49
:20622000FB4F81E08083CA5ADB4F8883F701E05CFD4D85919591A591B491E701C85FD34FF1
:2062400088839983AA83BB830E946C32F701E154FC4E88819981AA81BB8180839183A2832F
:20626000B383DF91CF911F910F91FF90EF90BF90AF909F908F907F906F905F904F90089565
:206280008091810E81111AC06091640270916502072E000C880B990B0E94C0EC9B01AC0124
:2062A00060917D0E70917E0E80917F0E9091800E0E94BAEC881F8827881F089580E00895A9
:2062C00027EC32E0FC013183208304960C940B35429AE6E5F4E01082179A1182159A128237
:2062E0000C941DD98C01EEE5F6E18491EF012196882321F00E943935FE01F7CFE0E2F2E2EE
:206300008491EF012196882321F00E943935FE01F7CF10D7DDDF0E94BC8D61E0C8010E94F6
:20632000C38A0E94385C60E080E00E94A9750E94BE7562E080E00E94A97581E192E203D397
:2063400063E080E00E94A97584E092E2FCD22FEF8BE49DE1215080409040E1F700C0000090
:20636000F8942FEF84E39CE0215080409040E1F700C00000DFD60E94F431A895FECF4F9290
:206380005F926F927F928F929F92AF92BF92CF92DF92EF92FF920F931F93CF93DF93082FD3
:2063A0000E94F78A0E940ABB6B017C0110916B02112309F465C08091AD139091AE130097BC
:2063C00009F45EC04091CF135091D0136091D1137091D21346015701841A950AA60AB70A23
:2063E000B7FC60C08330910509F134F401970CF447C0EBE6F3E106C0049709F041C0EBE6EF
:20640000F3E12AC08491EF012196882321F00E943935FE01F7CFEFEAF1E28491EF01219609
:20642000882371F10E943935FE01F7CFEBE6F3E18491EF012196882321F00E943935FE014E
:20644000F7CFE8E9F1E28491EF0121968823C1F00E943935FE01F7CF8491EF01219688237E
:2064600021F00E943935FE01F7CFE0E8F1E28491EF012196882321F00E943935FE01F7CF4E
:20648000212F30E0A8EEB3E00E94C1F0C60ED71EE81EF91EC092CF13D092D013E092D1136B
:2064A000F092D213C091B313CC2391F00E940ABBC090AF13D090B013E090B113F090B213D9
:2064C000DC01CB018C199D09AE09BF09B7FF9DC180911A088A3010F40E94A1360E940ABB64
:2064E0008090BB139090BC13A090BD13B090BE1381149104A104B10461F1C090B713D0906E
:20650000B813E090B913F090BA13C80CD91CEA1CFB1C9B01AC012C193D094E095F0957FD5A
:2065200018C0EEE5F6E18491EF012196882321F00E943935FE01F7CF6091B5137091B61309
:206540008AEC91E252D88AE00E94393581EC91E2C9DE2091B413211128C080906C029090F7
:206560006D02A0906E02B0906F0281149104A104B104D9F0C090B713D090B813E090B9138D
:20658000F090BA13C80CD91CEA1CFB1CDC01CB018C199D09AE09BF09B7FD07C0011105C003
:2065A0000E941135882309F44CC10E941135882391F0E09104093DE4E39FF0011124EE51A4
:2065C000F14F60818091040990910309891729F08F5F8F70F9CF6091DA1470E089E01BD757
:2065E0008091AE08882309F4FAC00091210210912202D0912302C09124026091D81470911E
:20660000D9146E5F7F4F072E000C880B990B0E94C0EC98014D2F5C2F0E94BAEC87FDDFC021
:20662000F0900409912CA12CB12CE12C8DE4882E80910309F81609F45CC08F2D90E0889E9C
:20664000F001899EF00D1124E556F14F4281538164817581452B462B472B81F4468157819C
:2066600060857185452B462B472B41F44285538564857585452B462B472BB1F1889E900189
:20668000899E300D1124A9014556514F6A01FA0166857785808991890E94C0EC2B013C0155
:2066A000F60162897389848995890E94BEEC9B01AC01C301B2010E94ADF1F60123A134A1F5
:2066C00045A156A10E941FED3B016C019B01AC01692D7A2D8B2D9E2D0E94BAEC87FF04C0EB
:2066E000962CA72CBC2CED2C81E08F0D8F70F82E9FCF2091190230911A0240911B025091FC
:206700001C02692D7A2D8B2D9E2D0E941FED9B01AC01B8018D2F9C2F0E94D1F06B017C0118
:2067200098014D2F5C2F0E94BAEC87FD14C000911D0210911E02D0911F02C091200298011A
:206740004D2F5C2FB601C7010E94F7F218161CF08601DE2DCF2DC090D313D090D413E09073
:20676000D513F090D613A7019601B8018D2F9C2F0E94BAEC87FF1CC020E037ED43EA5CE30F
:20678000B8018D2F9C2F0E941FED4B015C0128E431EE4AE75FE3C701B6010E941FED9B01FB
:2067A000AC01C501B4010E94D1F08B01D82FC92FC801AD2FBC2F8093D3139093D413A093FD
:2067C000D513B093D613B8018D2F9C2F0E9415F27093D9146093D81480E00E948FCE0E94EC
:2067E00024D187E099E0DF91CF911F910F91FF90EF90DF90CF90BF90AF909F908F907F90DD
:206800006F905F904F900C940B3004D76B017C012C2F30E0A8EEB3E00E94C1F0DC01CB017C
:206820008C0D9D1DAE1DBF1D8093AF139093B013A093B113B093B21346D28AE00E94393512
:2068400047CE429A10925604179A10925704159A109258040E941DD9A8CEEF92FF920F932E
:206860001F93CF93DF93CDB7DEB728970FB6F894DEBF0FBECDBF8E010F5F1F4FD80198E0B7
:20688000900FFB0124912D936F5F7F4F9A13F9CF8770F8E08F9FB0011124606487EC98E045
:2068A0008CD77E0189E0E80EF11CF80161918F0187EC98E07DD70E151F05B9F728960FB656
:2068C000F894DEBF0FBECDBFDF91CF911F910F91FF90EF900895EF92FF920F931F93CF93A3
:2068E000DF931F92CDB7DEB7182F7A0180E029830E94A9752981112311F0822F01C080E21B
:206900000E949E7512E1F7016491662311F0111112C0112331F060E287EC98E049D7115061
:20692000F8CF802F0F90DF91CF911F910F91FF90EF900C949E7587EC98E03AD71150FFEF16
:20694000EF1AFF0AE0CFCF93DF93EC01FE018491882321F00E949E752196F8CFDF91CF91E2
:206960000895CF93DF93EC018991882319F00E949E75FACFDF91CF9108950F931F93CF934A
:20698000DF938C01EB0161E081E00E94A975C801DADF209721F16AE387EC98E009D7C8017E
:2069A0000E94B08D0196FE019F012C1B3D0B41914111FACF820F931F429714F461E001C020
:2069C00062E082E1821B0E94A97560E287EC98E0EFD6CE01DF91CF911F910F91C2CFDF91D3
:2069E000CF911F910F910895CF939091F013891709F441C0C82F8093F013823069F4C4E066
:206A0000C15008F438C088E0C89FB0011124605A7B4D8C2F22DFF4CF68E574E280E01DDFBC
:206A200060E574E281E019DF68E474E282E015DF60E474E286E011DF68E374E287E00DDF86
:206A4000C13061F460E374E285E007DF68E274E284E003DF60E274E283E00BC068E174E2C1
:206A600083E0FBDE60E174E284E0F7DE68E074E285E0CF91F2CECF910895CF92DF92EF9297
:206A8000FF920F931F93CF93DF93EC016A017B0180917702909178028C179D0709F454C0EC
:206AA0002EE5C633D20799F48B5B974551F5B2D5DC01CB018E519B4FAF4FBF4F8093F11340
:206AC0009093F213A093F313B093F4131AC027E5CB3BD207B1F486539E4599F49BD5009157
:206AE000F1131091F2132091F3133091F413DC01CB01801B910BA20BB30BB7FF02C0CCE6F8
:206B0000D6E4D0937802C0937702C092C314D092C414E092C514F092C61487E5CB3BD807B7
:206B200021F410926D0E10925E0887EC98E047D681E0CB5BD74509F080E056DF82E080936D
:206B4000760281E080939208DF91CF911F910F91FF90EF90DF90CF900895CF93C82F44E099
:206B600064E187EC98E00E94D0758C2F3DDF87EC98E0CF9124C62F923F924F925F926F928D
:206B80007F928F929F92AF92BF92CF92DF92EF92FF920F931F93CF93DF93EC0140EA52E2A9
:206BA00081E090E0FA0125913491C217D3070CF05DC09C0121503109220F331F220F331F74
:206BC000D901A256BD4DFD016591749124563D4DF901A590B490FC01EE0FFF1FEE0FFF1F36
:206BE000E256FD4DE590F490FD01C590D490FA0105911491F90125903490072E000C880BE6
:206C0000990B0E94C0EC2B013C01CA19DB09BE01DD0F880B990B0E94C0EC4B015C01B701C1
:206C20006C197D09072E000C880B990B0E94C0EC9B01AC01C501B4010E941FED6B017C0128
:206C4000B80162197309072E000C880B990B0E94C0EC9B01AC01C701B6010E94ADF19B011A
:206C6000AC01C301B2010E94D1F011C001964C5F5F4F8034910509F095CFEAE9F3E2659187
:206C80007491072E000C880B990B0E94C0ECDF91CF911F910F91FF90EF90DF90CF90BF90DE
:206CA000AF909F908F907F906F905F904F903F902F90089560917D0E70917E0E80917F0E99
:206CC0009091800E08958F929F92AF92BF92CF92DF92EF92FF92CF93DF936091D8147091EE
:206CE000D914072E000C880B990B0E94C0EC6B017C0180907D0E90907E0EA0907F0EB090B4
:206D0000800E80E20E94393584E50E9439358AE30E94393542E0C501B4010E94823AB701CA
:206D2000A6018CEF93E20E945F966091D6147091D714072E000C880B990B0E94C0EC6B012C
:206D40007C018090600890906108A0906208B090630880E20E94393582E40E9439358AE31B
:206D60000E94393542E0C501B4010E94823AB701A6018CEF93E20E945F96E4E0F4E2849173
:206D8000EF012196882321F00E943935FE01F7CFE091DF13F0E0E352FC4E608170E080E078
:206DA00090E00E94293AEFEFF3E28491EF012196882321F00E943935FE01F7CF6091DE137C
:206DC00070E080E090E0DF91CF91FF90EF90DF90CF90BF90AF909F908F900C94293A1F9257
:206DE0000F920FB60F9211240BB60F92EF92FF920F931F932F933F934F935F936F937F9313
:206E00008F939F93AF93BF93CF93DF93EF93FF938091DC13811175C181E08093DC13809166
:206E20006E008B7F80936E007894809173028F3790F08F579091DD139093EF13992311F0A8
:206E40002C9A01C02C989091DE139093EE13992359F0A59A0AC09091EF13891708F02C9824
:206E60009091EE13891708F0A5988F5F809373029091ED1381E089278093ED1381110E942C
:206E80002A8A809171029091720282309105A1F1A4F4009761F1019709F048C080917800A8
:206EA000909179002091E2133091E313820F931F9093E3138093E21339C08330910541F103
:206EC0000497A1F58091EC13811103C086E08093EC138091EC1381508093EC13882331F1E4
:206EE00083E090E090937202809371021FC088E080937B0083E404C088E080937B0082E446
:206F000080937C0080917A00806480937A000EC080917800909179002091E0133091E1139C
:206F2000820F931F9093E1138093E013C0917102D0917202209709F06AC0809170028F5F0D
:206F400080311CF48093700262C0109270028091DB13811113C08091E2139091E313909311
:206F6000DA138093D9138091E0139091E1139093D8138093D71381E08093DB138AE0E2EE65
:206F8000F3E1DF011D928A95E9F71092E1131092E0130091D9131091DA1311950195110903
:206FA000FF24F3948091DD13811101C0F12C8091260490912704919581959109801791072A
:206FC0000CF473C080910A0290910B02919581959109081719070CF473C011E08091DE13F8
:206FE000811101C010E0E090D713F090D81380912404909125048E159F050CF06CC0809186
:20700000080290910902E816F9060CF06FC02196C530D1052CF4D0937202C093710204C00F
:20702000109272021092710220E030E06BE070E0C901880F991FDC01AA59B74F4D915C91B0
:207040004115510521F1F894223099F4E0B1E27015981416150614F4119A01C01198139A68
:20706000DB011197F1F71398EE2311F0119A01C011987894FC01EA59F74F80819181141603
:20708000150614F4019701C00196918380832F5F3F4F2330310561F6F8941092DC1380919C
:2070A0006E00846080936E002CC0FF2009F48ACF4DED53E26AEE73E280E00E949CCF82CFC2
:2070C000FF2009F48ACF4DEA53E26AEB73E280E00E949CCF82CF112309F491CF4CEC53E269
:2070E0006AEE73E28FEF0E949CCF89CF112309F48ECF4CE953E26AEB73E28FEF0E949CCFD3
:2071000086CFFF91EF91DF91CF91BF91AF919F918F917F916F915F914F913F912F911F913A
:207120000F91FF90EF900F900BBE0F900FBE0F901F9018951092AE081092D9141092D8145D
:2071400080E00E948FCE1092D7141092D6140E9444CE0E9485751092D9141092D81480E0EA
:207160000E948FCE1092DD132C981092D7141092D6141092DE13A5980895CF92DF92EF92E1
:20718000FF920F931F93CF93DF936C017A018B01C0E0D0E0CE15DF0589F0D8016D918D01CD
:2071A000D601ED91FC910190F081E02DC6011995892B11F47E0102C02196ECCFC701DF91C5
:2071C000CF911F910F91FF90EF90DF90CF90089590E0FC013197E231F10508F04EC0882793
:2071E000E458FF4F8F4F0C94D8F3809180008F7703C0809180008F7D809380000895809184
:207200008000877FF9CF84B58F7702C084B58F7D84BD08958091B0008F7703C08091B000B1
:207220008F7D8093B0000895809190008F7707C0809190008F7D03C080919000877F80934A
:20724000900008958091A0008F7707C08091A0008F7D03C08091A000877F8093A0000895FC
:20726000809120018F7707C0809120018F7D03C080912001877F8093200108953FB7F89483
:207280008091FA139091FB13A091FC13B091FD1326B5A89B05C02F3F19F00196A11DB11D93
:2072A0003FBFBA2FA92F982F8827820F911DA11DB11DBC01CD0142E0660F771F881F991FB7
:2072C0004A95D1F708950E94E6F3CF93DF93282F30E0F901E65AFA4D8491F901EC5EFA4D93
:2072E000D491F901E253FB4DC491CC2389F081116FDFEC2FF0E0EE0FFF1FEC54FB4DA59151
:20730000B491EC91ED2381E090E021F480E002C080E090E0DF91CF9108951F93CF93DF93D0
:20732000282F30E0F901E65AFA4D8491F901EC5EFA4DD491F901E253FB4DC491CC23C1F0F4
:20734000162F811145DFEC2FF0E0EE0FFF1FE656FB4DA591B4918FB7F894111105C09C9147
:20736000ED2FE095E92302C0EC91ED2BEC938FBFDF91CF911F910895CF93DF93EC0160E02E
:207380008E81CBDF61E08E81C8DF60E08E81C5DF8BE891E00197F1F7DF91CF910895CF9317
:2073A000DF9390E0FC01EC5EFA4D2491FC01E253FB4D8491882361F190E0880F991FFC0160
:2073C000E058FB4DC591D491FC01E656FB4DA591B491611109C09FB7F894888120958223F6
:2073E0008883EC912E230BC0623061F49FB7F8943881822F809583238883EC912E2B2C935B
:207400009FBF06C08FB7F894E8812E2B28838FBFDF91CF9108951F93CF93DF93182FEB0195
:2074200061E0BDDF209711F460E004C0CF3FD10531F461E0812FDF91CF911F916ECFE12FE8
:20744000F0E0E65AFA4DE4914E2F50E0FA013197E231F10508F09DC08827E257FF4F8F4F7E
:207460000C94D8F384B5806884BDC7BD97C084B5806284BDC8BD92C08091800080688093A5
:207480008000D0938900C093880088C080918000806280938000D0938B00C0938A007EC04E
:2074A00080918000886080938000D0938D00C0938C0074C08091B00080688093B000C093FE
:2074C000B3006CC08091B00080628093B000C093B40064C080919000806880939000D093AD
:2074E0009900C09398005AC080919000806280939000D0939B00C0939A0050C0809190002C
:20750000886080939000D0939D00C0939C0046C08091A00080688093A0008091A0008F7BE4
:207520008093A000D093A900C093A80037C08091A00080628093A000D093AB00C093AA0049
:207540002DC08091A00088608093A000D093AD00C093AC0023C080912001806880932001B2
:20756000D0932901C093280119C080912001806280932001D0932B01C0932A010FC08091F4
:207580002001886080932001D0932D01C0932C0105C0C038D1050CF04CCF46CFDF91CF910E
:2075A0001F9108958F929F92AF92BF92CF92DF92EF92FF926B017C0161DE4B015C01C11410
:2075C000D104E104F104E9F059DEDC01CB0188199909AA09BB09883E9340A105B10578F329
:2075E00021E0C21AD108E108F10888EE880E83E0981EA11CB11CC114D104E104F10421F7A8
:20760000DECFFF90EF90DF90CF90BF90AF909F908F9008952FB7F8946091F6137091F713F1
:207620008091F8139091F9132FBF08951F920F920FB60F9211242F933F938F939F93AF935F
:20764000BF938091F6139091F713A091F813B091F9133091F51323E0230F2D3720F40196FD
:20766000A11DB11D05C026E8230F0296A11DB11D2093F5138093F6139093F713A093F81313
:20768000B093F9138091FA139091FB13A091FC13B091FD130196A11DB11D8093FA13909357
:2076A000FB13A093FC13B093FD13BF91AF919F918F913F912F910F900FBE0F901F90189550
:2076C000CF92DF92EF92FF920F931F93CF93DF937C016C0187E0C80ED11CC0E0D0E0062F05
:2076E00010E0B8010C2E02C0759567950A94E2F76170F60181916F0110DE2196C430D105AF
:2077000081F7C701DF91CF911F910F91FF90EF90DF90CF9031CECF92DF92EF92FF920F93A8
:207720001F93CF93DF93EC01F62E642F8C81F5DD8D818F3F11F060E0F0DD8F850F2D10E016
:2077400084FF23C06E0187E0C80ED11CE12CF12CB8010E2C02C0759567950A94E2F76170FD
:20776000F60181916F01D9DDFFEFEF1AFF0A88E0E816F10469F7CE01DF91CF911F910F9130
:20778000FF90EF90DF90CF90F7CDB80184E0759567958A95E1F7CE0193DF6F2DCE01DF9113
:2077A000CF911F910F91FF90EF90DF90CF9088CF41E0B1DF81E090E0089540E0ACCF61E0EB
:2077C000FCDF8BE39FE10197F1F708958F929F92AF92BF92CF92DF92EF92FF92CF93FC019C
:2077E000C080D180E280F38020E030E0A901C701B6010E94BAEC87FF08C0C701B6019058ED
:2078000020E030E048EC52E406C020E030E048EC52E4C701B6010E941FED0E9415F26B016C
:207820007C01603AF6E87F07F1E08F07910584F020EA36E841E050E00E94BCF3CA01B9010D
:207840002AE030E040E050E00E94BCF3605D01C060E26093DC1480E1C81687E2D806E1045F
:20786000F10494F0C701B60120E137E240E050E00E94BCF3CA01B9012AE030E040E050E066
:207880000E94BCF3605D01C060E26093DD14E8EECE16E3E0DE06E104F10494F0C701B601B5
:2078A00028EE33E040E050E00E94BCF3CA01B9012AE030E040E050E00E94BCF3605D01C040
:2078C00060E26093DE14C701B60124E630E040E050E00E94BCF38AE0882E912CA12CB12CC0
:2078E000CA01B901A50194010E94BCF3605D6093DF148EE28093E014C701B601A5019401A3
:207900000E94BCF3C62FCA01B901A50194010E94BCF3605D6093E114C05DC093E2148CED8C
:2079200094E1CF91FF90EF90DF90CF90BF90AF909F908F9008958F929F92AF92BF92CF92D8
:20794000DF92EF92FF92CF9320E030E048EC52E4FC0160817181828193810E941FED0E9491
:2079600015F26B017C0197FF0AC0F094E094D094C094C11CD11CE11CF11C8DE201C08BE296
:207980008093DC14C701B60120E137E240E050E00E94BCF38AE0882E912CA12CB12CCA0158
:2079A000B901A50194010E94BCF3605D6093DD14C701B60128EE33E040E050E00E94BCF397
:2079C000CA01B901A50194010E94BCF3605D6093DE14C701B60124E630E040E050E00E9469
:2079E000BCF3CA01B901A50194010E94BCF3605D6093DF148EE28093E014C701B601A50188
:207A000094010E94BCF3C62FCA01B901A50194010E94BCF3605D6093E114C05DC093E2146F
:207A20008CED94E1CF91FF90EF90DF90CF90BF90AF909F908F9008958F929F92AF92BF92BF
:207A4000CF92DF92EF92FF92FC01C080D180E280F38020E030E0A901C701B6010E94BAEC5E
:207A600087FF04C0C701B601905802C0C701B6010E9415F26B017C016031F7E27F0781050C
:207A8000910584F020E137E240E050E00E94BCF3CA01B9012AE030E040E050E00E94BCF3E1
:207AA000605D01C060E26093DE1488EEC81683E0D806E104F10494F0C701B60128EE33E086
:207AC00040E050E00E94BCF3CA01B9012AE030E040E050E00E94BCF3605D01C060E2609312
:207AE000DF14E4E6CE16D104E104F10494F0C701B60124E630E040E050E00E94BCF3CA01AD
:207B0000B9012AE030E040E050E00E94BCF3605D01C060E26093E014FAE0CF16D104E104D0
:207B2000F1049CF08AE0882E912CA12CB12CC701B601A50194010E94BCF3CA01B901A50107
:207B400094010E94BCF3605D01C060E26093E114C701B6012AE030E040E050E00E94BCF35D
:207B6000605D6093E2148EED94E1FF90EF90DF90CF90BF90AF909F908F90089520E030E00A
:207B800040E251E4FC0160817181828193810E941FED0E9415F29B0177FF06C022273327D5
:207BA000261B370B8DE201C08BE28093DD14C90168EE73E00E94A9F3CB01EAE0F0E0BF01CA
:207BC0000E94A9F3805D8093DE14C90164E670E00E94A9F3CB01BF010E94A9F3805D809329
:207BE000DF14C901BF010E94A9F3282FCB01BF010E94A9F3805D8093E0148EE28093E1144D
:207C0000205D2093E2148DED94E108958F929F92AF92BF92CF92DF92EF92FF92CF9320E088
:207C200030E048EC52E4FC0160817181828193810E941FED0E9415F26B017C0197FD10C03F
:207C400020E137E240E050E00E94BCF3CA01B9012AE030E040E050E00E94BCF3605D09C0A3
:207C6000F094E094D094C094C11CD11CE11CF11C6DE26093DD14C701B60128EE33E040E085
:207C800050E00E94BCF38AE0882E912CA12CB12CCA01B901A50194010E94BCF3605D60931B
:207CA000DE14C701B60124E630E040E050E00E94BCF3CA01B901A50194010E94BCF3605DCA
:207CC0006093DF148EE28093E014C701B601A50194010E94BCF3C62FCA01B901A501940187
:207CE0000E94BCF3605D6093E114C05DC093E2148DED94E1CF91FF90EF90DF90CF90BF90AE
:207D0000AF909F908F900895AC01952F991F9927991F29F022273327241B350B01C09A0101
:207D2000483E5340ACF0C90168EE73E00E94A9F3CB01EAE0F0E0BF010E94A9F3805D809389
:207D4000DF14C90164E670E00E94A9F3CB0112C024363105B4F0911102C080E201C08DE2C6
:207D60008093DF14C90164E670E00E94A9F3CB01EAE0F0E0BF010E94A9F3805D8093E01413
:207D80000EC080E28093DF148093E0142A30310584F091118DE28093E014EAE0F0E0C90126
:207DA000BF010E94A9F3CB01BF010E94A9F3805D05C0911102C080E201C08DE28093E1145B
:207DC000C9016AE070E00E94A9F3805D8093E2148FED94E108959C01EAE0F0E0BF010E94F4
:207DE000A9F390E3980F9093E2142A303105CCF0CB01BF010E94A9F3805D8093E11424365F
:207E0000310594F0C90164E670E00E94A9F3CB01BF010E94A9F3805D8093E01480EE94E175
:207E2000089582EE94E1089581EE94E108959C0197FD0EC08436910584F064E670E00E94A3
:207E4000A9F3CB016AE070E00E94A9F3805D06C03195219531098DE201C080E28093E014F0
:207E60002A30310564F0EAE0F0E0C901BF010E94A9F3CB01BF010E94A9F3805D01C080E2F2
:207E80008093E114C9016AE070E00E94A9F3805D8093E21480EE94E108952F924F926F922F
:207EA0007F928F929F92AF92BF92CF92DF92EF92FF920F931F93CF93DF931092720E80918E
:207EC000C3149091C414A091C514B091C61481309048A105B10540F01092C3141092C414A5
:207EE0001092C5141092C614D091C314809142141816DCF4282F082E000C330B215031096C
:207F00004D2F0D2E000C550B4217530774F0DFEFD80F8D2F90E0A0E0B0E08093C314909329
:207F2000C414A093C514B093C6141092920880919308D81714F4D093930880919308082E81
:207F4000000C990B03962D2F0D2E000C330B8217930724F48DEF8D0F80939308C0919308FA
:207F6000412C63E0262E79EE672E75E2772EEEEFCE2EE5E2DE2EFCE0AF2EF6E2BF2EA3E157
:207F80008A2EA6E29A2EC1111EC08091730E811106C080917602882309F4ABC109C0D111F7
:207FA000F8CF0E94A75D80919208882391F3A9C181E0D11180E003E023E041E256E2642D9B
:207FC0000E946BB496C1C13009F03FC08091730E811106C080917602882309F48AC116C064
:207FE000D130C1F7E12C10ECF12E09E714E420E030E040E85FE366E074E18AE196E20E941E
:208000006AE480919208882329F37BC12F9287EE8F931F9281E08F9386E094E19F938F93A9
:20802000BF92AF929F928F924F9281E0D13009F080E08F930E9488E58DB79EB70C960FB68F
:20804000F8949EBF0FBE8DBF54C1C23009F041C08091730E811106C080917602882309F402
:2080600048C116C0D230C1F7E12C10ECF12E09E714E420E030E040E85FE36AE074E185E0D9
:2080800096E20E946AE480919208882329F339C12F9287EE8F931F9281E08F938AE094E1A1
:2080A0009F938F93A7EFB5E2BF93AF93DF92CF924F9281E0D23009F080E08F930E9488E50B
:2080C0008DB79EB70C960FB6F8949EBF0FBE8DBF10C1C33009F041C08091730E811106C0F6
:2080E00080917602882309F404C116C0D330C1F7E12C10ECF12E09E714E420E030E040E8B1
:208100005FE36EE074E180EF95E20E946AE480919208882329F3F5C02F9287EE8F931F9274
:2081200081E08F938EE094E19F938F93A2EEB5E2BF93AF937F926F924F9281E0D33009F07A
:2081400080E08F930E9488E58DB79EB70C960FB6F8949EBF0FBE8DBFCCC0C43009F043C010
:208160008091730E811106C080917602882309F4C0C016C0D430C1F7E12C10ECF12E09E7BA
:2081800014E420E030E040E85FE362E174E18BED95E20E946AE480919208882329F3B1C013
:2081A0002F9287EE8F931F9281E08F9382E194E19F938F93ADECB5E2BF93AF93A4EDB5E21B
:2081C000BF93AF934F9281E0D43009F080E08F930E9488E58DB79EB70C960FB6F8949EBF52
:2081E0000FBE8DBF86C0C53009F041C08091730E811106C080917602882309F47AC015C007
:20820000D530C1F7E12C10ECF12E09E714E420E030E0A90162E074E188EC95E20E946AE465
:2082200080919208882331F36CC02F9287EE8F931F921F9282E094E19F938F93AEEBB5E283
:20824000BF93AF93A3ECB5E2BF93AF934F9281E0D53009F080E08F930E9488E58DB79EB766
:208260000C960FB6F8949EBF0FBE8DBF42C0C63009F03FC08091730E811105C08091760233
:208280008823B9F115C0D630C9F7E12C10ECF12E09E714E420E030E0A9016EEF73E184EB04
:2082A00095E20E946AE480919208882339F329C02F9287EE8F931F921F928EEF93E19F930F
:2082C0008F93A0EAB5E2BF93AF93AAEAB5E2BF93AF934F9281E0D63009F080E08F930E94A3
:2082E00088E58DB79EB70C960FB6F8949EBF0FBE8DBF4394CF5F94E0491245CE87E08093AE
:208300004214DF91CF911F910F91FF90EF90DF90CF90BF90AF909F908F907F906F904F9042
:208320002F9008952F923F924F925F926F927F928F929F92AF92BF92CF92DF92EF92FF92A3
:208340000F931F93CF93DF931092720E8091C3149091C414A091C514B091C6148130904844
:20836000A105B10540F01092C3141092C4141092C5141092C614C091C314809144141816C8
:20838000DCF4282F082E000C330B215031094C2F0C2E000C550B4217530774F0CFEFC80FBE
:2083A0008C2F90E0A0E0B0E08093C3149093C414A093C514B093C61410929208809193088C
:2083C000C81714F4C093930880919308082E000C990B03962C2F0C2E000C330B821793078B
:2083E00024F48DEF8C0F8093930850909308D0E043E0442E5EED352E2224239461ECC62EF4
:2084000066E2D62E79ECA72E76E2B72EE9ED8E2EE6E29E2EF1EE6F2EF6E27F2E51101EC033
:208420008091730E811106C080917602882309F40EC109C0C111F8CF0E94A75D809192089F
:20844000882391F30CC181E0C11180E003E023E041EF56E26D2F0E946BB4F9C081E058125E
:208460003DC08091730E811106C080917602882309F4EDC016C0C130C1F7E12C10E8F12E94
:2084800007E714E420E030E040E85FE362E374E189EE96E20E946AE480919208882329F391
:2084A000DEC04F923F921F922F9282E394E19F938F939F928F927F926F92DF9381E0C130A4
:2084C00009F080E08F930E9488E5ADB7BEB71C960FB6F894BEBF0FBEADBFB9C0B2E05B1208
:2084E0003DC08091730E811106C080917602882309F4ADC016C0C230C1F7E12C10E8F12E53
:2085000007E714E420E030E040E85FE366E374E181ED96E20E946AE480919208882329F315
:208520009EC04F923F921F922F9286E394E19F938F93DF92CF92BF92AF92DF9381E0C2305E
:2085400009F080E08F930E9488E58DB79EB70C960FB6F8949EBF0FBE8DBF79C093E0591278
:2085600034C08091730E811106C080917602882309F46DC01CC0C330C1F7E12C10E8F12E14
:2085800007E714E42DEC3CEC4CEC5DE36AE374E189EB96E20E94E7E3A9EEB6E8B093780250
:2085A000A0937702809192088823F9F258C08AE394E1C1D99C0181E0C33009F080E041EBC4
:2085C00056E26D2F0E9407E842C0B4E05B123FC08091730E811105C0809176028823B9F16D
:2085E00016C0C430C9F7E12C10E8F12E07E714E420E030E040E85FE36EE374E189EA96E2DC
:208600000E946AE480919208882331F328C04F923F921F922F928EE394E19F938F93A9E918
:20862000B6E2BF93AF93A1EAB6E2BF93AF93DF9381E0C43009F080E08F930E9488E58DB7C2
:208640009EB70C960FB6F8949EBF0FBE8DBFDF5F5394D43009F0E2CE85E080934414DF914A
:20866000CF911F910F91FF90EF90DF90CF90BF90AF909F908F907F906F905F904F903F90E7
:208680002F9008950C941DABEF92FF920F931F93CF93DF9300D01F92CDB7DEB71092720E20
:2086A0008091C3149091C414A091C514B091C61481309048A105B10540F01092C314109284
:2086C000C4141092C5141092C6141091C314809143141816DCF4282F082E000C330B2150A5
:2086E0003109412F012E000C550B4217530774F01FEF180F812F90E0A0E0B0E08093C314CF
:208700009093C414A093C514B093C6141092920880919308181714F410939308809193082C
:20872000082E000C990B0396212F012E000C330B8217930724F48DEF810F80939308E0907C
:208740009308F12CE1101EC08091730E811106C080917602882309F46DC109C01111F8CF97
:208760000E94A75D80919208882391F36BC181E0111180E003E023E042E956E26F2D0E94E3
:208780006BB458C181E0E81226C08091730E811106C080917602882309F44CC111C0113026
:2087A000C1F720E030E040E251E46EE274E18CE896E20E943CE780919208882351F342C1A7
:2087C0008EE294E139D99C0181E0113009F080E046E856E22CC122E0E21226C08091730E49
:2087E000811106C080917602882309F423C111C01230C1F720E030E048EC52E46AE274E126
:208800008CE796E20E943CE780919208882351F319C18AE294E110D99C0181E0123009F031
:2088200080E042E756E203C183E0E81226C08091730E811106C080917602882309F4FAC09B
:2088400011C01330C1F720E030E048EC52E466E274E189E696E20E943CE780919208882333
:2088600051F3F0C086E294E1E7D89C0181E0133009F080E040E656E2DAC024E0E21234C0EA
:208880008091730E811106C080917602882309F4D1C011C01430C1F724E630E040E050E0F5
:2088A00066E174E189E596E20E945EE680919208882351F3C7C060911614709117148091D7
:2088C0001814909119140E94BEEC69837A838B839C83CE010196B0D89C0181E0143009F093
:2088E00080E042E556E2A3C085E0E81234C08091730E811106C080917602882309F49AC08E
:2089000011C01530C1F724E630E040E050E06AE174E18BE496E20E945EE68091920888235C
:2089200051F390C060911A1470911B1480911C1490911D140E94BEEC69837A838B839C835F
:20894000CE01019679D89C0181E0153009F080E044E456E26CC026E0E21234C08091730EB8
:20896000811106C080917602882309F463C011C01630C1F72AE030E040E050E06EE174E16E
:208980008DE396E20E945EE680919208882351F359C060911E1470911F1480912014909199
:2089A00021140E94BEEC69837A838B839C83CE01019642D89C0181E0163009F080E046E3DA
:2089C00056E235C087E0E81235C08091730E811105C080917602882369F111C01730C9F7C5
:2089E00024E630E040E050E062E274E18FE296E20E945EE680919208882359F323C060912F
:208A000022147091231480912414909125140E94BEEC69837A838B839C83CE0101960CD899
:208A20009C0181E0173009F080E048E256E26F2D0E9407E8F394E39424E0F21283CE88E04A
:208A4000809343140F900F900F900F90DF91CF911F910F91FF90EF9008950C944AAC81E06E
:208A60000C94A56F80E00C94A56F61E086E00E94CFB980912B04882321F060912A0470E0F2
:208A800002C060E070E086E00C940BBA88E893E1909358148093571480916F008D7F809329
:208AA0006F000E941135882359F00E9411358823C1F3809104098F5F8F7080930409F1CF39
:208AC000109256141092551480916F00826080936F008FB7F8941092690E10926A0E1092F4
:208AE0006B0E10926C0E8FBF0E94B0D280E090E00E9492D260934514709346148093471482
:208B00009093481481E090E00E9492D26093491470934A1480934B1490934C1482E090E087
:208B20000E9492D260934D1470934E1480934F14909350148CE0E5E4F4E1A8E0BCE00190BA
:208B40000D928A95E1F70C946C322F923F924F925F926F927F928F929F92AF92BF92CF9286
:208B6000DF92EF92FF920F931F93CF93DF93CDB7DEB7C254D1090FB6F894DEBF0FBECDBFFA
:208B800085E40E940734882321F00E94F9324B0102C0812C912C83E40E940734882321F08E
:208BA0000E94F93268A302C045E048A385E50E940734882319F00E941A3303C085E50E9452
:208BC0005C338CA797FC07C0C12CD12C26E1E22E23E4F22E06C0C12CD12C9CE8E92E92E490
:208BE000F92E83E50E940734882321F00E9429336B017C018114910411F41092DF13182D5E
:208C00000E940ABB2B013C0187FC03C084E1B82E02C00CE3B02E81E0880D823028F4B9E502
:208C20008B2EB3E09B2E26C00CE613E0D8018D918D01882319F00E943935F8CF8AE0CE5BB1
:208C4000DF4F0FB6F894DEBF0FBECDBFDF91CF911F910F91FF90EF90DF90CF90BF90AF9015
:208C60009F908F907F906F905F904F903F902F900C943935F40181914F01882319F00E9481
:208C80003935F8CF8AE00E9439350E949AB817FF04C08FE78093DE1308C0E12F012E000CCA
:208CA000FF0BE352FC4E8FE78083C701B6010E9415F2072E000C880B990B0E94C0EC062F8F
:208CC00079878A879B872B2D30E0A8EEB3E00E94C1F06DA77EA78FA798AB9B01AC01240D51
:208CE000351D461D571D29AF3AAF4BAF5CAF81E0809316024CA25DA26EA27FA249AA5AAAE4
:208D00006BAA7CAA1BA21DAA1EAA1FAA18AE1E8A30E43F8B4CE1488F56E4598F1A8E1B8E40
:208D20001C8E1D8E1A8A1B8A1C8A1D8A1E861F86188A198AC12CD12C7601FFE78F2E912CF9
:208D4000A12CB12C8FE790E0A0E0B0E08D839E83AF83B88718A619A61AA61BA691E09AA325
:208D60001D861C86212C312C22961FAE229723961FAE2397812F012E000C990BDC01A35225
:208D8000BC4EBEAFADAF880F991F880F991FFC01E358F14FFF8FEE8F28A1022E000C330B9C
:208DA00039A328A380911602882309F4EBC00E940ABB69837A838B839C838091DB13882369
:208DC00009F4C1C00E9479CF17FF0FC020906008309061083091620822963FAF22974091AA
:208DE000630823964FAF239711C0AE8DBF8D2C9011963C9011971296BC912296BFAF229794
:208E0000EE8DFF8DF3812396FFAF2397910122964FAD229723965FAD23976A8D7B8D8C8D20
:208E20009D8D0E94BAEC87FF0AC02A8E3B8E22962FAD22972C8F23963FAD23973D8F91012A
:208E400022964FAD229723965FAD23976E897F89888D998D0E94F7F2181654F42E8A3F8A6A
:208E600022964FAD2297488F23965FAD2397598F8AA1202F39854A855B85B101882309F406
:208E800044C022968FAD229723969FAD23970E94F7F218160CF057C049815A816B817C8108
:208EA0004419550966097709DB01CA0188589341A109B109B7FD47C08D819E81AF81B885F4
:208EC00088199909AA09BB09B595A7959795879517FF03C08093DE1303C0EDADFEAD808322
:208EE00048A759A76AA77BA70A8FF985FB8F2A852C8F3B853D8F89819A81AB81BC818CA3FC
:208F00009DA3AEA3BFA31AA21EC022968FAD229723969FAD23970E94BAEC87FF14C08981AC
:208F20009A81AB81BC812CA13DA14EA15FA1821B930BA40BB50BAC01BD0148585341610960
:208F4000710977FFB2C120E030E040EA51E4602F79858A859B850E94D1F09B01AC01B10125
:208F600022968FAD229723969FAD23970E94F7F218163CF5E7E2F8E284918F010F5F1F4F77
:208F800081111BC0CE5BDF4F0FB6F894DEBF0FBECDBFDF91CF911F910F91FF90EF90DF9029
:208FA000CF90BF90AF909F908F907F906F905F904F903F902F900C949AB80E943935F80111
:208FC000DBCF89819A81AB81BC8129A93AA94BA95CA9821B930BA40BB50BB7FD8FC00E945C
:208FE00063B68AE00E94393589819A81AB81BC818053984FAF4FBF4F89AB9AABABABBCAB54
:209000009BA191115EC02DA93EA94FA958ADB10122968FAD229723969FAD23970E94F7F2F1
:209020001816E4F520E030E040EC50E4602F79858A859B850E94D0F09B01AC01A1E0ABA383
:20904000B10122968FAD229723969FAD23970E94F7F218160CF01BA220E030E040E050E41C
:20906000B10122968FAD229723969FAD23970E94D1F06DAB7EAB8FAB98AF29813A814B817C
:209080005C818DA59EA5AFA5B8A9280F391F4A1F5B1F29AF3AAF4BAF5CAF30C089819A817C
:2090A000AB81BC8129AD3AAD4BAD5CAD821B930BA40BB50BB7FD22C049E058E268E178E243
:2090C0001BC020E030E040EA51E4602F79858A859B850E94D0F09B01AC01B10122968FAD39
:2090E000229723969FAD23970E94BAEC87FF06C049EE57E269EF77E2812F1ED789819A8179
:20910000AB81BC81880F991FAA1FBB1F2CA13DA14EA15FA1821B930BA40BB50B8419950975
:20912000A609B70981389F44A241B10568F0EBECF7E284918F010F5F1F4F882309F422CF69
:209140000E943935F801F5CF4C855D8588A199A1841795070CF0A6C0EEE6F7E284915F0171
:209160009FEFA91AB90A882321F00E943935F501F5CF17FD05C09EE3A92E93E0B92E04C006
:2091800085E5A82E83E0B82EB5018CE597E20E94F5AAB701A60188E597E20E945F968AE01F
:2091A0000E943935B50186E497E20E94F5AA4E855F856889798982E497E20E945F968AE03B
:2091C0000E943935B50180E397E20E94F5AA4A895B896C897D898CE297E20E945F968AE012
:2091E0000E943935ACA5AA2309F4BDC117FF2DC0C0926114D0926214E0926314F092641441
:209200002CEA35EC47E25EE36E857F85888999890E941FED60935D1470935E1480935F1476
:20922000909360142CEA35EC47E25EE36A897B898C899D890E94ADF16093591470935A14B3
:2092400080935B1490935C148EC1C092A208D092A308E092A408F092A5082CEA35EC47E2F4
:209260005EE36E857F85888999890E941FED6093AA087093AB088093AC089093AD082CEAC5
:2092800035EC47E25EE36A897B898C899D890E94ADF16093A6087093A7088093A808909398
:2092A000A90861C10E94F78A7DCD4C855D85452B09F431C148A459A46AA47BA4480E591E79
:2092C0006A1E7B1E28A539A54AA55BA5281B390B4A0B5B0BCA01B901A50194010E9486F0B9
:2092E000A30192010E94BCF38D809E80AF80B884820E931EA41EB51E34E183169104A10492
:20930000B1040CF14CEE84169104A104B1043CF450E885169104A104B10434F422C05BEE93
:20932000852E912CA12CB12C8D829E82AF82B8868EEF90E0A0E0B0E088199909AA09BB09BE
:209340004C015D0112C024E130E040E050E02D833E834F83588744E1842E912CA12CB12CCB
:2093600004C08D829E82AF82B886E3E9F8E284919F012F5F3F4F882361F02FAF21963FAF95
:2093800021970E9439352FAD21963FAD2197F901EECF6D817E818F8198850E94293AEEE822
:2093A000F8E284919F012F5F3F4F882361F02FAF21963FAF21970E9439352FAD21963FAD3C
:2093C0002197F901EECFC501B4010E94293A4E895F89688D798D87E898E20E945F964A8D8D
:2093E0005B8D6C8D7D8D80E898E20E945F964C855D85433051050CF48EC0C501B4010E9422
:20940000C0EC20E030E040E850E40E941FED6B017C012E893F89488D598D6A8D7B8D8C8D4B
:209420009D8D0E94D0F02BED3FE049E450E40E941FED20E030E040E05FE30E941FED9B019E
:20944000AC01C701B6010E94ADF16B017C01C301B2010E94C0EC2FE632E143E85AE30E94C0
:209460001FED2B013C01B701A6018AE798E20E945F96B301A20184E798E20E945F962AE9B0
:2094800039E949E15FE3C701B6010E941FED6B017C019B01AC010E94D1F0A30192010E94A3
:2094A000ADF16E877F87888B998BA3019201C701B6010E941FED20E030E040E05EE30E9465
:2094C0001FED6A8B7B8B8C8B9D8BE4E6F8E284913F015FEF651A750A882321F00E94393535
:2094E000F301F5CFB701A6018EE598E20E945F964E855F856889798988E598E20E945F96A9
:209500004A895B896C897D8982E598E20E945F968AE00E9439358D819E81AF81B885880D78
:20952000991DAA1DBB1DB595A7959795879517FF03C08093DE1303C0EDADFEAD80832C856F
:209540003D852F5F3F4F3D872C870E8B39853F8B4A85488F5B85598F49805A806B807C809D
:2095600081E08AA3F0CCCE5BDF4F0FB6F894DEBF0FBECDBFDF91CF911F910F91FF90EF90D5
:20958000DF90CF90BF90AF909F908F907F906F905F904F903F902F900895CF93DF9383E5DE
:2095A0000E945C33C82F882371F00E9429330E9415F2709365026093640221E0672B09F081
:2095C00020E02093810E80E50E945C33882359F02091640230916502232B11F00E941A3342
:2095E0008093810E2DC0C1112BC0EBE6F3E18491EF012196882321F00E943935FE01F7CF2D
:209600008091810E811103C065E973E002C063EF72E089E197E20E94F5AA609164027091D2
:20962000650288E097E20E947C96E4E0F7E28491EF012196882321F00E943935FE01F7CF44
:20964000DF91CF910895CF93DF9380E50E945C33882351F00E942933609361147093621468
:20966000809363149093641489E40E945C33882381F00E9429332CEA35EC47E25EE30E94CA
:209680001FED60935D1470935E1480935F149093601484E40E945C33882381F00E94293315
:2096A0002CEA35EC47E25EE30E94ADF16093591470935A1480935B1490935C14EBE6F3E13E
:2096C0008491EF012196882321F00E943935FE01F7CF409161145091621460916314709137
:2096E000641480E097E20E945F962CEA35EC47E25EE360915D1470915E1480915F14909167
:2097000060140E94ADF1AB01BC018CEF96E20E9442962CEA35EC47E25EE3609159147091BF
:209720005A1480915B1490915C140E941FEDAB01BC0188EF96E20E9442968AE0DF91CF91F0
:209740000C9439354F925F926F927F928F929F92AF92BF92CF92DF92EF92FF92CF93DF937B
:20976000CDB7DEB72C970FB6F894DEBF0FBECDBF8091600890916108A0916208B09163087C
:2097800089839A83AB83BC836091D6147091D714072E000C880B990B0E94C0EC29813A8141
:2097A0004B815C810E94D0F06B017C0160939714709398148093991490939A1420916114B1
:2097C0003091621440916314509164140E941FED6D837E838F83988760939314709394149C
:2097E000809395149093961420918F14309190144091911450919214C701B6010E94D1F048
:209800004B015C0160938F1470939014809391149093921420915D1430915E1440915F1448
:20982000509160140E941FED69877A878B879C8760938B1470938C1480938D1490938E1451
:2098400020ED3CEC4CE45DE36091591470915A1480915B1490915C140E941FED2B013C016E
:2098600020918714309188144091891450918A1469817A818B819C810E94D0F09B01AC0199
:20988000C301B2010E941FED2B013C0123E333E343E75FE3609183147091841480918514E7
:2098A000909186140E941FED9B01AC01C301B2010E94D1F02B013C0160938314709384148E
:2098C000809385149093861489819A81AB81BC818093871490938814A0938914B0938A1473
:2098E00029853A854B855C856D817E818F8198850E94D1F0A30192010E94D0F02B013C01CB
:2099000020E030E04FE753E40E94F7F220E030E0A9011816ACF4C701B6010E94F7F218167F
:209920006CF5A7019601C501B4010E94D0F060938F147093901480939114909392141EC00E
:20994000C301B2010E94BAEC87FF22C020E030E0A901C701B6010E94BAEC87FF16C0A7015B
:209960009601C501B4010E94D0F060938F1470939014809391149093921407C0412C512C04
:209980008FE7682E83E4782E03C0412C512C3201C301B2012C960FB6F894DEBF0FBECDBF4E
:2099A000DF91CF91FF90EF90DF90CF90BF90AF909F908F907F906F905F904F9008952F92E5
:2099C0003F924F925F926F927F928F929F92AF92BF92CF92DF92EF92FF92CF93DF9300D066
:2099E0001F92CDB7DEB76090D8147090D91480907D0E90907E0EA0907F0EB090800EB3014E
:209A0000072C000C880B990B0E94C0ECA50194010E94D0F06B017C0160937F1470938014DF
:209A2000809381149093821420ED3CEC4CE45DE36091A6087091A7088091A8089091A9083E
:209A40000E941FED1B012C0120917B1430917C1440917D1450917E14C501B4010E94D0F0CC
:209A60009B01AC01C201B1010E941FED1B012C0123E333E343E75FE36091771470917814A0
:209A80008091791490917A140E941FED9B01AC01C201B1010E94D1F069837A838B839C8394
:209AA00060937714709378148093791490937A1480927B1490927C14A0927D14B0927E145E
:209AC00080915F08882321F081E080937614B9C020E030E040E251E4C701B6010E94F7F26A
:209AE000181624F481E080937614A4C020E030E040E251ECC701B6010E94BAEC87FDE4CF51
:209B0000672811F380917614882351F0109272141092731410927414109275141092761459
:209B20002091A2083091A3084091A4085091A508C701B6010E941FED2B013C0160936E1448
:209B400070936F14809370149093711420917214309173144091741450917514C701B6017F
:209B60000E94D1F04B015C01609372147093731480937414909375142091AA083091AB08B8
:209B80004091AC085091AD080E941FED9B01AC0160936A1470936B1480936C1490936D1489
:209BA000C301B2010E94D1F029813A814B815C810E94D0F02B013C0120E030E04FE753E475
:209BC0000E94F7F220E030E0A9011816ACF4C701B6010E94F7F218166CF5A7019601C501D4
:209BE000B4010E94D0F0609372147093731480937414909375141EC0C301B2010E94BAEC67
:209C000087FF22C020E030E0A901C701B6010E94BAEC87FF16C0A7019601C501B4010E94A3
:209C2000D0F06093721470937314809374149093751407C0412C512C8FE7682E83E4782E50
:209C400003C0412C512C3201C301B2010F900F900F900F90DF91CF91FF90EF90DF90CF9085
:209C6000BF90AF909F908F907F906F905F904F903F902F900895609160087091610880912D
:209C80006208909163080895CF92DF92EF92FF92C0906008D0906108E0906208F090630807
:209CA0008091D6149091D7140697BC01990F880B990B0E94C0EC9B01AC01C701B6010E94AC
:209CC000BAEC87FF1FC020E030E040E050E4C701B6010E94D1F00E941AF27093B2146093C9
:209CE000B1140E940ABBDC01CB01805A9541AF4FBF4F8093AD149093AE14A093AF14B093E1
:209D0000B01408C01092AD141092AE141092AF141092B014FF90EF90DF90CF900895CF924B
:209D2000DF92EF92FF92C0907D0ED0907E0EE0907F0EF090800E8091D8149091D914069726
:209D4000BC01990F880B990B0E94C0EC9B01AC01C701B6010E94BAEC87FF1FC020E030E094
:209D600040E050E4C701B6010E94D1F00E941AF27093AC146093AB140E940ABBDC01CB017A
:209D8000805E914BAF4FBF4F8093A7149093A814A093A914B093AA1408C01092A714109298
:209DA000A8141092A9141092AA14FF90EF90DF90CF9008952F923F924F925F926F927F9239
:209DC0008F929F92AF92BF92CF92DF92EF92FF920F931F93CF93DF93EC0140EA52E281E0E7
:209DE00090E0FA0125913491C217D3070CF05DC09C0121503109220F331F220F331FD90189
:209E0000A256BD4DFD016591749124563D4DF901A590B490FC01EE0FFF1FEE0FFF1FE25665
:209E2000FD4DE590F490FD01C590D490FA0105911491F90125903490072E000C880B990B07
:209E40000E94C0EC2B013C01CA19DB09BE01DD0F880B990B0E94C0EC4B015C01B7016C196E
:209E60007D09072E000C880B990B0E94C0EC9B01AC01C501B4010E941FED6B017C01B80182
:209E800062197309072E000C880B990B0E94C0EC9B01AC01C701B6010E94ADF19B01AC01B4
:209EA000C301B2010E94D1F011C001964C5F5F4F8034910509F095CFEAE9F3E265917491BD
:209EC000072E000C880B990B0E94C0ECDF91CF911F910F91FF90EF90DF90CF90BF90AF9032
:209EE0009F908F907F906F905F904F903F902F90089560E08091D9139091DA130E94BBB5B0
:209F000060937D0E70937E0E80937F0E9093800E8091D7139091D8134DDF60936008709352
:209F200061088093620890936308A8958FB7F8941092DB138FBF0895CF92DF92FF920F931E
:209F40001F93CF93DF931F921F92CDB7DEB7F82E8A0180917402882309F444C0EEE5F6E172
:209F600084916F019FEFC91AD90A882341F069837A830E943935F60169817A81F1CFFB019B
:209F800084916F019FEFC91AD90A882321F00E943935F601F5CFE0EAF8E284916F019FEFAA
:209FA000C91AD90A882321F00E943935F601F5CFF7FC0BC06F2DFF0C770B880B990B0E9494
:209FC000293A8AE00E9439350DC0EBE9F8E284916F019FEFC91AD90A882321F00E94393584
:209FE000F601F5CF80916914811108C01092740281E080936914C8010E9472B10F900F90E9
:20A00000DF91CF911F910F91FF90DF90CF900C949AB82F923F924F925F926F927F928F923A
:20A020009F92AF92BF92CF92EF92FF920F931F93CF93DF9300D000D0CDB7DEB73C017A83CF
:20A0400069832B833C834D835E8317012801C7FCD0C00C2D0C2C000C110BF801E15AF74F4F
:20A060008081882389F0F30111821082F801EE0FFF1FEE0FFF1FED54FB4E10821182128230
:20A0800013822CC001E010E0C801880F991F880F991F9C012D543B4E7901A2019101F701B9
:20A0A00060817181828193810E94BAEC8823B1F0F7012082318242825382EE24E394F12C96
:20A0C00020E030E0A901C201B1010E94F7F2181614F0E12CF12CF301F182E082F3018081AC
:20A0E000918182309105F9F08330910509F464C0019709F091C0F801EE0FFF1FEE0FFF1FA2
:20A10000ED54FB4E20813181428153816B817C818D819E810E94BAEC87FD7EC082E090E0D9
:20A12000F30191838083000F111F000F111F0D541B4EB40180E090E00E94BEEC9B01AC01B2
:20A14000F80160817181828193810E94D0F09B01AC016B817C818D819E810E94F7F287FD4C
:20A1600016C00E940ABB2B013C019501A8EEB3E00E94C1F0DC01CB01840D951DA61DB71DA4
:20A18000E981FA8180839183A283B38345C00E940ABBE981FA810081118122813381DC01D0
:20A1A000CB01801B910BA20BB30BB7FD35C083E090E0F301918380834AEF58E26AE079E292
:20A1C0008C2D26960FB6F894DEBF0FBECDBFDF91CF911F910F91FF90EF90CF90BF90AF90A8
:20A1E0009F908F907F906F905F904F903F902F90A3CE80916408882309F444CFF301118277
:20A2000010821092B7141092B8141092B9141092BA1401E010E062CF26960FB6F894DEBF46
:20A220000FBECDBFDF91CF911F910F91FF90EF90CF90BF90AF909F908F907F906F905F905F
:20A240004F903F902F9008954F925F926F927F928F929F92AF92BF92CF92DF92EF92FF9248
:20A260000F931F938091DB1381110FC01F910F91FF90EF90DF90CF90BF90AF909F908F9022
:20A280007F906F905F904F90089533DE0E940ABB2B013C0180915F08811117C080916514F9
:20A2A00090916614A0916714B09168140097A105B10559F0A3019201281B390B4A0B5B0BE5
:20A2C00057FD03C081E080935F086091D8147091D914072E000C880B990B0E94C0EC20914A
:20A2E0007D0E30917E0E40917F0E5091800EB4E08B2E912C18E2A12EB12CC12C7B018C0113
:20A3000063EA74E181EA94E184DEC0907D0ED0907E0EE0907F0EF090800E80912804909129
:20A320002904BC01990F880B990B0E94C0EC9B01AC01C701B6010E94F7F21816CCF46091D4
:20A340000C0270910D02072E000C880B990B0E94C0EC9B01AC01C701B6010E94BAEC87FF83
:20A3600007C080E02CDB0E9415F27595679501C060E06093DD138091A7149091A814A09142
:20A38000A914B091AA140097A105B105F9F0A3019201281B390B4A0B5B0B57FD17C00E94DF
:20A3A0005AB66B017C018091AB149091AC14BC0180E090E00E94BEEC9B01AC01C701B60152
:20A3C0000E94BAEC87FD7EC080E0A9DC8091AD149091AE14A091AF14B091B0140097A105A3
:20A3E000B10501F1481A590A6A0A7B0A77FC1AC042DC6B017C018091B1149091B214BC0129
:20A4000080E090E00E94BEEC9B01AC01C701B6010E94BAEC87FF54C04EEB58E26DEC78E250
:20A420008FEF8ADD6091D6147091D714072E000C880B990B0E94C0EC209160083091610867
:20A440004091620850916308E2E08E2E912CF4E1AF2EB12CCC24CA947B018C016BE974E1AB
:20A460008FE994E1D6DD80916408811126C0C0906008D0906108E0906208F090630820E001
:20A4800030E040EA50E4C701B6010E94F7F287FF04C060E06093DE13E9CE20E030E046E1E8
:20A4A00053E4C701B6010E94BAEC181694F34AD90E9415F275956795EDCF1092DE13D6CE24
:20A4C000E3DBB0CF4CED58E26BEE78E280E034DD7DCF880F991F880F991FFC01E850F44F46
:20A4E0004081518162817381FC01EA5BFB4F4083518362837383E0915514F0915614828924
:20A500009389A489B5898093511490935214A0935314B09354148FEF9FEF909358148093C0
:20A5200057140895CF93DF932FB7F894EC01CC0FDD1FCC0FDD1FFE01E850F44F60817181E5
:20A54000828193812FBF0E94C0ECCA5CDB4F288139814A815B810E941FEDDF91CF91089533
:20A560000E941135882321F080E00E94BFB1F8CF8091571490915814892BB1F708950F935A
:20A580001F93CF93DF931092720E8091C3149091C414A091C514B091C61481309048A105DE
:20A5A000B10540F01092C3141092C4141092C5141092C614C091C3148091C2141816DCF4BE
:20A5C000282F082E000C330B215031094C2F0C2E000C550B4217530774F0CFEFC80F8C2F71
:20A5E00090E0A0E0B0E08093C3149093C414A093C514B093C6141092920880919308C81706
:20A6000014F4C093930880919308082E000C990B03962C2F0C2E000C330B8217930724F4EF
:20A620008DEF8C0F8093930810919308D0E011111BC08091730E811106C08091760288234E
:20A6400009F492C009C0C111F8CF0E94A75D80919208882391F390C081E0C11180E003E003
:20A6600023E04CEA59E27DC01130F1F48091730E811106C080917602882309F475C00BC0E8
:20A68000C130C1F788E895ED0E94D98D80919208882381F371C081E0C13009F080E00EE380
:20A6A0002EE345EA59E25DC01230F1F48091730E811106C080917602882309F455C00BC0E0
:20A6C000C230C1F78DE895ED0E94D98D80919208882381F351C081E0C23009F080E00EE359
:20A6E0002EE34EE959E23DC01330E9F48091730E811105C0809176028823B1F10BC0C3303D
:20A70000C9F782E995ED0E94D98D80919208882389F332C081E0C33009F080E00EE32EE311
:20A7200047E959E21EC01430F9F48091730E811105C0809176028823B9F00BC0C430C9F75A
:20A7400087E995ED0E94D98D80919208882389F313C081E0C43009F080E00EE32EE34EE874
:20A7600059E26D2F0E946BB4DF5F1F5FD43009F05ECF85E08093C214DF91CF911F910F91ED
:20A780000895EF92FF920F931F93CF93DF937C017093C1146093C0141092720E8091C314BC
:20A7A0009091C414A091C514B091C61481309048A105B10540F01092C3141092C4141092D1
:20A7C000C5141092C614C091C3148091BF141816DCF4282F082E000C330B215031094C2F1D
:20A7E0000C2E000C550B4217530774F0CFEFC80F8C2F90E0A0E0B0E08093C3149093C414E7
:20A80000A093C514B093C6141092920880919308C81714F4C093930880919308082E000C64
:20A82000990B03962C2F0C2E000C330B8217930724F48DEF8C0F8093930810919308D0E000
:20A8400081E091E0E916F10471F122E0E216F10409F44EC0E114F10409F072C01111C2C01D
:20A860008823B1F01C16A4F08091C3149091C414A091C514B091C6140196A11DB11D80938A
:20A88000C3149093C414A093C514B093C614CF5F80917602882309F42BC120E030E041E041
:20A8A00067E879E249C011119DC08823B1F01C16A4F08091C3149091C414A091C514B09128
:20A8C000C6140196A11DB11D8093C3149093C414A093C514B093C614CF5F8091760288230B
:20A8E00009F406C120E030E041E060E879E224C0111178C08823B1F01C16A4F08091C31488
:20A900009091C414A091C514B091C6140196A11DB11D8093C3149093C414A093C514B093C2
:20A92000C614CF5F80917602882309F4E1C020E030E041E069E779E28D2F0E9480E3D8C008
:20A94000111126C08823B1F01C16A4F08091C3149091C414A091C514B091C6140196A11D82
:20A96000B11D8093C3149093C414A093C514B093C614CF5F80917602882309F4B4C020E028
:20A9800030E041E060E779E28D2F0E9480E3ABC083E0E816F10431F50E940A8A882311F159
:20A9A000113009F09EC08091730E811106C080917602882309F495C009C0C130C1F70E947B
:20A9C000A75D80919208882391F39BC081E0C13009F080E003E023E040E659E26D2F0E940E
:20A9E0006BB47FC01130E1F48091730E811106C080917602882309F47BC009C0C130C1F71B
:20AA00000E94A75D80919208882391F37AC081E0C13009F080E003E023E046E559E25DC068
:20AA20001230F1F48091730E811106C080917602882309F45DC00BC0C230C1F780EB95ED55
:20AA40000E94D98D80919208882381F35AC081E0C23009F080E00EE32EE34CE459E23DC0F4
:20AA60001330E9F48091730E811105C0809176028823F1F10BC0C330C9F785EB95ED0E94A5
:20AA8000D98D80919208882389F33BC081E0C33009F080E00EE32EE343E459E21EC0143050
:20AAA00039F58091730E811105C0809176028823F9F00BC0C430C9F78AEB95ED0E94D98DE4
:20AAC00080919208882389F31CC081E0C43009F080E00EE32EE348E359E26D2F0E946BB455
:20AAE00007C092E006C093E0E916F10409F454CF95E0DF5F1F5F80E0D43009F0A2CE9093AF
:20AB0000BF14DF91CF911F910F91FF90EF9008956BE677ED80E090E034CE66E677ED81E0FF
:20AB200090E02FCE61E677ED82E090E02ACE65EF75ED83E090E025CE21E020936D0E609395
:20AB4000BB147093BC148093BD149093BE1440E050E0BA018091C0149091C1140C943DB502
:20AB600060E070E080E291E4E7CF60E070E080E89FE3E2CF6DEC7CEC8CEC9DE3DDCFCF92C7
:20AB8000DF92EF92FF92CF93C82F0E940ABB6B017C0124EA30E74DE75FE36091BB1470912D
:20ABA000BC148091BD149091BE140E94BAEC87FD05C04AEF50E060E070E003C040E050E053
:20ABC000BA01C40ED51EE61EF71EC092650ED092660EE092670EF092680EC0936202CF914B
:20ABE000FF90EF90DF90CF9008958091730E81110C94A75D6091C3147091C4148091C51489
:20AC00009091C614611571058105910571F10E94C0EC2091BB143091BC144091BD145091ED
:20AC2000BE140E941FED9B01AC016091140C7091150C8091160C9091170C0E94D1F060934B
:20AC4000140C7093150C8093160C9093170C83E090E095DF81E0809376021092C3141092E7
:20AC6000C4141092C5141092C61480917602882349F084E19CE00E94BEBDBC018FE299E2F1
:20AC80000C94BDB408952F923F924F925F926F927F928F929F92AF92BF92CF92DF92EF9259
:20ACA000FF920F931F93CF93DF93CDB7DEB72A970FB6F894DEBF0FBECDBF9A8789871B016D
:20ACC0008091730E882319F00E94A75DE1C08091C3149091C414A091C514B091C614892B2D
:20ACE0008A2B8B2B09F4A4C00E942E358101000F111F000F111FF801E85FF34F4080518070
:20AD00006280738020E030E04AE754E4C301B2010E94D0F04B015C0120E030E04AE754E4EA
:20AD2000C301B2010E94D1F06B017C0180917502882311F121E02216310471F032E0231601
:20AD4000310489F021143104B9F4C12CD12C96E6E92E93E4F92E0DC0C12CD12C3CE5E32E2A
:20AD600033E4F32E06C0C12CD12C22E8E22E23E4F22E812C912C54018091C3149091C4140A
:20AD8000A091C514B091C6148D839E83AF83B887BC01CD010E94C0EC2091BB143091BC1402
:20ADA0004091BD145091BE140E941FED9B01AC01C301B2010E94D1F0085F134FD8016D93CB
:20ADC0007D938D939C9313972D813E814F81588557FF0DC0A50194010E94BAEC87FF1BC049
:20ADE000D8018D929D92AD92BC92139714C02D813E814F815885232B242B252B61F0A70121
:20AE000096010E94F7F2181634F4D801CD92DD92ED92FC9213971092C3141092C4141092C7
:20AE2000C5141092C614C101AADE81E08093760280917602882361F1F101EE0FFF1FEE0FF7
:20AE4000FF1FE85FF34F80819181A281B38189839A83AB83BC832DEC3CEC4CEC5DE36091A1
:20AE6000BB147091BC148091BD149091BE140E94F7F287FD05C0CE0101960E94BEBD03C043
:20AE8000CE010196A6D0BC0189859A850E94BDB42A960FB6F894DEBF0FBECDBFDF91CF9102
:20AEA0001F910F91FF90EF90DF90CF90BF90AF909F908F907F906F905F904F903F902F9020
:20AEC000089562E070E088E299E2DDCE61E070E081E299E2D8CE60E070E08AE199E2D3CE87
:20AEE0008091250990912609019791F482E090E090932609809325090E940ABB60932F09AF
:20AF000070933009809331099093320981E0089580E00895CF93DF9380913609882381F10E
:20AF2000E4EBF9E28491EF012196882321F00E943935FE01F7CF6091660970916709809138
:20AF40006809909169094AE00E9440398FE20E9439356091620970916309809164099091BF
:20AF600065094AE00E9440398AE00E943935609166097091670980916809909169090EC0F0
:20AF8000E6ECF9E28491EF012196882321F00E943935FE01F7CF60E070E0CB01DF91CF918B
:20AFA0000895FC01DB018C9120813181382798E0A901440F551F37FD06C09A019150C1F735
:20AFC0003183208308959A01B1E22B27B0E13B27F5CF8F929F92AF92BF92CF92DF92EF920F
:20AFE000FF92CF9320E030E04AE754E4FC0160817181828193810E941FED0E9415F26B013B
:20B000007C01611571058105910561F097FF0AC0F094E094D094C094C11CD11CE11CF11C76
:20B020008DE201C080E28093DD14C701B60128EE33E040E050E00E94BCF38AE0882E912C54
:20B04000A12CB12CCA01B901A50194010E94BCF3605D6093DE148EE28093DF14C701B6019E
:20B0600024E630E040E050E00E94BCF3CA01B901A50194010E94BCF3605D6093E014C70198
:20B08000B601A50194010E94BCF3C62FCA01B901A50194010E94BCF3605D6093E114C05DA5
:20B0A000C093E2148DED94E1CF91FF90EF90DF90CF90BF90AF909F908F900895009769F0B3
:20B0C000FC0101900020E9F73197AF01481B590BBC0187EC98E00C94BDB880E090E0089579
:20B0E0000F931F93CF93DF93EB018A01181619066CF4843121E0920714F083E191E09093B9
:20B10000D9148093D81480E00E948FCED7FD0CC0BE01C739D10514F066E970E07093D7141E
:20B120006093D6140E9444CE1093DB140093DA14DF91CF911F910F910C94385C0F931F93C3
:20B14000CF93DF93C82FD42F80E00E94A975C11102C080E201C08EE30E949E7580914509C5
:20B1600081111EC008E319E0C2E1F80161918F01662331F087EC98E00E94D8BBC150A9F7E2
:20B18000CC2339F0C15060E287EC98E00E94D8BBF7CF8D2FDF91CF911F910F910C949E75CF
:20B1A0001092570905E419E0DFCFCF92DF92EF92FF920F931F93CF93DF931F92CDB7DEB727
:20B1C000C82E8A017901C90169830E94B08D92E1D92ED81A698180E00E94A975CC2011F07C
:20B1E0008EE301C080E20E949E75F8016491662311F0D1101AC06AE387EC98E00E94D8BB66
:20B20000DD2039F060E287EC98E00E94D8BBDA94F7CFC7010F90DF91CF911F910F91FF905C
:20B22000EF90DF90CF900C94A3B487EC98E00E94D8BB0F5F1F4FDA94D8CF2E9A0895CF93F2
:20B24000DF930E942E35E0911908F0E0E45DFB4F8081882381F0E0EEF9E28491EF01219608
:20B26000882321F00E943935FE01F7CF8AE0DF91CF910C943935DF91CF910895CF93DF93B4
:20B280008FB7F89490918815909387158FBFE7EDF9E28491EF012196882321F00E943935DA
:20B2A000FE01F7CF80912B0C90912C0CA0912D0CB0912E0CBC01CD016F5F7F4F8F4F9F4F50
:20B2C0000E94293A8AE00E943935DF91CF91B7CFEF92FF920F931F93CF93DF93C0911908ED
:20B2E00080E6C89FE0011124C75ADB4F8091510880FF19C0EBE6F3E184918F010F5F1F4F38
:20B30000811102C08E0104C00E943935F801F4CFD8018D918D01882319F00E943935F8CFAA
:20B320008AE00E94393510920315109202158FE38093061510920515109204151092FE1455
:20B340001092FF141092001510920115FE01888121968032D9F38E34B1F4818190ED980FFF
:20B360009A3020F08D3211F08B3269F43296DF0131962C9120532A30D0F3CD01FC010196FB
:20B3800020812032D9F3F093B613E093B5138F010F5F1F4FC0816AE270E0C8010E9426F499
:20B3A000009731F0FC01319780818032E1F31182CD3429F0C43519F0C73409F0E6C0F80147
:20B3C00080810F5F1F4F8032D1F380538A3008F0DCC0C093061510920515109204154AE0EA
:20B3E0002091041530910515429FC001439F900D112490930515809304153196DF0111979A
:20B400002C91022E000C330B20533109280F391F3093051520930415808180538A3000F38F
:20B42000DF0131968C918032D9F3CD34B9F42E31310579F03CF42731310559F02C31310584
:20B4400069F407C02537310521F0203AE3E03E0729F4B0930315A093021597C010920315F0
:20B4600010920215D091B51361E070E0CD0101964C91442309F489C0413299F4CD3489F4EC
:20B480002032310571F4909303158093021563E270E00E9426F4009709F477C0DC011C92B3
:20B4A00074C041544A3108F043C0DC01FD015D915032E1F3CF01A0EDA50FAA30C8F05E32FB
:20B4C00029F4518150535A3098F067C05D3219F05B3209F062C05181A0EDA50FAA3048F03C
:20B4E0005E3209F05AC0528150535A3010F055C0FC01042F10E0D80153E0B595A7955A95F3
:20B50000E1F7A250BB4E47707B0102C0EE0CFF1C4A95E2F7A7015C91452B4C93309711F0EA
:20B52000ED1B01C0E0E0D801AC51BB4EEC930AC04091021550910315452B21F4B093031599
:20B54000A0930215DC014C9141544A3110F4DC018DCFFC018E2FAF2F9191911103C0482F04
:20B560005A2F0BC040ED490F4A30A0F343ED490F423080F39B3271F3F2CFCA014F5F5F4F5F
:20B58000DC01EC91E032C9F3E2CFDF91CF911F910F91FF90EF900C942715A0910215B0913F
:20B5A0000315AB2B29F43197F0930315E0930215E0E0F0E09ECFCF92DF92EF92FF92CF9350
:20B5C00081E080931602C1E080911602882309F444C0CC2309F441C080E00E94BFB1609119
:20B5E000D8147091D914C0E06115710569F3072E000C880B990B0E94C0EC9B01AC01609189
:20B600007D0E70917E0E80917F0E9091800E0E94D0F06B017C0120E030E0A9010E94F7F235
:20B6200018165CF020E030E040E450ECC701B6010E94BAEC87FFC8CF0BC020E030E040E43D
:20B6400050E4C701B6010E94F7F218160CF0BCCF89E090E00E940F69B6CFCF91FF90EF9011
:20B66000DF90CF900895CF92DF92EF92FF92CF93DF936A017B01C8E0DCE0E091560824E089
:20B68000E29FF0011124E25FFD4F2081318142815381FC0160817181828193810E94ADF165
:20B6A0009B01AC016C857D858E859F850E94D1F06C877D878E879F870E941A35C701B60112
:20B6C0000E94CE31DF91CF91FF90EF90DF90CF900C94B0D2CF93DF93CDB7DEB727970FB68B
:20B6E000F894DEBF0FBECDBF789484B5826084BD84B5816084BD85B5826085BD85B581608C
:20B7000085BD80916E00816080936E00109281008091810082608093810080918100816068
:20B7200080938100809180008160809380008091B10084608093B1008091B0008160809351
:20B74000B000809191008260809391008091910081608093910080919000816080939000C5
:20B760008091A10082608093A1008091A10081608093A1008091A00081608093A0008091E4
:20B780002101826080932101809121018160809321018091200181608093200180917A0055
:20B7A000846080937A0080917A00826080937A0080917A00816080937A0080917A008068B2
:20B7C00080937A001092C100809A889A82E08093C0001092C50087E08093C4008091C10091
:20B7E00080618093C1008091C10088608093C1008091C10080688093C100EBE8FAE08491B6
:20B800008F010F5F1F4F882321F00E943935F801F6CFEBE6F3E184918F010F5F1F4F882361
:20B8200021F00E943935F801F6CF14B710FF0DC0E2E8FAE084917F012FEFE21AF20A882388
:20B8400021F00E943935F701F5CF11FF0DC0E1E7FAE084917F013FEFE31AF30A882321F013
:20B860000E943935F701F5CF12FF0DC0EFE5FAE084917F014FEFE41AF40A882321F00E9443
:20B880003935F701F5CF13FF0DC0EEE4FAE084917F015FEFE51AF50A882321F00E94393546
:20B8A000F701F5CF15FF0CC0EDE3FAE084918F010F5F1F4F882321F00E943935F801F6CF37
:20B8C00014BEE6E3FAE084918F010F5F1F4F882321F00E943935F801F6CF80E20E94393576
:20B8E000EDE2FAE084918F010F5F1F4F882321F00E943935F801F6CF8AE00E943935EBE649
:20B90000F3E184918F010F5F1F4F882321F00E943935F801F6CFEDE1FAE084918F010F5F8D
:20B920001F4F882321F00E943935F801F6CFECE0FAE084918F010F5F1F4F882321F00E948A
:20B940003935F801F6CFEFEDF9E084918F010F5F1F4F882321F00E943935F801F6CFEBE62A
:20B96000F3E184918F010F5F1F4F882321F00E943935F801F6CFE8ECF9E084918F010F5F28
:20B980001F4F882321F00E943935F801F6CFEBE6F3E184918F010F5F1F4F882321F00E942B
:20B9A0003935F801F6CF8091891590918A158E010F5F1F4FB801009719F0681B790B02C05F
:20B9C0006F58754189EB99E00E947C9660ED74E082EA99E00E947C968AE00E943935ECE2C7
:20B9E000F4E091E08AE08E0F91938E13FDCF0E9465521E821D8280E793E09A8389839E0130
:20BA00002B5F3F4F42E050E0BE016D5F7F4FC8010E942B521E821D829E012B5F3F4F44E061
:20BA200050E064E072E0C8010E942B522DEC3CEC4CEC5DE360910402709105028091060287
:20BA4000909107020E94BAEC87FF0CC08DEC9CECACECBDE38093040290930502A09306026B
:20BA6000B0930702409104025091050260910602709107028FE199E00E945F964D815E818B
:20BA80008B819C814817590741F5EBE6F3E184918F010F5F1F4F882321F00E943935F8019D
:20BAA000F6CF69817A81605773408DE099E00E947C964D815E8160E070E080E099E00E9420
:20BAC0002596EDEFF8E084918F010F5F1F4F882391F00E943935F801F6CF60E070E088ED77
:20BAE00098E00E9425964B815C8160E070E083EB98E00E94259680E1E8E0FCE0DF011D9261
:20BB00008A95E9F70E946C32249A6D9A9D9A8091010180648093010187ED80937A0010923B
:20BB20007E0010927D0080917D00886080937D0080917D00846080937D0080E888BD8091A2
:20BB40006E00846080936E006AEF70E080E090E00E94D2BA85E090E0909329048093280407
:20BB600060E080910A0290910B020E94BBB520E030E040EA50E40E94BAEC87FF0AC0809111
:20BB80000A0290910B02409790930B0280930A02E7CF83E191E090930D0280930C0260E027
:20BBA00080912604909127040E94BBB520E030E849E853E40E94F7F2181654F48091260430
:20BBC0009091270440969093270480932604E7CF80910802909109020E94DACE20E030E061
:20BBE00040EA50E40E94BAEC87FF0AC0809108029091090240979093090280930802E8CF2F
:20BC000080912404909125040E94DACE20E030E046E153E40E94F7F2181654F480912404AF
:20BC20009091250440969093250480932404E8CF98E288E10FB6F894A895809360000FBEF5
:20BC4000909360009A9A3C9A099A80910A01806280930A0180910A01846080930A013A9AA6
:20BC6000429A0F9A179A0D9A159A269A2E9A80910A01826080930A019FB7F89480910B0195
:20BC8000826080930B019FBF0A98129A0E98169A3F98479A389A4098429A109256043E9A8F
:20BCA0004698179A109257040B9A1398159A1092580480910A01886080930A019FB7F894F7
:20BCC00080910B01877F80930B019FBF2E9A80910A01816080930A019FB7F89480910B01E2
:20BCE0008E7F80930B019FBF809180008C7F8093800080918100877E886080938100809167
:20BD000080008F738093800080918100887F82608093810080E090E49093890080938800E4
:20BD2000109285001092840080916F00826080936F0011E01093060978940E94EE8D109363
:20BD40002B0489E680932A040E9435C50E94BC8D82E00E94F4B487EC98E00E94DFBB89E938
:20BD600099E00E94B08D2CE030E0A901481B590BCA0157FD01968C011595079560E0802F66
:20BD80000E94A97580E00E949E758BE699E00E94A3B461E087EC98E00E94D8BB61E0802F9A
:20BDA0000E94A97581E699E00E94A3B489E999E00E94A3B462E0802F0E94A97562E087ECA0
:20BDC00098E00E94D8BB89E599E00E94A3B463E087EC98E00E94D8BB63E080E00E94A97510
:20BDE00015E1115031F060E287EC98E00E94D8BBF8CF86E899E00E94B08D24E130E0D901ED
:20BE0000A81BB90BCD01B7FD01969595879563E00E94A97583E799E00E94A3B460ED77E0B9
:20BE200080E090E00E94D68987EC98E00E94DFBB64E670E080E090E00E94D68981E00E949C
:20BE4000F4B487EC98E00E94DFBB809107018F7780930701809107018F7E80930701809187
:20BE6000640E833039F440E050E0BA018FE39CE50E943DB55CE3C52E5EE0D52E0BE118E087
:20BE800062E3262E6BE0362E77E2872E7BE0972E49E4A42E4EE0B42E80911A088A3010F42C
:20BEA0000E94A1368091E30B8823F1F00E940ABB4090DF0B5090E00B6090E10B7090E20BC9
:20BEC000DC01CB0184199509A609B709B7FD0CC01092E30B809136098111F8C10E94098336
:20BEE000809136098111F2C180911A08882309F49FC080913309882309F488C0E0901908A5
:20BF0000B0E6EB9EC00111249C01275A3B4F79016AE57BE0C9010E9439EC892BF9F082E3AD
:20BF20009BE00E949F3E82E39BE00E949EAD1092340910923309E7E4FBE084917F013FEF14
:20BF4000E31AF30A882341F00E943935F701F5CF8091340981115AC072D959C0F701019058
:20BF60000020E9F731973F016E187F081092320B6EE470E0C7010E9426F42C01009739F4B6
:20BF800041E0641A7108F701E60DF71D0DC060E270E00E9426F401967C016AE270E0C201FC
:20BFA0000E9426F4FC0131978DE081838AE082831382F70101900020E9F73197AF014E1923
:20BFC0005F09B70182E39BE00E94753F8091320B882309F4BDCFEEE5F6E184917F015FEFFC
:20BFE000E51AF50A882321F00E943935F701F5CFE2E9FAE084917F019FEFE91AF90A882342
:20C0000009F4A6CF0E943935F701F4CF61D980911A08882369F0815080931A08809119083A
:20C020008F5F8A3018F48093190802C01092190880911A088111B0C02091640E213021F0D9
:20C04000223009F46CC0A8C080915B0E8F9380915A0E8F93AEE3BBE0BF93AF931F930F93B2
:20C060002F830E9453EC8BE198E00E94EC708091590E8F938091580E8F933F922F921F93D4
:20C080000F930E9453EC8BE198E00E94EC709F928F921F930F930E9453EC8BE198E00E942E
:20C0A000EC70A1E2BBE0BF93AF931F930F930E9453EC8BE198E00E94EC70ABE1BBE0BF93E2
:20C0C000AF931F930F930E9453EC8BE198E00E94EC708091560E9091570E6AE070E00E94D0
:20C0E00095F39F938F937F936F93ABE0BBE0BF93AF931F930F930E9453EC0FB6F894DEBF73
:20C100000FBECDBF8BE198E00E94EC702F81209358042093550482E08093640E3DC0F5013F
:20C1200001900020E9F7CF018A549E4050915F0E40915E0E30915D0E20915C0E029788F0FF
:20C14000DF92CF92BF92AF925F934F933F932F938AEF9AE09F938F931F930F930E9453EC97
:20C160000EC0DF92CF925F934F933F932F938DEE9AE09F938F931F930F930E9453EC0FB674
:20C18000F894DEBF0FBECDBF1092640E0E94F84C8BE198E00E94EC708091640E843099F57C
:20C1A000EFEDFAE084917F01BFEFEB1AFB0A882321F00E943935F701F5CF109235090E9472
:20C1C00070D720E030E040EA50E46091100C7091110C8091120C9091130C0E94F7F287FD01
:20C1E00010C089ED9AE09F938F931F930F930E9453EC8BE198E00E94EC700F900F900F9037
:20C200000F901092640E80915204882309F453C0EBE6F3E184917F012FEFE21AF20A88234E
:20C2200021F00E943935F701F5CFEAECFAE084917F013FEFE31AF30A882321F00E943935E8
:20C24000F701F5CF8091520480FD43C08091520484FD3FC030E2F32E8091520481FD56C026
:20C260008091520485FD52C020E2E22E8091520482FD69C08091520486FD65C090E28AE0B7
:20C280009F830E9439351F9280E28F931F929F819F931F92EF921F92FF9289EA9AE09F93A1
:20C2A0008F931F920E94C584109252040FB6F894DEBF0FBECDBF80E00E94BFB180E090E03F
:20C2C000892B09F4E9CD0E940000E2CD0E9456820BCE60914604709147048091480490914E
:20C2E00049040E94C0EC209136043091370440913804509139040E941FEDAB01BC0186EC08
:20C300009AE00E945F9698E5F92EA6CF60914A0470914B0480914C0490914D040E94C0EC43
:20C3200020913A0430913B0440913C0450913D040E941FEDAB01BC0182EC9AE00E945F9645
:20C3400089E5E82E93CF60914E0470914F0480915004909151040E94C0EC20913E04309183
:20C360003F0440914004509141040E941FEDAB01BC018EEB9AE00E945F969AE580CFEF924F
:20C380000F931F93CF93DF9300D01F92CDB7DEB780E090E0A0E8B0E48093100C9093110C80
:20C3A000A093120CB093130C78D080915B088130C9F07CF4811130C080E090E0A0E2B1E4CB
:20C3C0008093080C9093090CA0930A0CB0930B0C12C0823061F08330F9F480E090E0A0E294
:20C3E000B1E412C080E090E0ACE5B3E40DC080E090E0A2E5B3E480930C0C90930D0CA09389
:20C400000E0CB0930F0C08C08093080C9093090CA0930A0CB0930B0CE090560880E090E03C
:20C42000A8E4B2E489839A83AB83BC838E010F5F1F4F24E13CE040E15CE06CE07CE088E04B
:20C440009CE00E9474AC1092100C1092110C1092120C1092130C21D080915B088F5F843099
:20C460001CF480935B0802C010925B080F900F900F900F90DF91CF911F910F91EF900895B7
:20C480000E94624D81110C94FA8948EB51E064E170E080E090E00C94005CEF920F931F93FC
:20C4A000CF93DF9300D01F92CDB7DEB7E090560880E090E0A0E8B0E489839A83AB83BC83BE
:20C4C0008E010F5F1F4F24E13CE040E15CE06CE07CE088E09CE00E9474AC0F900F900F9048
:20C4E0000F90DF91CF911F910F91EF900895CF931092CA081092C90885EB92E09093C80843
:20C500008093C70884E18093CB088FEF8093CC0881E18093CD08C0E1C093CE0885E18093FC
:20C52000CF0885E08093D00884E28093D1081092D2081092D3081092D4081092D5081092EA
:20C54000D60841E060E187EC98E00E94D0751092040910920309E3EFF8E0DF018C2F1D9278
:20C560008A95E9F7E3EEF8E0DF011D92CA95E9F71092DF081092E0081092E1081092E2081B
:20C58000109206091092050910926E091092710910926D0910926C0987EC92E090936B095A
:20C5A00080936A0910928F091092920910928E0910928D0990938C0980938B0920E030E09E
:20C5C000AC01C9018D5C964FFC01E558FF4F10823396108235971182108232975183408350
:20C5E000215E3F4F2633B1E03B0759F789E180930C0B10920F0B1092270B1092320B10920D
:20C60000350B1092310B1092300B87EC92E090932F0B80932E0B1092E20A1092E10A1092D4
:20C62000340910923309109236091092350910926209109263091092640910926509109242
:20C64000660910926709109268091092690910924D0B1092E00AEAEAF9E0DF01C9011D92A6
:20C660000197E9F781E08093E30B10926109109260090E940ABBDC01CB0188579C4EAF4FF2
:20C68000BF4F8093DF0B9093E00BA093E10BB093E20B109226091092250910922B09109219
:20C6A0002C0910922D0910922E0910922F09109230091092310910923209109227091092B2
:20C6C00028091092290910922A0981EC92E0909308098093070984E08093140910921209F9
:20C6E0001092110910921309539A5B9810920D0910920E0910920F0910921009CF910895FD
:20C70000DF92EF92FF920F931F93CF93DF931F92CDB7DEB77B018901682F80E049830E9439
:20C72000A9754981442319F00115110519F024E1D22E29C0C7010E94B08D44E150E0481B1F
:20C74000590B57FF02C04F5F5F4F5595479594E1D92E4551842F8D0D87FD15C060E287ECCE
:20C7600098E049830E94D8BBDA944981F3CFF7016491662351F087EC98E00E94D8BBDA9401
:20C78000FFEFEF1AFF0A1D1494F30115110539F01D142CF4F80161918F01611109C01D1454
:20C7A0006CF460E287EC98E00E94D8BBDA94F7CF87EC98E00E94D8BBDA94EACF0F90DF912D
:20C7C000CF911F910F91FF90EF90DF9008956F927F928F929F92AF92BF92CF92DF92EF9246
:20C7E000FF920F931F93CF93DF9300D01F92CDB7DEB76C013B01CA01B9014701580129836B
:20C800007A838B839C830E94185C23E020937602D092D214C092D1147092D0146092CF1470
:20C8200020E030E048EC52E469817A818B819C810E941FED0E9415F26093CB147093CC1464
:20C840008093CD149093CE140E94C0EC6B017C0120E030E048EC52E4C501B4010E941FED05
:20C86000A70196010E94D0F00E9415F26093C7147093C8148093C9149093CA1420E030E0C0
:20C8800048EC52E4F30160817181828193810E941FEDA70196010E94D0F00E941AF2609360
:20C8A000C3147093C4148093C5149093C6140F900F900F900F90DF91CF911F910F91FF90B2
:20C8C000EF90DF90CF90BF90AF909F908F907F906F9008956F927F928F929F92AF92BF928E
:20C8E000CF92DF92EF92FF920F931F93CF93DF9300D01F92CDB7DEB76C013B014701580148
:20C9000029833A834B835C830E94185C83E080937602D092D214C092D1147092D0146092A6
:20C92000CF1429813A814B815C81CA01B9010E9415F26093CB147093CC148093CD1490930C
:20C94000CE140E94C0EC6B017C019B01AC01C501B4010E94D0F00E9415F26093C71470931E
:20C96000C8148093C9149093CA14A7019601F30160817181828193810E94D0F00E941AF2BD
:20C980006093C3147093C4148093C5149093C6148AE299E890937802809377020F900F90B5
:20C9A0000F900F90DF91CF911F910F91FF90EF90DF90CF90BF90AF909F908F907F906F9053
:20C9C0000895CF92DF92EF92FF920F931F93CF93DF938C01EB016A0179010E94185C23E037
:20C9E000209376021093D2140093D114D093D014C093CF14A601DD0C660B770B4093CB1459
:20CA00005093CC146093CD147093CE14C701FF0CAA0BBB0B841B950BA60BB70B8093C714AC
:20CA20009093C814A093C914B093CA1488819981092E000CAA0BBB0B841B950BA60BB70B33
:20CA40008093C3149093C414A093C514B093C6148AEC99E89093780280937702DF91CF91D8
:20CA60001F910F91FF90EF90DF90CF90089586E40E945C338093AE08882351F00E9429339F
:20CA80006093190270931A0280931B0290931C0283E50E945C33882351F00E942933609382
:20CAA000210270932202809323029093240282E40E945C33882351F00E94293360931D0218
:20CAC00070931E0280931F02909320020895CF93DF938EE29BE00E9460B18AEA99E0892B0A
:20CAE00051F48BE899E00E9460B18AE699E0DF91CF910C9460B1C0E0D0E0CE018F53954F03
:20CB00000E9460B16F97CA3C8EEFD807B1F7E9CFCF93DF93CDB7DEB7EC85FD8560817181E7
:20CB2000828193810E9415F2CB010E9417BF9C01488559856F818E816AD2DF91CF91089501
:20CB40008F929F92AF92BF92CF92DF92EF92FF92CF93DF93843008F0A6C0682F8BE00E9483
:20CB6000A9750E94788DD82FC0915608CC1FCC27CC1F89F08090600890906108A09062085D
:20CB8000B09063086091D6147091D714072E000C880B990B10C080907D0E90907E0EA09064
:20CBA0007F0EB090800E4091D8145091D914BA01550F880B990BE4D66B017C0182E00E9492
:20CBC0009E7520E030E040E05FE3C501B4010E94D1F00E9415F2CB010E9417BF0E945ED82D
:20CBE0006FE287EC98E00E94D8BBC11103C080915F0802C080916408D11126C0882321F1F3
:20CC000060E287EC98E00E94D8BB20E030E040E251E4C701B6010E94F7F287FD05C060E2B6
:20CC200087EC98E00E94D8BB20E030E048EC52E4C701B6010E94F7F287FD15C060E287EC42
:20CC400098E00E94D8BB0FC020E030E040E05FE3C701B6010E94D1F00E9415F2CB010E94ED
:20CC6000EBBE0E945ED881E00E949E7560E287EC98E00E94D8BB20E030E040E251E4C7018C
:20CC8000B60178D687FF0FC060E287EC98E0DF91CF91FF90EF90DF90CF90BF90AF909F90A4
:20CCA0008F900C94D8BBDF91CF91FF90EF90DF90CF90BF90AF909F908F900895CF92DF922B
:20CCC000EF92FF920F931F93CF93DF9300D01F92CDB7DEB77C018B0129833A834B835C8361
:20CCE0000E94185C83E080937602F092D214E092D1141093D0140093CF1429813A814B8143
:20CD00005C81CA01B9013AD62AE037ED43E25CE396D60E9415F26093CB147093CC14809332
:20CD2000CD149093CE142CD66B017C019B01AC0160E070E887E794E40E94D0F00E9415F250
:20CD40006093C7147093C8148093C9149093CA14F801608171818281938110D62AE037ED3E
:20CD600043E25CE36CD6A70196010E94D0F00E941AF26093C3147093C4148093C51490930A
:20CD8000C6148EE390E6909378028093770282E493EC9093D5148093D4141092D3140F9095
:20CDA0000F900F900F90DF91CF911F910F91FF90EF90DF90CF900895AF92BF92CF92DF9299
:20CDC000EF92FF920F931F93CF93DF937C01EB015A0169010E94185C23E020937602F09225
:20CDE000D214E092D114D093D014C093CF14A501BB0C660B770B4093CB145093CC146093B1
:20CE0000CD147093CE14C601DD0CAA0BBB0B841B950BA60BB70B8093C7149093C814A0934F
:20CE2000C914B093CA1488819981092E000CAA0BBB0B841B950BA60BB70B8093C314909354
:20CE4000C414A093C514B093C6148CEC99E890937802809377021093D5140093D414109206
:20CE6000D314DF91CF911F910F91FF90EF90DF90CF90BF90AF900895CF92DF92EF92FF92C0
:20CE80000F931F93CF93DF9300D01F92CDB7DEB77C018B01CA01B90129837A838B839C836C
:20CEA0000E94185C23E020937602F092D214E092D1141093D0140093CF142AE037ED43E21F
:20CEC0005CE369817A818B819C81B9D50E9415F26093CB147093CC148093CD149093CE1420
:20CEE0004FD56B017C019B01AC0160E070E887E794E40E94D0F00E9415F26093C714709382
:20CF0000C8148093C9149093CA142AE037ED43E25CE3F801608171818281938190D5A701C2
:20CF200096010E94D0F00E941AF26093C3147093C4148093C5149093C6148AEE96E89093A3
:20CF40007802809377020F900F900F900F90DF91CF911F910F91FF90EF90DF90CF900895B6
:20CF60000F931F93CF93DF938C01EB010E94185C83E0809376021093D2140093D114D093A8
:20CF8000D014C093CF1484EF91E0A0E0B0E08093CB149093CC14A093CD14B093CE1488EEDF
:20CFA0009FE3AFE0B0E08093C7149093C814A093C914B093CA1420E030E048EC52E468814F
:20CFC00079818A819B813BD520E030E04AEF53E40E94D0F00E941AF26093C3147093C414EB
:20CFE0008093C5149093C6148BE595E890937802809377028DE295EC9093D5148093D4143B
:20D000001092D314DF91CF911F910F910895EF92FF920F931F93CF93DF93D82F8A01790184
:20D02000F901CF018E199F0921912111FACFC2E1C81B80E00E94A975DD2311F08EE301C051
:20D0400080E20E949E75F8016491662311F0C11117C06AE387EC98E00E94D8BBCC2339F013
:20D0600060E287EC98E00E94D8BBC150F7CFC701DF91CF911F910F91FF90EF900C94B1B47C
:20D0800087EC98E00E94D8BB0F5F1F4FC150DBCF6F927F928F929F92AF92BF92CF92DF9211
:20D0A000EF92FF920F931F93CF93DF93EC017B016115710519F0DB018D939C938E010F5FB0
:20D0C0001F4F7880872D90E0A5D3892B11F0E801F5CFBDE27B1205C00F5F1F4F7980C1E085
:20D0E00008C0EBE27E1204C08E010E5F1F4F7980C0E06801F1E0CF1AD10843E050E064E9A8
:20D1000071E0C6018FD3892BE9F4680122E0C20ED11C45E050E06FE871E0C60183D3892B0E
:20D1200021F4680187E0C80ED11CE114F10419F0D701CD92DC92C111F9C060E070E080E82C
:20D140009FE7FDC043E050E06CE871E0C6016AD3892B51F4E114F10409F4EDC00E5F1F4F28
:20D16000F70111830083E7C0680160E070E0CB0100E010E0F601D0EDD70DDA3050F52C2F22
:20D180002260622E2C2F2870C2FF05C0211127C00F5F1F4F24C0222311F001501109A5E0F5
:20D1A000B0E09B01AC01E3D74B015C01880C991CAA1CBB1CC501B4016D0F711D811D911D7C
:20D1C0006839A9E97A078A07A9E19A0740F0C66005C0DE3F51F4C3FD44C0C8606C2EBFEF2E
:20D1E000CB1ADB0A7080C62DC5CF2D2F2F7D2531C1F540814D3211F4C06106C04B3221F020
:20D20000319621E030E006C03296D60111964C9122E030E0A0EDA40FAA3018F0E21BF30B1E
:20D2200020C040E050E04038BCE05B075CF49A01220F331F220F331F420F531F440F551FCD
:20D240004A0F511D3196DF0111972C91A0EDA20FAA3048F3C4FF03C0519541955109040FF9
:20D26000151FC1FF07C0E114F10421F03197D701ED93FC9383D3C370C33019F06B017C01DB
:20D2800006C06B017C01F7FAF094F7F8F09420E030E0A901C701B6016DD3882309F443C0D3
:20D2A00017FF06C0119501951109CBEAD1E002C0C3ECD1E05E01B8E1AB1AB1084601BE2D0C
:20D2C000AF2D90E2E92EF12C0E151F057CF0FE012591359145915491B4018B2F9A2FAFD329
:20D2E0004B01B82FA92F0E191F09EECF2497F594E794CA15DB0541F76401EB2EFA2E8E2D00
:20D30000880F8F2D881F8F3F41F020E030E0A901C701B6012FD3811106C082E290E090938A
:20D320008E1580938D15C701B60109C060E070E080E89FEF04C060E070E080EC9FE7DF9111
:20D34000CF911F910F91FF90EF90DF90CF90BF90AF909F908F907F906F9008952F923F9228
:20D360004F925F926F927F928F929F92AF92BF92CF92DF92EF92FF920F931F93CF93DF93D9
:20D380005C016B017A016115710519F0FB0191838083E114F10429F0C7010297839708F0CB
:20D3A000EEC0E5012196F5011081812F90E032D2892B11F05E01F5CF1D3229F42196F50186
:20D3C000118101E007C01B3221F4E5012296F501118100E0E114F10459F1F0E1EF16F104AC
:20D3E00061F41033E1F488818F7D883569F519812296026070E1E72EF12C88E0E816F104FE
:20D4000039F12CF4F2E0EF16F104C1F12AC08AE0E816F10479F0E0E1EE16F10411F550E1A3
:20D42000E52EF12C812C912CA12C68E0B62E2BC01033C9F23AE0E32EF12C4CEC842E982C7A
:20D44000A82C4CE0B42E1FC010E3E114F104A9F698E0E92EF12C812C912CA12C20E1B22ECB
:20D4600012C060E070E080E090E897010F2C000C440B550B5AD649015A0105C0812C912CE0
:20D48000A12C80E4B82E60E020E030E0A90127010F2C000C660877081E01E0EDE10FEA3029
:20D4A00060F08FEB810F8A3110F4E9EC05C08FE9810F8A3120F5E9EAE10F8E2F90E08E154E
:20D4C0009F05ECF467FD17C082169306A406B50688F0C301B2011AD69B01AC012E0F311D44
:20D4E000411D511D213031054105F0E85F0710F461E001C06FEF2196F1011081CDCF802F6C
:20D500008170C114D10471F0662329F02197F601D183C08307C001FF19C02297F601D18383
:20D52000C08314C067FF12C0811105C02FEF3FEF4FEF5FE704C020E030E040E050E882E2E5
:20D5400090E090938E1580938D1516C0882341F050954095309521953F4F4F4F5F4F0CC053
:20D5600057FF0AC082E290E090938E1580938D152FEF3FEF4FEF5FE7B901CA0104C060E0E3
:20D5800070E080E090E0DF91CF911F910F91FF90EF90DF90CF90BF90AF909F908F907F9084
:20D5A0006F905F904F903F902F9008952F923F924F925F926F927F928F929F92AF92BF9219
:20D5C000CF92DF92EF92FF920F931F93CF93DF9300D000D0CDB7DEB75C016B017A016115CC
:20D5E000710519F0DB018D939C93E114F10429F0C7010297839708F0D9C03501BFEF6B1A09
:20D600007B0AF5011081812F90E004D1892B11F05301F3CF1D3249F43501F2E06F0E711CA0
:20D62000D50111961C9101E009C01B3231F43501B2E06B0E711CF501118100E0E114F10484
:20D6400009F4C2C0F0E1EF16F10489F4103391F5D3018C918F7D883509F0B0C011961C91C3
:20D66000B2E06B0E711C026050E1E52EF12CEAE0EE16F10409F4AEC0F0E1EF16F104D1F095
:20D6800028E0E216F10451F438E0E32EF12C88248A94982CA82C4FE1B42E12C06FEF7FEFF8
:20D6A000CB0197010F2C000C440B550B3ED549015A0106C088248A94982CA82C2FE0B22E41
:20D6C0007E826D8260E020E030E0A90127010F2C000C660877082D803E80E0EDE10FEA30C3
:20D6E00060F08FEB810F8A3110F4E9EC05C08FE9810F8A3188F5E9EAE10F8E2F90E08E15A4
:20D700009F0554F56F3F01F182169306A406B506D0F0C301B201FAD42E2F30E040E050E024
:20D7200029833A834B835C83260F371F481F591F89819A81AB81BC81281739074A075B07A9
:20D7400010F061E001C06FEFED81FE813196FE83ED83D1011C91BFCFC114D10489F066230B
:20D7600039F08D819E810197F6019183808308C001FF06C08D819E810297D6018D939C9333
:20D7800000FF07C050954095309521953F4F4F4F5F4F67FF10C082E290E090938E158093D1
:20D7A0008D156FEF7FEF8FEF9FEF1BC060E070E080E090E016C0B901CA0113C010E3E1149E
:20D7C000F10409F461CF53CF103309F441CF9AE0E92EF12C89E9882E982CA82C89E1B82EF7
:20D7E0006FCF26960FB6F894DEBF0FBECDBFDF91CF911F910F91FF90EF90DF90CF90BF909D
:20D80000AF909F908F907F906F905F904F903F902F900895911164C3803219F08950855042
:20D82000D0F70895FB01DC014150504088F08D9181341CF08B350CF4805E659161341CF0FE
:20D840006B350CF4605E861B611171F3990B0895881BFCCFFB01DC014150504048F005907D
:20D860000D920020C9F701C01D9241505040E0F70895FB0155915523A9F0BF01DC014D91B6
:20D8800045174111E1F759F4CD010590002049F04D9140154111C9F3FB014111EFCF81E04B
:20D8A00090E0019708950F931F93CF93DF93CDB7DEB72E970FB6F894DEBF0FBECDBF0E89DF
:20D8C0001F898EE08C831A8309838FEF9FE79E838D83AE01465E5F4F688D798DCE01019663
:20D8E00011D12F813885F801E20FF31F10822E960FB6F894DEBF0FBECDBFDF91CF911F91C0
:20D900000F9108950F931F93CF93DF93CDB7DEB72E970FB6F894DEBF0FBECDBF8C01CA0125
:20D920004EE04C831A83098377FF02C060E070E8FB013197FE83ED83A901BC01CE0101966F
:20D94000E1D04D815E8157FD0AC02F813885421753070CF49A01F801E20FF31F10822E963E
:20D960000FB6F894DEBF0FBECDBFDF91CF911F910F91089540D008F481E00895E89409C054
:20D9800097FB3EF490958095709561957F4F8F4F9F4F9923A9F0F92F96E9BB279395F69563
:20D9A000879577956795B795F111F8CFFAF4BB0F11F460FF1BC06F5F7F4F8F4F9F4F16C0F9
:20D9C000882311F096E911C0772321F09EE8872F762F05C0662371F096E8862F70E060E04D
:20D9E0002AF09A95660F771F881FDAF7880F9695879597F90895990F0008550FAA0BE0E8BF
:20DA0000FEEF16161706E807F907C0F012161306E407F50798F0621B730B840B950B39F42A
:20DA20000A2661F0232B242B252B21F408950A2609F4A140A6958FEF811D811D08950BD04B
:20DA400015C306D328F00BD318F0952309F0F7C2FCC211243FC31BD3A0F3959FD1F3950F9B
:20DA600050E0551F629FF001729FBB27F00DB11D639FAA27F00DB11DAA1F649F6627B00D9E
:20DA8000A11D661F829F2227B00DA11D621F739FB00DA11D621F839FA00D611D221F749F2E
:20DAA0003327A00D611D231F849F600D211D822F762F6A2F11249F5750408AF0E1F0882331
:20DAC0004AF0EE0FFF1FBB1F661F771F881F91505040A9F79E3F510570F0B1C2FBC25F3FE3
:20DAE000ECF3983EDCF3869577956795B795F795E7959F5FC1F7FE2B880F911D96958795C0
:20DB000097F908952F923F924F925F926F927F928F929F92AF92BF92CF92DF92EF92FF929A
:20DB20000F931F93CF93DF93CDB7DEB72C970FB6F894DEBF0FBECDBF7C016B018A01FC0129
:20DB400017821682838181FFB0C1CE0101964C01F7019381F60193FD859193FF81916F012F
:20DB6000882309F49EC1853239F493FD859193FF81916F01853221F4B70190E0CAD1E8CFBA
:20DB8000512C312C20E02032A0F48B3269F030F4803259F0833269F420612CC08D3239F029
:20DBA000803339F4216026C02260246023C0286021C027FD27C030ED380F3A3078F426FF62
:20DBC00006C0FAE05F9E300D1124532E13C08AE0389E300D1124332E20620CC08E3221F4AC
:20DBE00026FD5FC1206406C08C3611F4206802C0883641F4F60193FD859193FF81916F01E3
:20DC00008111C1CF982F9F7D9554933028F40C5F1F4FFFE3F9830DC0833631F0833771F03E
:20DC2000833509F057C021C0F801808189830E5F1F4F44244394512C540114C03801F2E06A
:20DC40006F0E711CF801A080B18026FF03C0652D70E002C06FEF7FEFC5012C874FD12C0152
:20DC600083012C852F77222E16C03801F2E06F0E711CF801A080B18026FF03C0652D70E07A
:20DC800002C06FEF7FEFC5012C872DD12C012C852068222E830123FC19C0832D90E04816CF
:20DCA0005906A0F4B70180E290E033D13A94F5CFF50127FC859127FE81915F01B70190E063
:20DCC00028D131103A94F1E04F1A51084114510479F7DEC0843611F0893631F5F80127FF32
:20DCE00007C060817181828193810C5F1F4F08C060817181072E000C880B990B0E5F1F4FAC
:20DD00002F76722E97FF09C090958095709561957F4F8F4F9F4F2068722E2AE030E0A401A9
:20DD200030D1A82EA81843C0853729F42F7EB22E2AE030E025C0F22FF97FBF2E8F36C1F0E8
:20DD400018F4883579F0ADC0803719F0883721F0A8C02F2F2061B22EB4FE0DC08B2D846052
:20DD6000B82E09C024FF0AC09F2F9660B92E06C028E030E005C020E130E002C020E132E0D3
:20DD8000F801B7FE07C060817181828193810C5F1F4F06C06081718180E090E00E5F1F4F07
:20DDA000A401EFD0A82EA818FB2DFF777F2E76FE0BC0372D3E7FA51450F474FE0AC072FC17
:20DDC00008C0372D3E7E05C0BA2C372D03C0BA2C01C0B52C34FF0DC0FE01EA0DF11D8081FC
:20DDE000803311F4397E09C032FF06C0B394B39404C0832F867809F0B39433FD12C030FF81
:20DE000006C05A2CB31418F4530C5B18B32CB31460F4B70180E290E03C877BD0B3943C8577
:20DE2000F6CFB31410F43B1801C0312C34FF11C0B70180E390E03C876CD03C8532FF16C08B
:20DE400031FD03C088E790E002C088E590E0B7010CC0832F867851F031FF02C08BE201C0BE
:20DE600080E237FD8DE2B70190E053D0A51430F4B70180E390E04DD05A94F8CFAA94F401E5
:20DE8000EA0DF11D8081B70190E043D0A110F6CF332009F45DCEB70180E290E03AD03A94EE
:20DEA000F7CFF7018681978102C08FEF9FEF2C960FB6F894DEBF0FBECDBFDF91CF911F912E
:20DEC0000F91FF90EF90DF90CF90BF90AF909F908F907F906F905F904F903F902F900895E3
:20DEE000992788270895FC010590615070400110D8F7809590958E0F9F1F0895FC01615063
:20DF0000704001900110D8F7809590958E0F9F1F08950F931F93CF93DF93FB01238121FDC8
:20DF200003C08FEF9FEF28C022FF16C046815781248135814217530744F4A081B1819D015D
:20DF40002F5F3F4F318320838C93268137812F5F3F4F3783268310C0EB01092F182F008492
:20DF6000F185E02D1995892BE1F68E819F8101969F838E83812F902FDF91CF911F910F915D
:20DF80000895FA01AA27283051F1203181F1E8946F936E7F6E5F7F4F8F4F9F4FAF4FB1E05A
:20DFA0003ED0B4E03CD0670F781F891F9A1FA11D680F791F8A1F911DA11D6A0F711D811DBE
:20DFC000911DA11D20D009F468943F912AE0269F11243019305D3193DEF6CF010895462FC8
:20DFE0004770405D4193B3E00FD0C9F7F6CF462F4F70405D4A3318F0495D31FD4052419372
:20E0000002D0A9F7EACFB4E0A6959795879577956795BA95C9F700976105710508959B01FB
:20E02000AC010A2E06945795479537952795BA95C9F7620F731F841F951FA01D089597F9BE
:20E040009F6780E870E060E008959FEF80EC089500240A9416161706180609060895002495
:20E060000A9412161306140605060895092E0394000C11F4882352F0BB0F40F4BF2B11F446
:20E0800060FF04C06F5F7F4F8F4F9F4F089557FD9058440F551F59F05F3F71F04795880F9A
:20E0A00097FB991F61F09F3F79F087950895121613061406551FF2CF4695F1DF08C0161696
:20E0C00017061806991FF1CF86957105610508940895E894BB2766277727CB0197F90895DB
:20E0E000F999FECF92BD81BDF89A992780B50895262FF999FECF1FBA92BD81BD20BD0FB654
:20E10000F894FA9AF99A0FBE01960895DB018F939F932DD0BF91AF91A29F800D911DA39FD0
:20E12000900DB29F900D11240895A1E21A2EAA1BBB1BFD010DC0AA1FBB1FEE1FFF1FA217CA
:20E14000B307E407F50720F0A21BB30BE40BF50B661F771F881F991F1A9469F76095709522
:20E16000809590959B01AC01BD01CF01089509D0A59F900DB49F900DA49F800D911D112494
:20E180000895A29FB001B39FC001A39F700D811D1124911DB29F700D811D1124911D0895B1
:20E1A0005058BB27AA270ED061CF52DF30F057DF20F031F49F3F11F41EF447CF0EF4E095B8
:20E1C000E7FB3DCFE92F63DF80F3BA17620773078407950718F071F49EF57BCF0EF4E095E8
:20E1E0000B2EBA2FA02D0B01B90190010C01CA01A0011124FF27591B99F0593F50F4503E9E
:20E2000068F11A16F040A22F232F342F4427585FF3CF469537952795A795F0405395C9F764
:20E220007EF41F16BA0B620B730B840BBAF09150A1F0FF0FBB1F661F771F881FC2F70EC0AB
:20E24000BA0F621F731F841F48F4879577956795B795F7959E3F08F0B3CF9395880F08F0F9
:20E260009927EE0F979587950895F2DE58F080E891E009F49EEFF3DE28F040E851E059F4F2
:20E280005EEF09C0E2CE25CFE92FE07800DF68F3092E052AC1F3261737074807590738F0AE
:20E2A0000E2E07F8E02569F0E025E0640AC0EF6307F8009407FADB01B9019D01DC01CA01F0
:20E2C000AD01EF9359D0D2DE0AD05F91552331F02BED3FE049E450FD49EC63CF0895DF93AB
:20E2E000DD27B92FBF7740E85FE31616170648075B0710F4D92F7FD19F938F937F936F93D4
:20E30000F9D1E0E4F1E0FED0B1DE2F913F914F915F91A1DBDD2349F09058A2EA2AED3FE082
:20E3200049EC5FE3D0785D274DDFDF919FCE48D180F09F3740F491110EF4CCCE60E070E030
:20E3400080E89FE3089526F01B16611D711D811DB0C0CAC0FDD0E39522C10CD087CE7FDE95
:20E3600040F076DE30F021F45F3F19F068CE5111B1CE6BCE8CDE98F39923C9F35523B1F364
:20E38000951B550BBB27AA2762177307840738F09F5F5F4F220F331F441FAA1FA9F333D01A
:20E3A0000E2E3AF0E0E830D091505040E695001CCAF729D0FE2F27D0660F771F881FBB1FBD
:20E3C000261737074807AB07B0E809F0BB0B802DBF01FF2793585F4F2AF09E3F510568F099
:20E3E0002ECE78CE5F3FECF3983EDCF3869577956795B795F7959F5FC9F7880F911D969590
:20E40000879597F90895E1E0660F771F881FBB1F621773078407BA0720F0621B730B840B8D
:20E42000BA0BEE1F88F7E095089504D06894B11151CE089534DE88F09F5790F0B92F992783
:20E44000B751A0F0D1F0660F771F881F991F1AF0BA95C9F712C0B13081F03BDEB1E0089575
:20E4600038CE672F782F8827B85F39F0B93FCCF3869577956795B395D9F73EF4909580950C
:20E48000709561957F4F8F4F9F4F089599D080F09F3740F491110EF01DCE60E070E080E8E4
:20E4A0009FEB089526F41B16611D711D811D01C01BC0882371F4772321F09850872B762FAA
:20E4C00007C0662311F499270DC09051862B70E060E02AF09A95660F771F881FDAF7880FD5
:20E4E0009695879597F908959F3F31F0915020F4879577956795B795880F911D96958795B8
:20E5000097F90895DF93CF931F930F93FF92EF92DF927B018C01689405C0DA2EEF019BDAEC
:20E52000FE01E894A5912591359145915591AEF3EF0148DEFE019701A801DA9479F7DF90AE
:20E54000EF90FF900F911F91CF91DF9108957DCDA6DDE8F3E894E0E0BB279F57F0F02AED3D
:20E560003FE049EC06C0EE0FBB0F661F771F881F28F0B23A62077307840728F0B25A620BF5
:20E58000730B840BE3959A9572F7803830F49A95BB0F661F771F881FD2F79048A7CFEF932E
:20E5A000E0FF06C0A2EA2AED3FE049EC5FEB0ADE5DDD0F90039401FC9058EDE6F1E0A4C030
:20E5C0006EDDA0F0BEE7B91788F4BB279F3860F41616B11D672F782F8827985FF7CF8695A4
:20E5E00077956795B11D93959639C8F3089503DA08F48FEF08959B01AC0160E070E080E8C1
:20E600009FE3ABCE4CDD58F19E5758F19851A0F0E9F0983020F5092E9927660F771F881F77
:20E62000991F0A94D1F712C0062E672F782F8827985F11F4000C07C0993FB4F38695779555
:20E6400067959395D9F7611D711D811D3EF490958095709561957F4F8F4F9F4F0895689482
:20E6600039CD37CD9F9374DF0F9007FCEE5F97CF11F40EF4EACC38CF12DDD0F39923D9F3B8
:20E68000CEF39F57550B87FF38D00024A0E640EA900180585695979528F4805C660F771F7E
:20E6A000881F20F026173707480730F4621B730B840B202931294A2BA6951794079420254D
:20E6C00031254A2758F7660F771F881F20F026173707480730F4620B730B840B200D311D7F
:20E6E000411DA09581F7B901842F9158880F9695879508959B01AC01A2C991505040660FA4
:20E70000771F881FD2F708959F938F937F936F93FF93EF939B01AC0192D9EF91FF91F2DE46
:20E720002F913F914F915F918AC9AA1BBB1B51E107C0AA1FBB1FA617B70710F0A61BB70BF1
:20E74000881F991F5A95A9F780959095BC01CD01089597FB072E16F4009406D077FD08D0E2
:20E76000E4DF07FC05D03EF4909581959F4F0895709561957F4F0895052E97FB16F400943D
:20E780000FD057FD05D0D1DC07FC02D046F408C050954095309521953F4F4F4F5F4F089541
:20E7A00090958095709561957F4F8F4F9F4F0895EE0FFF1F881F8BBF0790F691E02D199409
:20E7C000B7FFD5CCD4DC821B930B089581E090E0F8947FC09111089581548A5108F4805EF5
:20E7E000855A0895FB01DC0104C08D910190801921F441505040C8F7881B990B0895FB01E3
:20E80000DC0102C001900D9241505040D8F70895FB01DC018D9181341CF08B350CF4805E46
:20E82000619161341CF06B350CF4605E861B611189F3990B0895FB01DC010D900020E9F7A1
:20E84000119701900D920020E1F70895FC018191861721F08823D9F7992708953197CF011E
:20E860000895FB01DC018D91019080190110D9F3990B0895FB01DC0101900D920020E1F7BB
:20E880000895FB01DC014150504030F08D910190801919F40020B9F7881B990B0895FB01BC
:20E8A000DC014150504048F001900D920020C9F701C01D9241505040E0F70895FC0181E0AF
:20E8C00090E00190061609F4CF010020D1F70197089514E1C3EFD4E100E005C0802FFE0182
:20E8E00067DF2196011DC43FD10780E00807B1F7F894FFCF0000C841CDCCCC3DFF3FFF3F8A
:20E90000FF3F0000803F64006400019600CDCCCC3D00007A43000052434D61676E6120495A
:20E920002072656164792E0000000000000000000000000000000000000000000000000074
:20E9400000000000000000000000000000000000000000000000FF01AA0001010101FF0208
:20E96000C0D40100FF050001010103BB5758595A459A99A0429A99A1420000C8430000BAA6
:20E98000420000C8430000C8430000C84300003442E8030000E803000032000000E80300AB
:20E9A000005631310000000000D8BBBDB8DC3BDB3B000000000B3000000000F540BDB8DCA9
:20E9C0003BDB3B0000000063B9BDB8DC3BDB3B00803B4500803B4500007043000070425A69
:20E9E00000590058006F70656E005452494747455245440048656174696E672E2E2E00438A
:20EA0000617365206C696768743A206F666600496E76616C69642065787472756465720096
:20EA20004D313038004D313132004D34313000030405002F00537465707261746520746FA7
:20EA40006F20686967683A200062656400504944204175746F74756E652073746172740062
:20EA6000504944204175746F74756E65206661696C65642120426164206578747275646556
:20EA800072206E756D626572006469730000003442E8030000E803000032000000E80300B2
:20EAA000005631310000000000D8BBBDB8DC3BDB3B000000000B3000000000F540BDB8DCA8
:20EAC0003BDB3B0000000063B9BDB8DC3BDB3B00803B4500803B4500007043000070425A68
:20EAE00000590058006F70656E005452494747455245440048656174696E672E2E2E004389
:20EB0000E3959A9572F7803830F49A95BB0F661F771F881FD2F79048A7CFEF93E0FF06C010
:20EB2000A2EA2AED3FE049EC5FEB0ADE5DDD0F90039401FC9058EDE6F1E0A4C06EDDA0F074
:20EB4000BEE7B91788F4BB279F3860F41616B11D672F782F8827985FF7CF869577956795F1
:20EB6000B11D93959639C8F3089503DA08F48FEF08959B01AC0160E070E080E89FE3ABCE48
:20EB80004CDD58F19E5758F19851A0F0E9F0983020F5092E9927660F771F881F991F0A9497
:20EBA000D1F712C0062E672F782F8827985F11F4000C07C0993FB4F3869577956795939502
:20EBC000D9F7611D711D811D3EF490958095709561957F4F8F4F9F4F0895689439CD37CD17
:20EBE0009F9374DF0F9007FCEE5F97CF11F40EF4EACC38CF12DDD0F39923D9F3CEF39F5786
:20EC0000550B87FF38D00024A0E640EA900180585695979528F4805C660F771F881F20F0F8
:20EC200026173707480730F4621B730B840B202931294A2BA69517940794202531254A27B7
:20EC400058F7660F771F881F20F026173707480730F4620B730B840B200D311D411DA0952D
:20EC600081F7B901842F9158880F9695879508959B01AC01A2C991505040660F771F881F74
:20EC8000D2F708959F938F937F936F93FF93EF939B01AC0192D9EF91FF91F2DE2F913F916E
:20ECA0004F915F918AC9AA1BBB1B51E107C0AA1FBB1FA617B70710F0A61BB70B881F991F9D
:20ECC0005A95A9F780959095BC01CD01089597FB072E16F4009406D077FD08D0E4DF07FCF6
:20ECE00005D03EF4909581959F4F0895709561957F4F0895052E97FB16F400940FD057FD4B
:20ED000005D0D1DC07FC02D046F408C050954095309521953F4F4F4F5F4F089590958095B4
:20ED2000709561957F4F8F4F9F4F0895EE0FFF1F881F8BBF0790F691E02D1994E0DCB7FF4B
:20ED40000895821B930B0895B7FFCFCCCEDC821B930B089581E090E0F8947FC09111089590
:20ED600081548A5108F4805E855A0895FB01DC0104C08D910190801921F441505040C8F7B3
:20ED8000881B990B0895FB01DC0102C001900D9241505040D8F70895FB01DC018D9181348B
:20EDA0001CF08B350CF4805E619161341CF06B350CF4605E861B611189F3990B0895FB01EC
:20EDC000DC010D900020E9F7119701900D920020E1F70895FC018191861721F08823D9F714
:20EDE000992708953197CF010895FB01DC018D91019080190110D9F3990B0895FB01DC0169
:20EE000001900D920020E1F70895FB01DC014150504030F08D910190801919F40020B9F7EE
:20EE2000881B990B0895FB01DC014150504048F001900D920020C9F701C01D92415050401B
:20EE4000E0F70895FC0181E090E00190061609F4CF010020D1F70197089515E1CAE0D5E183
:20EE600000E005C0802FFE0161DF2196011DCB30D10780E00807B1F7F894FFCF0000C841DD
:20EE8000CDCCCC3DFF3FFF3FFF3FFF010000803F6400640002C0D4010041313020726561FE
:20EEA00064792E000000000000000000000000000000000000000000000000000000000047
:20EEC000000000000000000000000000000000000000000000009600CDCCCC3D00007A433D
:20EEE0000000524301FF050001AA0001010101FF031E7F010158595A459A99A0429A99A0F0
:20EF0000420000C8430000BA4200009643000096430000A0410000C841B80B0000B80B0086
:20EF20000032000000B80B00005631310000803B4500803B450000704300007042000000BF
:20EF400000C545BCA9C23EC13E00000000D7ACBCA9C23EC13E0000000062AABCA9C23EC12A
:20EF60003E0000000091336F70656E00545249474745524544006469730062656400486528
:20EF80006174696E672E2E2E00504944204175746F74756E65207374617274005049442037
:20EFA0004175746F74756E65206661696C65642120426164206578747275646572206E7599
:20EFC0006D6265720043617365206C696768743A206F666600496E76616C6964206578740A
:20EFE0007275646572004D313038004D313132004D343130002F00030405005374657072FD
:20F0000061746520746F6F20686967683A20005A00590058004731204631303030205932D5
:20F0200031300000FFFFFFFFFFFFFFFFFFFFFFFFFFFFFFFFFFFFFFFFFFFFFFFFFFFFFFFF8B
:20F04000FFFFFFFFFFFFFFFFFFFFFFFFFFFFFFFFFFFFFFFFFFFFFFFFFFFFFFFFFFFFFFFFD0
:20F06000FFFFFFFFFFFFFFFFFFFFFFFFFFFFFFFFFFFFFFFFFFFFFFFFFFFFFFFFFFFFFFFFB0
:20F08000FFFFFFFFFFFFFFFFFFFFFFFFFFFFFFFFFFFFFFFFFFFFFFFFFFFFFFFFFFFFFFFF90
:20F0A000FFFFFFFFFFFFFFFFFFFFFFFFFFFFFFFFFFFFFFFFFFFFFFFFFFFFFFFFFFFFFFFF70
:20F0C000FFFFFFFFFFFFFFFFFFFFFFFFFFFFFFFFFFFFFFFFFFFFFFFFFFFFFFFFFFFFFFFF50
:20F0E000FFFFFFFFFFFFFFFFFFFFFFFFFFFFFFFFFFFFFFFFFFFFFFFFFFFFFFFFFFFFFFFF30
:20F10000FFFFFFFFFFFFFFFFFFFFFFFFFFFFFFFFFFFFFFFFFFFFFFFFFFFFFFFFFFFFFFFF0F
:20F12000FFFFFFFFFFFFFFFFFFFFFFFFFFFFFFFFFFFFFFFFFFFFFFFFFFFFFFFFFFFFFFFFEF
:20F14000FFFFFFFFFFFFFFFFFFFFFFFFFFFFFFFFFFFFFFFFFFFFFFFFFFFFFFFFFFFFFFFFCF
:20F16000FFFFFFFFFFFFFFFFFFFFFFFFFFFFFFFFFFFFFFFFFFFFFFFFFFFFFFFFFFFFFFFFAF
:20F18000FFFFFFFFFFFFFFFFFFFFFFFFFFFFFFFFFFFFFFFFFFFFFFFFFFFFFFFFFFFFFFFF8F
:20F1A000FFFFFFFFFFFFFFFFFFFFFFFFFFFFFFFFFFFFFFFFFFFFFFFFFFFFFFFFFFFFFFFF6F
:20F1C000FFFFFFFFFFFFFFFFFFFFFFFFFFFFFFFFFFFFFFFFFFFFFFFFFFFFFFFFFFFFFFFF4F
:20F1E000FFFFFFFFFFFFFFFFFFFFFFFFFFFFFFFFFFFFFFFFFFFFFFFFFFFFFFFFFFFFFFFF2F
:20F20000FFFFFFFFFFFFFFFFFFFFFFFFFFFFFFFFFFFFFFFFFFFFFFFFFFFFFFFFFFFFFFFF0E
:20F22000FFFFFFFFFFFFFFFFFFFFFFFFFFFFFFFFFFFFFFFFFFFFFFFFFFFFFFFFFFFFFFFFEE
:20F24000FFFFFFFFFFFFFFFFFFFFFFFFFFFFFFFFFFFFFFFFFFFFFFFFFFFFFFFFFFFFFFFFCE
:20F26000FFFFFFFFFFFFFFFFFFFFFFFFFFFFFFFFFFFFFFFFFFFFFFFFFFFFFFFFFFFFFFFFAE
:20F28000FFFFFFFFFFFFFFFFFFFFFFFFFFFFFFFFFFFFFFFFFFFFFFFFFFFFFFFFFFFFFFFF8E
:20F2A000FFFFFFFFFFFFFFFFFFFFFFFFFFFFFFFFFFFFFFFFFFFFFFFFFFFFFFFFFFFFFFFF6E
:20F2C000FFFFFFFFFFFFFFFFFFFFFFFFFFFFFFFFFFFFFFFFFFFFFFFFFFFFFFFFFFFFFFFF4E
:20F2E000FFFFFFFFFFFFFFFFFFFFFFFFFFFFFFFFFFFFFFFFFFFFFFFFFFFFFFFFFFFFFFFF2E
:20F30000FFFFFFFFFFFFFFFFFFFFFFFFFFFFFFFFFFFFFFFFFFFFFFFFFFFFFFFFFFFFFFFF0D
:20F32000FFFFFFFFFFFFFFFFFFFFFFFFFFFFFFFFFFFFFFFFFFFFFFFFFFFFFFFFFFFFFFFFED
:20F34000FFFFFFFFFFFFFFFFFFFFFFFFFFFFFFFFFFFFFFFFFFFFFFFFFFFFFFFFFFFFFFFFCD
:20F36000FFFFFFFFFFFFFFFFFFFFFFFFFFFFFFFFFFFFFFFFFFFFFFFFFFFFFFFFFFFFFFFFAD
:20F38000FFFFFFFFFFFFFFFFFFFFFFFFFFFFFFFFFFFFFFFFFFFFFFFFFFFFFFFFFFFFFFFF8D
:20F3A000FFFFFFFFFFFFFFFFFFFFFFFFFFFFFFFFFFFFFFFFFFFFFFFFFFFFFFFFFFFFFFFF6D
:20F3C000FFFFFFFFFFFFFFFFFFFFFFFFFFFFFFFFFFFFFFFFFFFFFFFFFFFFFFFFFFFFFFFF4D
:20F3E000FFFFFFFFFFFFFFFFFFFFFFFFFFFFFFFFFFFFFFFFFFFFFFFFFFFFFFFFFFFFFFFF2D
:20F40000FFFFFFFFFFFFFFFFFFFFFFFFFFFFFFFFFFFFFFFFFFFFFFFFFFFFFFFFFFFFFFFF0C
:20F42000FFFFFFFFFFFFFFFFFFFFFFFFFFFFFFFFFFFFFFFFFFFFFFFFFFFFFFFFFFFFFFFFEC
:20F44000FFFFFFFFFFFFFFFFFFFFFFFFFFFFFFFFFFFFFFFFFFFFFFFFFFFFFFFFFFFFFFFFCC
:20F46000FFFFFFFFFFFFFFFFFFFFFFFFFFFFFFFFFFFFFFFFFFFFFFFFFFFFFFFFFFFFFFFFAC
:20F48000FFFFFFFFFFFFFFFFFFFFFFFFFFFFFFFFFFFFFFFFFFFFFFFFFFFFFFFFFFFFFFFF8C
:20F4A000FFFFFFFFFFFFFFFFFFFFFFFFFFFFFFFFFFFFFFFFFFFFFFFFFFFFFFFFFFFFFFFF6C
:20F4C000FFFFFFFFFFFFFFFFFFFFFFFFFFFFFFFFFFFFFFFFFFFFFFFFFFFFFFFFFFFFFFFF4C
:20F4E000FFFFFFFFFFFFFFFFFFFFFFFFFFFFFFFFFFFFFFFFFFFFFFFFFFFFFFFFFFFFFFFF2C
:20F50000FFFFFFFFFFFFFFFFFFFFFFFFFFFFFFFFFFFFFFFFFFFFFFFFFFFFFFFFFFFFFFFF0B
:20F52000FFFFFFFFFFFFFFFFFFFFFFFFFFFFFFFFFFFFFFFFFFFFFFFFFFFFFFFFFFFFFFFFEB
:20F54000FFFFFFFFFFFFFFFFFFFFFFFFFFFFFFFFFFFFFFFFFFFFFFFFFFFFFFFFFFFFFFFFCB
:20F56000FFFFFFFFFFFFFFFFFFFFFFFFFFFFFFFFFFFFFFFFFFFFFFFFFFFFFFFFFFFFFFFFAB
:20F58000FFFFFFFFFFFFFFFFFFFFFFFFFFFFFFFFFFFFFFFFFFFFFFFFFFFFFFFFFFFFFFFF8B
:20F5A000FFFFFFFFFFFFFFFFFFFFFFFFFFFFFFFFFFFFFFFFFFFFFFFFFFFFFFFFFFFFFFFF6B
:20F5C000FFFFFFFFFFFFFFFFFFFFFFFFFFFFFFFFFFFFFFFFFFFFFFFFFFFFFFFFFFFFFFFF4B
:20F5E000FFFFFFFFFFFFFFFFFFFFFFFFFFFFFFFFFFFFFFFFFFFFFFFFFFFFFFFFFFFFFFFF2B
:20F60000FFFFFFFFFFFFFFFFFFFFFFFFFFFFFFFFFFFFFFFFFFFFFFFFFFFFFFFFFFFFFFFF0A
:20F62000FFFFFFFFFFFFFFFFFFFFFFFFFFFFFFFFFFFFFFFFFFFFFFFFFFFFFFFFFFFFFFFFEA
:20F64000FFFFFFFFFFFFFFFFFFFFFFFFFFFFFFFFFFFFFFFFFFFFFFFFFFFFFFFFFFFFFFFFCA
:20F66000FFFFFFFFFFFFFFFFFFFFFFFFFFFFFFFFFFFFFFFFFFFFFFFFFFFFFFFFFFFFFFFFAA
:20F68000FFFFFFFFFFFFFFFFFFFFFFFFFFFFFFFFFFFFFFFFFFFFFFFFFFFFFFFFFFFFFFFF8A
:20F6A000FFFFFFFFFFFFFFFFFFFFFFFFFFFFFFFFFFFFFFFFFFFFFFFFFFFFFFFFFFFFFFFF6A
:20F6C000FFFFFFFFFFFFFFFFFFFFFFFFFFFFFFFFFFFFFFFFFFFFFFFFFFFFFFFFFFFFFFFF4A
:20F6E000FFFFFFFFFFFFFFFFFFFFFFFFFFFFFFFFFFFFFFFFFFFFFFFFFFFFFFFFFFFFFFFF2A
:20F70000FFFFFFFFFFFFFFFFFFFFFFFFFFFFFFFFFFFFFFFFFFFFFFFFFFFFFFFFFFFFFFFF09
:20F72000FFFFFFFFFFFFFFFFFFFFFFFFFFFFFFFFFFFFFFFFFFFFFFFFFFFFFFFFFFFFFFFFE9
:20F74000FFFFFFFFFFFFFFFFFFFFFFFFFFFFFFFFFFFFFFFFFFFFFFFFFFFFFFFFFFFFFFFFC9
:20F76000FFFFFFFFFFFFFFFFFFFFFFFFFFFFFFFFFFFFFFFFFFFFFFFFFFFFFFFFFFFFFFFFA9
:20F78000FFFFFFFFFFFFFFFFFFFFFFFFFFFFFFFFFFFFFFFFFFFFFFFFFFFFFFFFFFFFFFFF89
:20F7A000FFFFFFFFFFFFFFFFFFFFFFFFFFFFFFFFFFFFFFFFFFFFFFFFFFFFFFFFFFFFFFFF69
:20F7C000FFFFFFFFFFFFFFFFFFFFFFFFFFFFFFFFFFFFFFFFFFFFFFFFFFFFFFFFFFFFFFFF49
:20F7E000FFFFFFFFFFFFFFFFFFFFFFFFFFFFFFFFFFFFFFFFFFFFFFFFFFFFFFFFFFFFFFFF29
:20F80000FFFFFFFFFFFFFFFFFFFFFFFFFFFFFFFFFFFFFFFFFFFFFFFFFFFFFFFFFFFFFFFF08
:20F82000FFFFFFFFFFFFFFFFFFFFFFFFFFFFFFFFFFFFFFFFFFFFFFFFFFFFFFFFFFFFFFFFE8
:20F84000FFFFFFFFFFFFFFFFFFFFFFFFFFFFFFFFFFFFFFFFFFFFFFFFFFFFFFFFFFFFFFFFC8
:20F86000FFFFFFFFFFFFFFFFFFFFFFFFFFFFFFFFFFFFFFFFFFFFFFFFFFFFFFFFFFFFFFFFA8
:20F88000FFFFFFFFFFFFFFFFFFFFFFFFFFFFFFFFFFFFFFFFFFFFFFFFFFFFFFFFFFFFFFFF88
:20F8A000FFFFFFFFFFFFFFFFFFFFFFFFFFFFFFFFFFFFFFFFFFFFFFFFFFFFFFFFFFFFFFFF68
:20F8C000FFFFFFFFFFFFFFFFFFFFFFFFFFFFFFFFFFFFFFFFFFFFFFFFFFFFFFFFFFFFFFFF48
:20F8E000FFFFFFFFFFFFFFFFFFFFFFFFFFFFFFFFFFFFFFFFFFFFFFFFFFFFFFFFFFFFFFFF28
:20F90000FFFFFFFFFFFFFFFFFFFFFFFFFFFFFFFFFFFFFFFFFFFFFFFFFFFFFFFFFFFFFFFF07
:20F92000FFFFFFFFFFFFFFFFFFFFFFFFFFFFFFFFFFFFFFFFFFFFFFFFFFFFFFFFFFFFFFFFE7
:20F94000FFFFFFFFFFFFFFFFFFFFFFFFFFFFFFFFFFFFFFFFFFFFFFFFFFFFFFFFFFFFFFFFC7
:20F96000FFFFFFFFFFFFFFFFFFFFFFFFFFFFFFFFFFFFFFFFFFFFFFFFFFFFFFFFFFFFFFFFA7
:20F98000FFFFFFFFFFFFFFFFFFFFFFFFFFFFFFFFFFFFFFFFFFFFFFFFFFFFFFFFFFFFFFFF87
:20F9A000FFFFFFFFFFFFFFFFFFFFFFFFFFFFFFFFFFFFFFFFFFFFFFFFFFFFFFFFFFFFFFFF67
:20F9C000FFFFFFFFFFFFFFFFFFFFFFFFFFFFFFFFFFFFFFFFFFFFFFFFFFFFFFFFFFFFFFFF47
:20F9E000FFFFFFFFFFFFFFFFFFFFFFFFFFFFFFFFFFFFFFFFFFFFFFFFFFFFFFFFFFFFFFFF27
:20FA0000FFFFFFFFFFFFFFFFFFFFFFFFFFFFFFFFFFFFFFFFFFFFFFFFFFFFFFFFFFFFFFFF06
:20FA2000FFFFFFFFFFFFFFFFFFFFFFFFFFFFFFFFFFFFFFFFFFFFFFFFFFFFFFFFFFFFFFFFE6
:20FA4000FFFFFFFFFFFFFFFFFFFFFFFFFFFFFFFFFFFFFFFFFFFFFFFFFFFFFFFFFFFFFFFFC6
:20FA6000FFFFFFFFFFFFFFFFFFFFFFFFFFFFFFFFFFFFFFFFFFFFFFFFFFFFFFFFFFFFFFFFA6
:20FA8000FFFFFFFFFFFFFFFFFFFFFFFFFFFFFFFFFFFFFFFFFFFFFFFFFFFFFFFFFFFFFFFF86
:20FAA000FFFFFFFFFFFFFFFFFFFFFFFFFFFFFFFFFFFFFFFFFFFFFFFFFFFFFFFFFFFFFFFF66
:20FAC000FFFFFFFFFFFFFFFFFFFFFFFFFFFFFFFFFFFFFFFFFFFFFFFFFFFFFFFFFFFFFFFF46
:20FAE000FFFFFFFFFFFFFFFFFFFFFFFFFFFFFFFFFFFFFFFFFFFFFFFFFFFFFFFFFFFFFFFF26
:20FB0000FFFFFFFFFFFFFFFFFFFFFFFFFFFFFFFFFFFFFFFFFFFFFFFFFFFFFFFFFFFFFFFF05
:20FB2000FFFFFFFFFFFFFFFFFFFFFFFFFFFFFFFFFFFFFFFFFFFFFFFFFFFFFFFFFFFFFFFFE5
:20FB4000FFFFFFFFFFFFFFFFFFFFFFFFFFFFFFFFFFFFFFFFFFFFFFFFFFFFFFFFFFFFFFFFC5
:20FB6000FFFFFFFFFFFFFFFFFFFFFFFFFFFFFFFFFFFFFFFFFFFFFFFFFFFFFFFFFFFFFFFFA5
:20FB8000FFFFFFFFFFFFFFFFFFFFFFFFFFFFFFFFFFFFFFFFFFFFFFFFFFFFFFFFFFFFFFFF85
:20FBA000FFFFFFFFFFFFFFFFFFFFFFFFFFFFFFFFFFFFFFFFFFFFFFFFFFFFFFFFFFFFFFFF65
:20FBC000FFFFFFFFFFFFFFFFFFFFFFFFFFFFFFFFFFFFFFFFFFFFFFFFFFFFFFFFFFFFFFFF45
:20FBE000FFFFFFFFFFFFFFFFFFFFFFFFFFFFFFFFFFFFFFFFFFFFFFFFFFFFFFFFFFFFFFFF25
:20FC0000FFFFFFFFFFFFFFFFFFFFFFFFFFFFFFFFFFFFFFFFFFFFFFFFFFFFFFFFFFFFFFFF04
:20FC2000FFFFFFFFFFFFFFFFFFFFFFFFFFFFFFFFFFFFFFFFFFFFFFFFFFFFFFFFFFFFFFFFE4
:20FC4000FFFFFFFFFFFFFFFFFFFFFFFFFFFFFFFFFFFFFFFFFFFFFFFFFFFFFFFFFFFFFFFFC4
:20FC6000FFFFFFFFFFFFFFFFFFFFFFFFFFFFFFFFFFFFFFFFFFFFFFFFFFFFFFFFFFFFFFFFA4
:20FC8000FFFFFFFFFFFFFFFFFFFFFFFFFFFFFFFFFFFFFFFFFFFFFFFFFFFFFFFFFFFFFFFF84
:20FCA000FFFFFFFFFFFFFFFFFFFFFFFFFFFFFFFFFFFFFFFFFFFFFFFFFFFFFFFFFFFFFFFF64
:20FCC000FFFFFFFFFFFFFFFFFFFFFFFFFFFFFFFFFFFFFFFFFFFFFFFFFFFFFFFFFFFFFFFF44
:20FCE000FFFFFFFFFFFFFFFFFFFFFFFFFFFFFFFFFFFFFFFFFFFFFFFFFFFFFFFFFFFFFFFF24
:20FD0000FFFFFFFFFFFFFFFFFFFFFFFFFFFFFFFFFFFFFFFFFFFFFFFFFFFFFFFFFFFFFFFF03
:20FD2000FFFFFFFFFFFFFFFFFFFFFFFFFFFFFFFFFFFFFFFFFFFFFFFFFFFFFFFFFFFFFFFFE3
:20FD4000FFFFFFFFFFFFFFFFFFFFFFFFFFFFFFFFFFFFFFFFFFFFFFFFFFFFFFFFFFFFFFFFC3
:20FD6000FFFFFFFFFFFFFFFFFFFFFFFFFFFFFFFFFFFFFFFFFFFFFFFFFFFFFFFFFFFFFFFFA3
:20FD8000FFFFFFFFFFFFFFFFFFFFFFFFFFFFFFFFFFFFFFFFFFFFFFFFFFFFFFFFFFFFFFFF83
:20FDA000FFFFFFFFFFFFFFFFFFFFFFFFFFFFFFFFFFFFFFFFFFFFFFFFFFFFFFFFFFFFFFFF63
:20FDC000FFFFFFFFFFFFFFFFFFFFFFFFFFFFFFFFFFFFFFFFFFFFFFFFFFFFFFFFFFFFFFFF43
:20FDE000FFFFFFFFFFFFFFFFFFFFFFFFFFFFFFFFFFFFFFFFFFFFFFFFFFFFFFFFFFFFFFFF23
:20FE0000FFFFFFFFFFFFFFFFFFFFFFFFFFFFFFFFFFFFFFFFFFFFFFFFFFFFFFFFFFFFFFFF02
:20FE2000FFFFFFFFFFFFFFFFFFFFFFFFFFFFFFFFFFFFFFFFFFFFFFFFFFFFFFFFFFFFFFFFE2
:20FE4000FFFFFFFFFFFFFFFFFFFFFFFFFFFFFFFFFFFFFFFFFFFFFFFFFFFFFFFFFFFFFFFFC2
:20FE6000FFFFFFFFFFFFFFFFFFFFFFFFFFFFFFFFFFFFFFFFFFFFFFFFFFFFFFFFFFFFFFFFA2
:20FE8000FFFFFFFFFFFFFFFFFFFFFFFFFFFFFFFFFFFFFFFFFFFFFFFFFFFFFFFFFFFFFFFF82
:20FEA000FFFFFFFFFFFFFFFFFFFFFFFFFFFFFFFFFFFFFFFFFFFFFFFFFFFFFFFFFFFFFFFF62
:20FEC000FFFFFFFFFFFFFFFFFFFFFFFFFFFFFFFFFFFFFFFFFFFFFFFFFFFFFFFFFFFFFFFF42
:20FEE000FFFFFFFFFFFFFFFFFFFFFFFFFFFFFFFFFFFFFFFFFFFFFFFFFFFFFFFFFFFFFFFF22
:20FF0000FFFFFFFFFFFFFFFFFFFFFFFFFFFFFFFFFFFFFFFFFFFFFFFFFFFFFFFFFFFFFFFF01
:20FF2000FFFFFFFFFFFFFFFFFFFFFFFFFFFFFFFFFFFFFFFFFFFFFFFFFFFFFFFFFFFFFFFFE1
:20FF4000FFFFFFFFFFFFFFFFFFFFFFFFFFFFFFFFFFFFFFFFFFFFFFFFFFFFFFFFFFFFFFFFC1
:20FF6000FFFFFFFFFFFFFFFFFFFFFFFFFFFFFFFFFFFFFFFFFFFFFFFFFFFFFFFFFFFFFFFFA1
:20FF8000FFFFFFFFFFFFFFFFFFFFFFFFFFFFFFFFFFFFFFFFFFFFFFFFFFFFFFFFFFFFFFFF81
:20FFA000FFFFFFFFFFFFFFFFFFFFFFFFFFFFFFFFFFFFFFFFFFFFFFFFFFFFFFFFFFFFFFFF61
:20FFC000FFFFFFFFFFFFFFFFFFFFFFFFFFFFFFFFFFFFFFFFFFFFFFFFFFFFFFFFFFFFFFFF41
:20FFE000FFFFFFFFFFFFFFFFFFFFFFFFFFFFFFFFFFFFFFFFFFFFFFFFFFFFFFFFFFFFFFFF21
:020000040002F8
:20000000FFFFFFFFFFFFFFFFFFFFFFFFFFFFFFFFFFFFFFFFFFFFFFFFFFFFFFFFFFFFFFFF00
:20002000FFFFFFFFFFFFFFFFFFFFFFFFFFFFFFFFFFFFFFFFFFFFFFFFFFFFFFFFFFFFFFFFE0
:20004000FFFFFFFFFFFFFFFFFFFFFFFFFFFFFFFFFFFFFFFFFFFFFFFFFFFFFFFFFFFFFFFFC0
:20006000FFFFFFFFFFFFFFFFFFFFFFFFFFFFFFFFFFFFFFFFFFFFFFFFFFFFFFFFFFFFFFFFA0
:20008000FFFFFFFFFFFFFFFFFFFFFFFFFFFFFFFFFFFFFFFFFFFFFFFFFFFFFFFFFFFFFFFF80
:2000A000FFFFFFFFFFFFFFFFFFFFFFFFFFFFFFFFFFFFFFFFFFFFFFFFFFFFFFFFFFFFFFFF60
:2000C000FFFFFFFFFFFFFFFFFFFFFFFFFFFFFFFFFFFFFFFFFFFFFFFFFFFFFFFFFFFFFFFF40
:2000E000FFFFFFFFFFFFFFFFFFFFFFFFFFFFFFFFFFFFFFFFFFFFFFFFFFFFFFFFFFFFFFFF20
:20010000FFFFFFFFFFFFFFFFFFFFFFFFFFFFFFFFFFFFFFFFFFFFFFFFFFFFFFFFFFFFFFFFFF
:20012000FFFFFFFFFFFFFFFFFFFFFFFFFFFFFFFFFFFFFFFFFFFFFFFFFFFFFFFFFFFFFFFFDF
:20014000FFFFFFFFFFFFFFFFFFFFFFFFFFFFFFFFFFFFFFFFFFFFFFFFFFFFFFFFFFFFFFFFBF
:20016000FFFFFFFFFFFFFFFFFFFFFFFFFFFFFFFFFFFFFFFFFFFFFFFFFFFFFFFFFFFFFFFF9F
:20018000FFFFFFFFFFFFFFFFFFFFFFFFFFFFFFFFFFFFFFFFFFFFFFFFFFFFFFFFFFFFFFFF7F
:2001A000FFFFFFFFFFFFFFFFFFFFFFFFFFFFFFFFFFFFFFFFFFFFFFFFFFFFFFFFFFFFFFFF5F
:2001C000FFFFFFFFFFFFFFFFFFFFFFFFFFFFFFFFFFFFFFFFFFFFFFFFFFFFFFFFFFFFFFFF3F
:2001E000FFFFFFFFFFFFFFFFFFFFFFFFFFFFFFFFFFFFFFFFFFFFFFFFFFFFFFFFFFFFFFFF1F
:20020000FFFFFFFFFFFFFFFFFFFFFFFFFFFFFFFFFFFFFFFFFFFFFFFFFFFFFFFFFFFFFFFFFE
:20022000FFFFFFFFFFFFFFFFFFFFFFFFFFFFFFFFFFFFFFFFFFFFFFFFFFFFFFFFFFFFFFFFDE
:20024000FFFFFFFFFFFFFFFFFFFFFFFFFFFFFFFFFFFFFFFFFFFFFFFFFFFFFFFFFFFFFFFFBE
:20026000FFFFFFFFFFFFFFFFFFFFFFFFFFFFFFFFFFFFFFFFFFFFFFFFFFFFFFFFFFFFFFFF9E
:20028000FFFFFFFFFFFFFFFFFFFFFFFFFFFFFFFFFFFFFFFFFFFFFFFFFFFFFFFFFFFFFFFF7E
:2002A000FFFFFFFFFFFFFFFFFFFFFFFFFFFFFFFFFFFFFFFFFFFFFFFFFFFFFFFFFFFFFFFF5E
:2002C000FFFFFFFFFFFFFFFFFFFFFFFFFFFFFFFFFFFFFFFFFFFFFFFFFFFFFFFFFFFFFFFF3E
:2002E000FFFFFFFFFFFFFFFFFFFFFFFFFFFFFFFFFFFFFFFFFFFFFFFFFFFFFFFFFFFFFFFF1E
:20030000FFFFFFFFFFFFFFFFFFFFFFFFFFFFFFFFFFFFFFFFFFFFFFFFFFFFFFFFFFFFFFFFFD
:20032000FFFFFFFFFFFFFFFFFFFFFFFFFFFFFFFFFFFFFFFFFFFFFFFFFFFFFFFFFFFFFFFFDD
:20034000FFFFFFFFFFFFFFFFFFFFFFFFFFFFFFFFFFFFFFFFFFFFFFFFFFFFFFFFFFFFFFFFBD
:20036000FFFFFFFFFFFFFFFFFFFFFFFFFFFFFFFFFFFFFFFFFFFFFFFFFFFFFFFFFFFFFFFF9D
:20038000FFFFFFFFFFFFFFFFFFFFFFFFFFFFFFFFFFFFFFFFFFFFFFFFFFFFFFFFFFFFFFFF7D
:2003A000FFFFFFFFFFFFFFFFFFFFFFFFFFFFFFFFFFFFFFFFFFFFFFFFFFFFFFFFFFFFFFFF5D
:2003C000FFFFFFFFFFFFFFFFFFFFFFFFFFFFFFFFFFFFFFFFFFFFFFFFFFFFFFFFFFFFFFFF3D
:2003E000FFFFFFFFFFFFFFFFFFFFFFFFFFFFFFFFFFFFFFFFFFFFFFFFFFFFFFFFFFFFFFFF1D
:20040000FFFFFFFFFFFFFFFFFFFFFFFFFFFFFFFFFFFFFFFFFFFFFFFFFFFFFFFFFFFFFFFFFC
:20042000FFFFFFFFFFFFFFFFFFFFFFFFFFFFFFFFFFFFFFFFFFFFFFFFFFFFFFFFFFFFFFFFDC
:20044000FFFFFFFFFFFFFFFFFFFFFFFFFFFFFFFFFFFFFFFFFFFFFFFFFFFFFFFFFFFFFFFFBC
:20046000FFFFFFFFFFFFFFFFFFFFFFFFFFFFFFFFFFFFFFFFFFFFFFFFFFFFFFFFFFFFFFFF9C
:20048000FFFFFFFFFFFFFFFFFFFFFFFFFFFFFFFFFFFFFFFFFFFFFFFFFFFFFFFFFFFFFFFF7C
:2004A000FFFFFFFFFFFFFFFFFFFFFFFFFFFFFFFFFFFFFFFFFFFFFFFFFFFFFFFFFFFFFFFF5C
:2004C000FFFFFFFFFFFFFFFFFFFFFFFFFFFFFFFFFFFFFFFFFFFFFFFFFFFFFFFFFFFFFFFF3C
:2004E000FFFFFFFFFFFFFFFFFFFFFFFFFFFFFFFFFFFFFFFFFFFFFFFFFFFFFFFFFFFFFFFF1C
:20050000FFFFFFFFFFFFFFFFFFFFFFFFFFFFFFFFFFFFFFFFFFFFFFFFFFFFFFFFFFFFFFFFFB
:20052000FFFFFFFFFFFFFFFFFFFFFFFFFFFFFFFFFFFFFFFFFFFFFFFFFFFFFFFFFFFFFFFFDB
:20054000FFFFFFFFFFFFFFFFFFFFFFFFFFFFFFFFFFFFFFFFFFFFFFFFFFFFFFFFFFFFFFFFBB
:20056000FFFFFFFFFFFFFFFFFFFFFFFFFFFFFFFFFFFFFFFFFFFFFFFFFFFFFFFFFFFFFFFF9B
:20058000FFFFFFFFFFFFFFFFFFFFFFFFFFFFFFFFFFFFFFFFFFFFFFFFFFFFFFFFFFFFFFFF7B
:2005A000FFFFFFFFFFFFFFFFFFFFFFFFFFFFFFFFFFFFFFFFFFFFFFFFFFFFFFFFFFFFFFFF5B
:2005C000FFFFFFFFFFFFFFFFFFFFFFFFFFFFFFFFFFFFFFFFFFFFFFFFFFFFFFFFFFFFFFFF3B
:2005E000FFFFFFFFFFFFFFFFFFFFFFFFFFFFFFFFFFFFFFFFFFFFFFFFFFFFFFFFFFFFFFFF1B
:20060000FFFFFFFFFFFFFFFFFFFFFFFFFFFFFFFFFFFFFFFFFFFFFFFFFFFFFFFFFFFFFFFFFA
:20062000FFFFFFFFFFFFFFFFFFFFFFFFFFFFFFFFFFFFFFFFFFFFFFFFFFFFFFFFFFFFFFFFDA
:20064000FFFFFFFFFFFFFFFFFFFFFFFFFFFFFFFFFFFFFFFFFFFFFFFFFFFFFFFFFFFFFFFFBA
:20066000FFFFFFFFFFFFFFFFFFFFFFFFFFFFFFFFFFFFFFFFFFFFFFFFFFFFFFFFFFFFFFFF9A
:20068000FFFFFFFFFFFFFFFFFFFFFFFFFFFFFFFFFFFFFFFFFFFFFFFFFFFFFFFFFFFFFFFF7A
:2006A000FFFFFFFFFFFFFFFFFFFFFFFFFFFFFFFFFFFFFFFFFFFFFFFFFFFFFFFFFFFFFFFF5A
:2006C000FFFFFFFFFFFFFFFFFFFFFFFFFFFFFFFFFFFFFFFFFFFFFFFFFFFFFFFFFFFFFFFF3A
:2006E000FFFFFFFFFFFFFFFFFFFFFFFFFFFFFFFFFFFFFFFFFFFFFFFFFFFFFFFFFFFFFFFF1A
:20070000FFFFFFFFFFFFFFFFFFFFFFFFFFFFFFFFFFFFFFFFFFFFFFFFFFFFFFFFFFFFFFFFF9
:20072000FFFFFFFFFFFFFFFFFFFFFFFFFFFFFFFFFFFFFFFFFFFFFFFFFFFFFFFFFFFFFFFFD9
:20074000FFFFFFFFFFFFFFFFFFFFFFFFFFFFFFFFFFFFFFFFFFFFFFFFFFFFFFFFFFFFFFFFB9
:20076000FFFFFFFFFFFFFFFFFFFFFFFFFFFFFFFFFFFFFFFFFFFFFFFFFFFFFFFFFFFFFFFF99
:20078000FFFFFFFFFFFFFFFFFFFFFFFFFFFFFFFFFFFFFFFFFFFFFFFFFFFFFFFFFFFFFFFF79
:2007A000FFFFFFFFFFFFFFFFFFFFFFFFFFFFFFFFFFFFFFFFFFFFFFFFFFFFFFFFFFFFFFFF59
:2007C000FFFFFFFFFFFFFFFFFFFFFFFFFFFFFFFFFFFFFFFFFFFFFFFFFFFFFFFFFFFFFFFF39
:2007E000FFFFFFFFFFFFFFFFFFFFFFFFFFFFFFFFFFFFFFFFFFFFFFFFFFFFFFFFFFFFFFFF19
:20080000FFFFFFFFFFFFFFFFFFFFFFFFFFFFFFFFFFFFFFFFFFFFFFFFFFFFFFFFFFFFFFFFF8
:20082000FFFFFFFFFFFFFFFFFFFFFFFFFFFFFFFFFFFFFFFFFFFFFFFFFFFFFFFFFFFFFFFFD8
:20084000FFFFFFFFFFFFFFFFFFFFFFFFFFFFFFFFFFFFFFFFFFFFFFFFFFFFFFFFFFFFFFFFB8
:20086000FFFFFFFFFFFFFFFFFFFFFFFFFFFFFFFFFFFFFFFFFFFFFFFFFFFFFFFFFFFFFFFF98
:20088000FFFFFFFFFFFFFFFFFFFFFFFFFFFFFFFFFFFFFFFFFFFFFFFFFFFFFFFFFFFFFFFF78
:2008A000FFFFFFFFFFFFFFFFFFFFFFFFFFFFFFFFFFFFFFFFFFFFFFFFFFFFFFFFFFFFFFFF58
:2008C000FFFFFFFFFFFFFFFFFFFFFFFFFFFFFFFFFFFFFFFFFFFFFFFFFFFFFFFFFFFFFFFF38
:2008E000FFFFFFFFFFFFFFFFFFFFFFFFFFFFFFFFFFFFFFFFFFFFFFFFFFFFFFFFFFFFFFFF18
:20090000FFFFFFFFFFFFFFFFFFFFFFFFFFFFFFFFFFFFFFFFFFFFFFFFFFFFFFFFFFFFFFFFF7
:20092000FFFFFFFFFFFFFFFFFFFFFFFFFFFFFFFFFFFFFFFFFFFFFFFFFFFFFFFFFFFFFFFFD7
:20094000FFFFFFFFFFFFFFFFFFFFFFFFFFFFFFFFFFFFFFFFFFFFFFFFFFFFFFFFFFFFFFFFB7
:20096000FFFFFFFFFFFFFFFFFFFFFFFFFFFFFFFFFFFFFFFFFFFFFFFFFFFFFFFFFFFFFFFF97
:20098000FFFFFFFFFFFFFFFFFFFFFFFFFFFFFFFFFFFFFFFFFFFFFFFFFFFFFFFFFFFFFFFF77
:2009A000FFFFFFFFFFFFFFFFFFFFFFFFFFFFFFFFFFFFFFFFFFFFFFFFFFFFFFFFFFFFFFFF57
:2009C000FFFFFFFFFFFFFFFFFFFFFFFFFFFFFFFFFFFFFFFFFFFFFFFFFFFFFFFFFFFFFFFF37
:2009E000FFFFFFFFFFFFFFFFFFFFFFFFFFFFFFFFFFFFFFFFFFFFFFFFFFFFFFFFFFFFFFFF17
:200A0000FFFFFFFFFFFFFFFFFFFFFFFFFFFFFFFFFFFFFFFFFFFFFFFFFFFFFFFFFFFFFFFFF6
:200A2000FFFFFFFFFFFFFFFFFFFFFFFFFFFFFFFFFFFFFFFFFFFFFFFFFFFFFFFFFFFFFFFFD6
:200A4000FFFFFFFFFFFFFFFFFFFFFFFFFFFFFFFFFFFFFFFFFFFFFFFFFFFFFFFFFFFFFFFFB6
:200A6000FFFFFFFFFFFFFFFFFFFFFFFFFFFFFFFFFFFFFFFFFFFFFFFFFFFFFFFFFFFFFFFF96
:200A8000FFFFFFFFFFFFFFFFFFFFFFFFFFFFFFFFFFFFFFFFFFFFFFFFFFFFFFFFFFFFFFFF76
:200AA000FFFFFFFFFFFFFFFFFFFFFFFFFFFFFFFFFFFFFFFFFFFFFFFFFFFFFFFFFFFFFFFF56
:200AC000FFFFFFFFFFFFFFFFFFFFFFFFFFFFFFFFFFFFFFFFFFFFFFFFFFFFFFFFFFFFFFFF36
:200AE000FFFFFFFFFFFFFFFFFFFFFFFFFFFFFFFFFFFFFFFFFFFFFFFFFFFFFFFFFFFFFFFF16
:200B0000FFFFFFFFFFFFFFFFFFFFFFFFFFFFFFFFFFFFFFFFFFFFFFFFFFFFFFFFFFFFFFFFF5
:200B2000FFFFFFFFFFFFFFFFFFFFFFFFFFFFFFFFFFFFFFFFFFFFFFFFFFFFFFFFFFFFFFFFD5
:200B4000FFFFFFFFFFFFFFFFFFFFFFFFFFFFFFFFFFFFFFFFFFFFFFFFFFFFFFFFFFFFFFFFB5
:200B6000FFFFFFFFFFFFFFFFFFFFFFFFFFFFFFFFFFFFFFFFFFFFFFFFFFFFFFFFFFFFFFFF95
:200B8000FFFFFFFFFFFFFFFFFFFFFFFFFFFFFFFFFFFFFFFFFFFFFFFFFFFFFFFFFFFFFFFF75
:200BA000FFFFFFFFFFFFFFFFFFFFFFFFFFFFFFFFFFFFFFFFFFFFFFFFFFFFFFFFFFFFFFFF55
:200BC000FFFFFFFFFFFFFFFFFFFFFFFFFFFFFFFFFFFFFFFFFFFFFFFFFFFFFFFFFFFFFFFF35
:200BE000FFFFFFFFFFFFFFFFFFFFFFFFFFFFFFFFFFFFFFFFFFFFFFFFFFFFFFFFFFFFFFFF15
:200C0000FFFFFFFFFFFFFFFFFFFFFFFFFFFFFFFFFFFFFFFFFFFFFFFFFFFFFFFFFFFFFFFFF4
:200C2000FFFFFFFFFFFFFFFFFFFFFFFFFFFFFFFFFFFFFFFFFFFFFFFFFFFFFFFFFFFFFFFFD4
:200C4000FFFFFFFFFFFFFFFFFFFFFFFFFFFFFFFFFFFFFFFFFFFFFFFFFFFFFFFFFFFFFFFFB4
:200C6000FFFFFFFFFFFFFFFFFFFFFFFFFFFFFFFFFFFFFFFFFFFFFFFFFFFFFFFFFFFFFFFF94
:200C8000FFFFFFFFFFFFFFFFFFFFFFFFFFFFFFFFFFFFFFFFFFFFFFFFFFFFFFFFFFFFFFFF74
:200CA000FFFFFFFFFFFFFFFFFFFFFFFFFFFFFFFFFFFFFFFFFFFFFFFFFFFFFFFFFFFFFFFF54
:200CC000FFFFFFFFFFFFFFFFFFFFFFFFFFFFFFFFFFFFFFFFFFFFFFFFFFFFFFFFFFFFFFFF34
:200CE000FFFFFFFFFFFFFFFFFFFFFFFFFFFFFFFFFFFFFFFFFFFFFFFFFFFFFFFFFFFFFFFF14
:200D0000FFFFFFFFFFFFFFFFFFFFFFFFFFFFFFFFFFFFFFFFFFFFFFFFFFFFFFFFFFFFFFFFF3
:200D2000FFFFFFFFFFFFFFFFFFFFFFFFFFFFFFFFFFFFFFFFFFFFFFFFFFFFFFFFFFFFFFFFD3
:200D4000FFFFFFFFFFFFFFFFFFFFFFFFFFFFFFFFFFFFFFFFFFFFFFFFFFFFFFFFFFFFFFFFB3
:200D6000FFFFFFFFFFFFFFFFFFFFFFFFFFFFFFFFFFFFFFFFFFFFFFFFFFFFFFFFFFFFFFFF93
:200D8000FFFFFFFFFFFFFFFFFFFFFFFFFFFFFFFFFFFFFFFFFFFFFFFFFFFFFFFFFFFFFFFF73
:200DA000FFFFFFFFFFFFFFFFFFFFFFFFFFFFFFFFFFFFFFFFFFFFFFFFFFFFFFFFFFFFFFFF53
:200DC000FFFFFFFFFFFFFFFFFFFFFFFFFFFFFFFFFFFFFFFFFFFFFFFFFFFFFFFFFFFFFFFF33
:200DE000FFFFFFFFFFFFFFFFFFFFFFFFFFFFFFFFFFFFFFFFFFFFFFFFFFFFFFFFFFFFFFFF13
:200E0000FFFFFFFFFFFFFFFFFFFFFFFFFFFFFFFFFFFFFFFFFFFFFFFFFFFFFFFFFFFFFFFFF2
:200E2000FFFFFFFFFFFFFFFFFFFFFFFFFFFFFFFFFFFFFFFFFFFFFFFFFFFFFFFFFFFFFFFFD2
:200E4000FFFFFFFFFFFFFFFFFFFFFFFFFFFFFFFFFFFFFFFFFFFFFFFFFFFFFFFFFFFFFFFFB2
:200E6000FFFFFFFFFFFFFFFFFFFFFFFFFFFFFFFFFFFFFFFFFFFFFFFFFFFFFFFFFFFFFFFF92
:200E8000FFFFFFFFFFFFFFFFFFFFFFFFFFFFFFFFFFFFFFFFFFFFFFFFFFFFFFFFFFFFFFFF72
:200EA000FFFFFFFFFFFFFFFFFFFFFFFFFFFFFFFFFFFFFFFFFFFFFFFFFFFFFFFFFFFFFFFF52
:200EC000FFFFFFFFFFFFFFFFFFFFFFFFFFFFFFFFFFFFFFFFFFFFFFFFFFFFFFFFFFFFFFFF32
:200EE000FFFFFFFFFFFFFFFFFFFFFFFFFFFFFFFFFFFFFFFFFFFFFFFFFFFFFFFFFFFFFFFF12
:200F0000FFFFFFFFFFFFFFFFFFFFFFFFFFFFFFFFFFFFFFFFFFFFFFFFFFFFFFFFFFFFFFFFF1
:200F2000FFFFFFFFFFFFFFFFFFFFFFFFFFFFFFFFFFFFFFFFFFFFFFFFFFFFFFFFFFFFFFFFD1
:200F4000FFFFFFFFFFFFFFFFFFFFFFFFFFFFFFFFFFFFFFFFFFFFFFFFFFFFFFFFFFFFFFFFB1
:200F6000FFFFFFFFFFFFFFFFFFFFFFFFFFFFFFFFFFFFFFFFFFFFFFFFFFFFFFFFFFFFFFFF91
:200F8000FFFFFFFFFFFFFFFFFFFFFFFFFFFFFFFFFFFFFFFFFFFFFFFFFFFFFFFFFFFFFFFF71
:200FA000FFFFFFFFFFFFFFFFFFFFFFFFFFFFFFFFFFFFFFFFFFFFFFFFFFFFFFFFFFFFFFFF51
:200FC000FFFFFFFFFFFFFFFFFFFFFFFFFFFFFFFFFFFFFFFFFFFFFFFFFFFFFFFFFFFFFFFF31
:200FE000FFFFFFFFFFFFFFFFFFFFFFFFFFFFFFFFFFFFFFFFFFFFFFFFFFFFFFFFFFFFFFFF11
:20100000FFFFFFFFFFFFFFFFFFFFFFFFFFFFFFFFFFFFFFFFFFFFFFFFFFFFFFFFFFFFFFFFF0
:20102000FFFFFFFFFFFFFFFFFFFFFFFFFFFFFFFFFFFFFFFFFFFFFFFFFFFFFFFFFFFFFFFFD0
:20104000FFFFFFFFFFFFFFFFFFFFFFFFFFFFFFFFFFFFFFFFFFFFFFFFFFFFFFFFFFFFFFFFB0
:20106000FFFFFFFFFFFFFFFFFFFFFFFFFFFFFFFFFFFFFFFFFFFFFFFFFFFFFFFFFFFFFFFF90
:20108000FFFFFFFFFFFFFFFFFFFFFFFFFFFFFFFFFFFFFFFFFFFFFFFFFFFFFFFFFFFFFFFF70
:2010A000FFFFFFFFFFFFFFFFFFFFFFFFFFFFFFFFFFFFFFFFFFFFFFFFFFFFFFFFFFFFFFFF50
:2010C000FFFFFFFFFFFFFFFFFFFFFFFFFFFFFFFFFFFFFFFFFFFFFFFFFFFFFFFFFFFFFFFF30
:2010E000FFFFFFFFFFFFFFFFFFFFFFFFFFFFFFFFFFFFFFFFFFFFFFFFFFFFFFFFFFFFFFFF10
:20110000FFFFFFFFFFFFFFFFFFFFFFFFFFFFFFFFFFFFFFFFFFFFFFFFFFFFFFFFFFFFFFFFEF
:20112000FFFFFFFFFFFFFFFFFFFFFFFFFFFFFFFFFFFFFFFFFFFFFFFFFFFFFFFFFFFFFFFFCF
:20114000FFFFFFFFFFFFFFFFFFFFFFFFFFFFFFFFFFFFFFFFFFFFFFFFFFFFFFFFFFFFFFFFAF
:20116000FFFFFFFFFFFFFFFFFFFFFFFFFFFFFFFFFFFFFFFFFFFFFFFFFFFFFFFFFFFFFFFF8F
:20118000FFFFFFFFFFFFFFFFFFFFFFFFFFFFFFFFFFFFFFFFFFFFFFFFFFFFFFFFFFFFFFFF6F
:2011A000FFFFFFFFFFFFFFFFFFFFFFFFFFFFFFFFFFFFFFFFFFFFFFFFFFFFFFFFFFFFFFFF4F
:2011C000FFFFFFFFFFFFFFFFFFFFFFFFFFFFFFFFFFFFFFFFFFFFFFFFFFFFFFFFFFFFFFFF2F
:2011E000FFFFFFFFFFFFFFFFFFFFFFFFFFFFFFFFFFFFFFFFFFFFFFFFFFFFFFFFFFFFFFFF0F
:20120000FFFFFFFFFFFFFFFFFFFFFFFFFFFFFFFFFFFFFFFFFFFFFFFFFFFFFFFFFFFFFFFFEE
:20122000FFFFFFFFFFFFFFFFFFFFFFFFFFFFFFFFFFFFFFFFFFFFFFFFFFFFFFFFFFFFFFFFCE
:20124000FFFFFFFFFFFFFFFFFFFFFFFFFFFFFFFFFFFFFFFFFFFFFFFFFFFFFFFFFFFFFFFFAE
:20126000FFFFFFFFFFFFFFFFFFFFFFFFFFFFFFFFFFFFFFFFFFFFFFFFFFFFFFFFFFFFFFFF8E
:20128000FFFFFFFFFFFFFFFFFFFFFFFFFFFFFFFFFFFFFFFFFFFFFFFFFFFFFFFFFFFFFFFF6E
:2012A000FFFFFFFFFFFFFFFFFFFFFFFFFFFFFFFFFFFFFFFFFFFFFFFFFFFFFFFFFFFFFFFF4E
:2012C000FFFFFFFFFFFFFFFFFFFFFFFFFFFFFFFFFFFFFFFFFFFFFFFFFFFFFFFFFFFFFFFF2E
:2012E000FFFFFFFFFFFFFFFFFFFFFFFFFFFFFFFFFFFFFFFFFFFFFFFFFFFFFFFFFFFFFFFF0E
:20130000FFFFFFFFFFFFFFFFFFFFFFFFFFFFFFFFFFFFFFFFFFFFFFFFFFFFFFFFFFFFFFFFED
:20132000FFFFFFFFFFFFFFFFFFFFFFFFFFFFFFFFFFFFFFFFFFFFFFFFFFFFFFFFFFFFFFFFCD
:20134000FFFFFFFFFFFFFFFFFFFFFFFFFFFFFFFFFFFFFFFFFFFFFFFFFFFFFFFFFFFFFFFFAD
:20136000FFFFFFFFFFFFFFFFFFFFFFFFFFFFFFFFFFFFFFFFFFFFFFFFFFFFFFFFFFFFFFFF8D
:20138000FFFFFFFFFFFFFFFFFFFFFFFFFFFFFFFFFFFFFFFFFFFFFFFFFFFFFFFFFFFFFFFF6D
:2013A000FFFFFFFFFFFFFFFFFFFFFFFFFFFFFFFFFFFFFFFFFFFFFFFFFFFFFFFFFFFFFFFF4D
:2013C000FFFFFFFFFFFFFFFFFFFFFFFFFFFFFFFFFFFFFFFFFFFFFFFFFFFFFFFFFFFFFFFF2D
:2013E000FFFFFFFFFFFFFFFFFFFFFFFFFFFFFFFFFFFFFFFFFFFFFFFFFFFFFFFFFFFFFFFF0D
:20140000FFFFFFFFFFFFFFFFFFFFFFFFFFFFFFFFFFFFFFFFFFFFFFFFFFFFFFFFFFFFFFFFEC
:20142000FFFFFFFFFFFFFFFFFFFFFFFFFFFFFFFFFFFFFFFFFFFFFFFFFFFFFFFFFFFFFFFFCC
:20144000FFFFFFFFFFFFFFFFFFFFFFFFFFFFFFFFFFFFFFFFFFFFFFFFFFFFFFFFFFFFFFFFAC
:20146000FFFFFFFFFFFFFFFFFFFFFFFFFFFFFFFFFFFFFFFFFFFFFFFFFFFFFFFFFFFFFFFF8C
:20148000FFFFFFFFFFFFFFFFFFFFFFFFFFFFFFFFFFFFFFFFFFFFFFFFFFFFFFFFFFFFFFFF6C
:2014A000FFFFFFFFFFFFFFFFFFFFFFFFFFFFFFFFFFFFFFFFFFFFFFFFFFFFFFFFFFFFFFFF4C
:2014C000FFFFFFFFFFFFFFFFFFFFFFFFFFFFFFFFFFFFFFFFFFFFFFFFFFFFFFFFFFFFFFFF2C
:2014E000FFFFFFFFFFFFFFFFFFFFFFFFFFFFFFFFFFFFFFFFFFFFFFFFFFFFFFFFFFFFFFFF0C
:20150000FFFFFFFFFFFFFFFFFFFFFFFFFFFFFFFFFFFFFFFFFFFFFFFFFFFFFFFFFFFFFFFFEB
:20152000FFFFFFFFFFFFFFFFFFFFFFFFFFFFFFFFFFFFFFFFFFFFFFFFFFFFFFFFFFFFFFFFCB
:20154000FFFFFFFFFFFFFFFFFFFFFFFFFFFFFFFFFFFFFFFFFFFFFFFFFFFFFFFFFFFFFFFFAB
:20156000FFFFFFFFFFFFFFFFFFFFFFFFFFFFFFFFFFFFFFFFFFFFFFFFFFFFFFFFFFFFFFFF8B
:20158000FFFFFFFFFFFFFFFFFFFFFFFFFFFFFFFFFFFFFFFFFFFFFFFFFFFFFFFFFFFFFFFF6B
:2015A000FFFFFFFFFFFFFFFFFFFFFFFFFFFFFFFFFFFFFFFFFFFFFFFFFFFFFFFFFFFFFFFF4B
:2015C000FFFFFFFFFFFFFFFFFFFFFFFFFFFFFFFFFFFFFFFFFFFFFFFFFFFFFFFFFFFFFFFF2B
:2015E000FFFFFFFFFFFFFFFFFFFFFFFFFFFFFFFFFFFFFFFFFFFFFFFFFFFFFFFFFFFFFFFF0B
:20160000FFFFFFFFFFFFFFFFFFFFFFFFFFFFFFFFFFFFFFFFFFFFFFFFFFFFFFFFFFFFFFFFEA
:20162000FFFFFFFFFFFFFFFFFFFFFFFFFFFFFFFFFFFFFFFFFFFFFFFFFFFFFFFFFFFFFFFFCA
:20164000FFFFFFFFFFFFFFFFFFFFFFFFFFFFFFFFFFFFFFFFFFFFFFFFFFFFFFFFFFFFFFFFAA
:20166000FFFFFFFFFFFFFFFFFFFFFFFFFFFFFFFFFFFFFFFFFFFFFFFFFFFFFFFFFFFFFFFF8A
:20168000FFFFFFFFFFFFFFFFFFFFFFFFFFFFFFFFFFFFFFFFFFFFFFFFFFFFFFFFFFFFFFFF6A
:2016A000FFFFFFFFFFFFFFFFFFFFFFFFFFFFFFFFFFFFFFFFFFFFFFFFFFFFFFFFFFFFFFFF4A
:2016C000FFFFFFFFFFFFFFFFFFFFFFFFFFFFFFFFFFFFFFFFFFFFFFFFFFFFFFFFFFFFFFFF2A
:2016E000FFFFFFFFFFFFFFFFFFFFFFFFFFFFFFFFFFFFFFFFFFFFFFFFFFFFFFFFFFFFFFFF0A
:20170000FFFFFFFFFFFFFFFFFFFFFFFFFFFFFFFFFFFFFFFFFFFFFFFFFFFFFFFFFFFFFFFFE9
:20172000FFFFFFFFFFFFFFFFFFFFFFFFFFFFFFFFFFFFFFFFFFFFFFFFFFFFFFFFFFFFFFFFC9
:20174000FFFFFFFFFFFFFFFFFFFFFFFFFFFFFFFFFFFFFFFFFFFFFFFFFFFFFFFFFFFFFFFFA9
:20176000FFFFFFFFFFFFFFFFFFFFFFFFFFFFFFFFFFFFFFFFFFFFFFFFFFFFFFFFFFFFFFFF89
:20178000FFFFFFFFFFFFFFFFFFFFFFFFFFFFFFFFFFFFFFFFFFFFFFFFFFFFFFFFFFFFFFFF69
:2017A000FFFFFFFFFFFFFFFFFFFFFFFFFFFFFFFFFFFFFFFFFFFFFFFFFFFFFFFFFFFFFFFF49
:2017C000FFFFFFFFFFFFFFFFFFFFFFFFFFFFFFFFFFFFFFFFFFFFFFFFFFFFFFFFFFFFFFFF29
:2017E000FFFFFFFFFFFFFFFFFFFFFFFFFFFFFFFFFFFFFFFFFFFFFFFFFFFFFFFFFFFFFFFF09
:20180000FFFFFFFFFFFFFFFFFFFFFFFFFFFFFFFFFFFFFFFFFFFFFFFFFFFFFFFFFFFFFFFFE8
:20182000FFFFFFFFFFFFFFFFFFFFFFFFFFFFFFFFFFFFFFFFFFFFFFFFFFFFFFFFFFFFFFFFC8
:20184000FFFFFFFFFFFFFFFFFFFFFFFFFFFFFFFFFFFFFFFFFFFFFFFFFFFFFFFFFFFFFFFFA8
:20186000FFFFFFFFFFFFFFFFFFFFFFFFFFFFFFFFFFFFFFFFFFFFFFFFFFFFFFFFFFFFFFFF88
:20188000FFFFFFFFFFFFFFFFFFFFFFFFFFFFFFFFFFFFFFFFFFFFFFFFFFFFFFFFFFFFFFFF68
:2018A000FFFFFFFFFFFFFFFFFFFFFFFFFFFFFFFFFFFFFFFFFFFFFFFFFFFFFFFFFFFFFFFF48
:2018C000FFFFFFFFFFFFFFFFFFFFFFFFFFFFFFFFFFFFFFFFFFFFFFFFFFFFFFFFFFFFFFFF28
:2018E000FFFFFFFFFFFFFFFFFFFFFFFFFFFFFFFFFFFFFFFFFFFFFFFFFFFFFFFFFFFFFFFF08
:20190000FFFFFFFFFFFFFFFFFFFFFFFFFFFFFFFFFFFFFFFFFFFFFFFFFFFFFFFFFFFFFFFFE7
:20192000FFFFFFFFFFFFFFFFFFFFFFFFFFFFFFFFFFFFFFFFFFFFFFFFFFFFFFFFFFFFFFFFC7
:20194000FFFFFFFFFFFFFFFFFFFFFFFFFFFFFFFFFFFFFFFFFFFFFFFFFFFFFFFFFFFFFFFFA7
:20196000FFFFFFFFFFFFFFFFFFFFFFFFFFFFFFFFFFFFFFFFFFFFFFFFFFFFFFFFFFFFFFFF87
:20198000FFFFFFFFFFFFFFFFFFFFFFFFFFFFFFFFFFFFFFFFFFFFFFFFFFFFFFFFFFFFFFFF67
:2019A000FFFFFFFFFFFFFFFFFFFFFFFFFFFFFFFFFFFFFFFFFFFFFFFFFFFFFFFFFFFFFFFF47
:2019C000FFFFFFFFFFFFFFFFFFFFFFFFFFFFFFFFFFFFFFFFFFFFFFFFFFFFFFFFFFFFFFFF27
:2019E000FFFFFFFFFFFFFFFFFFFFFFFFFFFFFFFFFFFFFFFFFFFFFFFFFFFFFFFFFFFFFFFF07
:201A0000FFFFFFFFFFFFFFFFFFFFFFFFFFFFFFFFFFFFFFFFFFFFFFFFFFFFFFFFFFFFFFFFE6
:201A2000FFFFFFFFFFFFFFFFFFFFFFFFFFFFFFFFFFFFFFFFFFFFFFFFFFFFFFFFFFFFFFFFC6
:201A4000FFFFFFFFFFFFFFFFFFFFFFFFFFFFFFFFFFFFFFFFFFFFFFFFFFFFFFFFFFFFFFFFA6
:201A6000FFFFFFFFFFFFFFFFFFFFFFFFFFFFFFFFFFFFFFFFFFFFFFFFFFFFFFFFFFFFFFFF86
:201A8000FFFFFFFFFFFFFFFFFFFFFFFFFFFFFFFFFFFFFFFFFFFFFFFFFFFFFFFFFFFFFFFF66
:201AA000FFFFFFFFFFFFFFFFFFFFFFFFFFFFFFFFFFFFFFFFFFFFFFFFFFFFFFFFFFFFFFFF46
:201AC000FFFFFFFFFFFFFFFFFFFFFFFFFFFFFFFFFFFFFFFFFFFFFFFFFFFFFFFFFFFFFFFF26
:201AE000FFFFFFFFFFFFFFFFFFFFFFFFFFFFFFFFFFFFFFFFFFFFFFFFFFFFFFFFFFFFFFFF06
:201B0000FFFFFFFFFFFFFFFFFFFFFFFFFFFFFFFFFFFFFFFFFFFFFFFFFFFFFFFFFFFFFFFFE5
:201B2000FFFFFFFFFFFFFFFFFFFFFFFFFFFFFFFFFFFFFFFFFFFFFFFFFFFFFFFFFFFFFFFFC5
:201B4000FFFFFFFFFFFFFFFFFFFFFFFFFFFFFFFFFFFFFFFFFFFFFFFFFFFFFFFFFFFFFFFFA5
:201B6000FFFFFFFFFFFFFFFFFFFFFFFFFFFFFFFFFFFFFFFFFFFFFFFFFFFFFFFFFFFFFFFF85
:201B8000FFFFFFFFFFFFFFFFFFFFFFFFFFFFFFFFFFFFFFFFFFFFFFFFFFFFFFFFFFFFFFFF65
:201BA000FFFFFFFFFFFFFFFFFFFFFFFFFFFFFFFFFFFFFFFFFFFFFFFFFFFFFFFFFFFFFFFF45
:201BC000FFFFFFFFFFFFFFFFFFFFFFFFFFFFFFFFFFFFFFFFFFFFFFFFFFFFFFFFFFFFFFFF25
:201BE000FFFFFFFFFFFFFFFFFFFFFFFFFFFFFFFFFFFFFFFFFFFFFFFFFFFFFFFFFFFFFFFF05
:201C0000FFFFFFFFFFFFFFFFFFFFFFFFFFFFFFFFFFFFFFFFFFFFFFFFFFFFFFFFFFFFFFFFE4
:201C2000FFFFFFFFFFFFFFFFFFFFFFFFFFFFFFFFFFFFFFFFFFFFFFFFFFFFFFFFFFFFFFFFC4
:201C4000FFFFFFFFFFFFFFFFFFFFFFFFFFFFFFFFFFFFFFFFFFFFFFFFFFFFFFFFFFFFFFFFA4
:201C6000FFFFFFFFFFFFFFFFFFFFFFFFFFFFFFFFFFFFFFFFFFFFFFFFFFFFFFFFFFFFFFFF84
:201C8000FFFFFFFFFFFFFFFFFFFFFFFFFFFFFFFFFFFFFFFFFFFFFFFFFFFFFFFFFFFFFFFF64
:201CA000FFFFFFFFFFFFFFFFFFFFFFFFFFFFFFFFFFFFFFFFFFFFFFFFFFFFFFFFFFFFFFFF44
:201CC000FFFFFFFFFFFFFFFFFFFFFFFFFFFFFFFFFFFFFFFFFFFFFFFFFFFFFFFFFFFFFFFF24
:201CE000FFFFFFFFFFFFFFFFFFFFFFFFFFFFFFFFFFFFFFFFFFFFFFFFFFFFFFFFFFFFFFFF04
:201D0000FFFFFFFFFFFFFFFFFFFFFFFFFFFFFFFFFFFFFFFFFFFFFFFFFFFFFFFFFFFFFFFFE3
:201D2000FFFFFFFFFFFFFFFFFFFFFFFFFFFFFFFFFFFFFFFFFFFFFFFFFFFFFFFFFFFFFFFFC3
:201D4000FFFFFFFFFFFFFFFFFFFFFFFFFFFFFFFFFFFFFFFFFFFFFFFFFFFFFFFFFFFFFFFFA3
:201D6000FFFFFFFFFFFFFFFFFFFFFFFFFFFFFFFFFFFFFFFFFFFFFFFFFFFFFFFFFFFFFFFF83
:201D8000FFFFFFFFFFFFFFFFFFFFFFFFFFFFFFFFFFFFFFFFFFFFFFFFFFFFFFFFFFFFFFFF63
:201DA000FFFFFFFFFFFFFFFFFFFFFFFFFFFFFFFFFFFFFFFFFFFFFFFFFFFFFFFFFFFFFFFF43
:201DC000FFFFFFFFFFFFFFFFFFFFFFFFFFFFFFFFFFFFFFFFFFFFFFFFFFFFFFFFFFFFFFFF23
:201DE000FFFFFFFFFFFFFFFFFFFFFFFFFFFFFFFFFFFFFFFFFFFFFFFFFFFFFFFFFFFFFFFF03
:201E0000FFFFFFFFFFFFFFFFFFFFFFFFFFFFFFFFFFFFFFFFFFFFFFFFFFFFFFFFFFFFFFFFE2
:201E2000FFFFFFFFFFFFFFFFFFFFFFFFFFFFFFFFFFFFFFFFFFFFFFFFFFFFFFFFFFFFFFFFC2
:201E4000FFFFFFFFFFFFFFFFFFFFFFFFFFFFFFFFFFFFFFFFFFFFFFFFFFFFFFFFFFFFFFFFA2
:201E6000FFFFFFFFFFFFFFFFFFFFFFFFFFFFFFFFFFFFFFFFFFFFFFFFFFFFFFFFFFFFFFFF82
:201E8000FFFFFFFFFFFFFFFFFFFFFFFFFFFFFFFFFFFFFFFFFFFFFFFFFFFFFFFFFFFFFFFF62
:201EA000FFFFFFFFFFFFFFFFFFFFFFFFFFFFFFFFFFFFFFFFFFFFFFFFFFFFFFFFFFFFFFFF42
:201EC000FFFFFFFFFFFFFFFFFFFFFFFFFFFFFFFFFFFFFFFFFFFFFFFFFFFFFFFFFFFFFFFF22
:201EE000FFFFFFFFFFFFFFFFFFFFFFFFFFFFFFFFFFFFFFFFFFFFFFFFFFFFFFFFFFFFFFFF02
:201F0000FFFFFFFFFFFFFFFFFFFFFFFFFFFFFFFFFFFFFFFFFFFFFFFFFFFFFFFFFFFFFFFFE1
:201F2000FFFFFFFFFFFFFFFFFFFFFFFFFFFFFFFFFFFFFFFFFFFFFFFFFFFFFFFFFFFFFFFFC1
:201F4000FFFFFFFFFFFFFFFFFFFFFFFFFFFFFFFFFFFFFFFFFFFFFFFFFFFFFFFFFFFFFFFFA1
:201F6000FFFFFFFFFFFFFFFFFFFFFFFFFFFFFFFFFFFFFFFFFFFFFFFFFFFFFFFFFFFFFFFF81
:201F8000FFFFFFFFFFFFFFFFFFFFFFFFFFFFFFFFFFFFFFFFFFFFFFFFFFFFFFFFFFFFFFFF61
:201FA000FFFFFFFFFFFFFFFFFFFFFFFFFFFFFFFFFFFFFFFFFFFFFFFFFFFFFFFFFFFFFFFF41
:201FC000FFFFFFFFFFFFFFFFFFFFFFFFFFFFFFFFFFFFFFFFFFFFFFFFFFFFFFFFFFFFFFFF21
:201FE000FFFFFFFFFFFFFFFFFFFFFFFFFFFFFFFFFFFFFFFFFFFFFFFFFFFFFFFFFFFFFFFF01
:20200000FFFFFFFFFFFFFFFFFFFFFFFFFFFFFFFFFFFFFFFFFFFFFFFFFFFFFFFFFFFFFFFFE0
:20202000FFFFFFFFFFFFFFFFFFFFFFFFFFFFFFFFFFFFFFFFFFFFFFFFFFFFFFFFFFFFFFFFC0
:20204000FFFFFFFFFFFFFFFFFFFFFFFFFFFFFFFFFFFFFFFFFFFFFFFFFFFFFFFFFFFFFFFFA0
:20206000FFFFFFFFFFFFFFFFFFFFFFFFFFFFFFFFFFFFFFFFFFFFFFFFFFFFFFFFFFFFFFFF80
:20208000FFFFFFFFFFFFFFFFFFFFFFFFFFFFFFFFFFFFFFFFFFFFFFFFFFFFFFFFFFFFFFFF60
:2020A000FFFFFFFFFFFFFFFFFFFFFFFFFFFFFFFFFFFFFFFFFFFFFFFFFFFFFFFFFFFFFFFF40
:2020C000FFFFFFFFFFFFFFFFFFFFFFFFFFFFFFFFFFFFFFFFFFFFFFFFFFFFFFFFFFFFFFFF20
:2020E000FFFFFFFFFFFFFFFFFFFFFFFFFFFFFFFFFFFFFFFFFFFFFFFFFFFFFFFFFFFFFFFF00
:20210000FFFFFFFFFFFFFFFFFFFFFFFFFFFFFFFFFFFFFFFFFFFFFFFFFFFFFFFFFFFFFFFFDF
:20212000FFFFFFFFFFFFFFFFFFFFFFFFFFFFFFFFFFFFFFFFFFFFFFFFFFFFFFFFFFFFFFFFBF
:20214000FFFFFFFFFFFFFFFFFFFFFFFFFFFFFFFFFFFFFFFFFFFFFFFFFFFFFFFFFFFFFFFF9F
:20216000FFFFFFFFFFFFFFFFFFFFFFFFFFFFFFFFFFFFFFFFFFFFFFFFFFFFFFFFFFFFFFFF7F
:20218000FFFFFFFFFFFFFFFFFFFFFFFFFFFFFFFFFFFFFFFFFFFFFFFFFFFFFFFFFFFFFFFF5F
:2021A000FFFFFFFFFFFFFFFFFFFFFFFFFFFFFFFFFFFFFFFFFFFFFFFFFFFFFFFFFFFFFFFF3F
:2021C000FFFFFFFFFFFFFFFFFFFFFFFFFFFFFFFFFFFFFFFFFFFFFFFFFFFFFFFFFFFFFFFF1F
:2021E000FFFFFFFFFFFFFFFFFFFFFFFFFFFFFFFFFFFFFFFFFFFFFFFFFFFFFFFFFFFFFFFFFF
:20220000FFFFFFFFFFFFFFFFFFFFFFFFFFFFFFFFFFFFFFFFFFFFFFFFFFFFFFFFFFFFFFFFDE
:20222000FFFFFFFFFFFFFFFFFFFFFFFFFFFFFFFFFFFFFFFFFFFFFFFFFFFFFFFFFFFFFFFFBE
:20224000FFFFFFFFFFFFFFFFFFFFFFFFFFFFFFFFFFFFFFFFFFFFFFFFFFFFFFFFFFFFFFFF9E
:20226000FFFFFFFFFFFFFFFFFFFFFFFFFFFFFFFFFFFFFFFFFFFFFFFFFFFFFFFFFFFFFFFF7E
:20228000FFFFFFFFFFFFFFFFFFFFFFFFFFFFFFFFFFFFFFFFFFFFFFFFFFFFFFFFFFFFFFFF5E
:2022A000FFFFFFFFFFFFFFFFFFFFFFFFFFFFFFFFFFFFFFFFFFFFFFFFFFFFFFFFFFFFFFFF3E
:2022C000FFFFFFFFFFFFFFFFFFFFFFFFFFFFFFFFFFFFFFFFFFFFFFFFFFFFFFFFFFFFFFFF1E
:2022E000FFFFFFFFFFFFFFFFFFFFFFFFFFFFFFFFFFFFFFFFFFFFFFFFFFFFFFFFFFFFFFFFFE
:20230000FFFFFFFFFFFFFFFFFFFFFFFFFFFFFFFFFFFFFFFFFFFFFFFFFFFFFFFFFFFFFFFFDD
:20232000FFFFFFFFFFFFFFFFFFFFFFFFFFFFFFFFFFFFFFFFFFFFFFFFFFFFFFFFFFFFFFFFBD
:20234000FFFFFFFFFFFFFFFFFFFFFFFFFFFFFFFFFFFFFFFFFFFFFFFFFFFFFFFFFFFFFFFF9D
:20236000FFFFFFFFFFFFFFFFFFFFFFFFFFFFFFFFFFFFFFFFFFFFFFFFFFFFFFFFFFFFFFFF7D
:20238000FFFFFFFFFFFFFFFFFFFFFFFFFFFFFFFFFFFFFFFFFFFFFFFFFFFFFFFFFFFFFFFF5D
:2023A000FFFFFFFFFFFFFFFFFFFFFFFFFFFFFFFFFFFFFFFFFFFFFFFFFFFFFFFFFFFFFFFF3D
:2023C000FFFFFFFFFFFFFFFFFFFFFFFFFFFFFFFFFFFFFFFFFFFFFFFFFFFFFFFFFFFFFFFF1D
:2023E000FFFFFFFFFFFFFFFFFFFFFFFFFFFFFFFFFFFFFFFFFFFFFFFFFFFFFFFFFFFFFFFFFD
:20240000FFFFFFFFFFFFFFFFFFFFFFFFFFFFFFFFFFFFFFFFFFFFFFFFFFFFFFFFFFFFFFFFDC
:20242000FFFFFFFFFFFFFFFFFFFFFFFFFFFFFFFFFFFFFFFFFFFFFFFFFFFFFFFFFFFFFFFFBC
:20244000FFFFFFFFFFFFFFFFFFFFFFFFFFFFFFFFFFFFFFFFFFFFFFFFFFFFFFFFFFFFFFFF9C
:20246000FFFFFFFFFFFFFFFFFFFFFFFFFFFFFFFFFFFFFFFFFFFFFFFFFFFFFFFFFFFFFFFF7C
:20248000FFFFFFFFFFFFFFFFFFFFFFFFFFFFFFFFFFFFFFFFFFFFFFFFFFFFFFFFFFFFFFFF5C
:2024A000FFFFFFFFFFFFFFFFFFFFFFFFFFFFFFFFFFFFFFFFFFFFFFFFFFFFFFFFFFFFFFFF3C
:2024C000FFFFFFFFFFFFFFFFFFFFFFFFFFFFFFFFFFFFFFFFFFFFFFFFFFFFFFFFFFFFFFFF1C
:2024E000FFFFFFFFFFFFFFFFFFFFFFFFFFFFFFFFFFFFFFFFFFFFFFFFFFFFFFFFFFFFFFFFFC
:20250000FFFFFFFFFFFFFFFFFFFFFFFFFFFFFFFFFFFFFFFFFFFFFFFFFFFFFFFFFFFFFFFFDB
:20252000FFFFFFFFFFFFFFFFFFFFFFFFFFFFFFFFFFFFFFFFFFFFFFFFFFFFFFFFFFFFFFFFBB
:20254000FFFFFFFFFFFFFFFFFFFFFFFFFFFFFFFFFFFFFFFFFFFFFFFFFFFFFFFFFFFFFFFF9B
:20256000FFFFFFFFFFFFFFFFFFFFFFFFFFFFFFFFFFFFFFFFFFFFFFFFFFFFFFFFFFFFFFFF7B
:20258000FFFFFFFFFFFFFFFFFFFFFFFFFFFFFFFFFFFFFFFFFFFFFFFFFFFFFFFFFFFFFFFF5B
:2025A000FFFFFFFFFFFFFFFFFFFFFFFFFFFFFFFFFFFFFFFFFFFFFFFFFFFFFFFFFFFFFFFF3B
:2025C000FFFFFFFFFFFFFFFFFFFFFFFFFFFFFFFFFFFFFFFFFFFFFFFFFFFFFFFFFFFFFFFF1B
:2025E000FFFFFFFFFFFFFFFFFFFFFFFFFFFFFFFFFFFFFFFFFFFFFFFFFFFFFFFFFFFFFFFFFB
:20260000FFFFFFFFFFFFFFFFFFFFFFFFFFFFFFFFFFFFFFFFFFFFFFFFFFFFFFFFFFFFFFFFDA
:20262000FFFFFFFFFFFFFFFFFFFFFFFFFFFFFFFFFFFFFFFFFFFFFFFFFFFFFFFFFFFFFFFFBA
:20264000FFFFFFFFFFFFFFFFFFFFFFFFFFFFFFFFFFFFFFFFFFFFFFFFFFFFFFFFFFFFFFFF9A
:20266000FFFFFFFFFFFFFFFFFFFFFFFFFFFFFFFFFFFFFFFFFFFFFFFFFFFFFFFFFFFFFFFF7A
:20268000FFFFFFFFFFFFFFFFFFFFFFFFFFFFFFFFFFFFFFFFFFFFFFFFFFFFFFFFFFFFFFFF5A
:2026A000FFFFFFFFFFFFFFFFFFFFFFFFFFFFFFFFFFFFFFFFFFFFFFFFFFFFFFFFFFFFFFFF3A
:2026C000FFFFFFFFFFFFFFFFFFFFFFFFFFFFFFFFFFFFFFFFFFFFFFFFFFFFFFFFFFFFFFFF1A
:2026E000FFFFFFFFFFFFFFFFFFFFFFFFFFFFFFFFFFFFFFFFFFFFFFFFFFFFFFFFFFFFFFFFFA
:20270000FFFFFFFFFFFFFFFFFFFFFFFFFFFFFFFFFFFFFFFFFFFFFFFFFFFFFFFFFFFFFFFFD9
:20272000FFFFFFFFFFFFFFFFFFFFFFFFFFFFFFFFFFFFFFFFFFFFFFFFFFFFFFFFFFFFFFFFB9
:20274000FFFFFFFFFFFFFFFFFFFFFFFFFFFFFFFFFFFFFFFFFFFFFFFFFFFFFFFFFFFFFFFF99
:20276000FFFFFFFFFFFFFFFFFFFFFFFFFFFFFFFFFFFFFFFFFFFFFFFFFFFFFFFFFFFFFFFF79
:20278000FFFFFFFFFFFFFFFFFFFFFFFFFFFFFFFFFFFFFFFFFFFFFFFFFFFFFFFFFFFFFFFF59
:2027A000FFFFFFFFFFFFFFFFFFFFFFFFFFFFFFFFFFFFFFFFFFFFFFFFFFFFFFFFFFFFFFFF39
:2027C000FFFFFFFFFFFFFFFFFFFFFFFFFFFFFFFFFFFFFFFFFFFFFFFFFFFFFFFFFFFFFFFF19
:2027E000FFFFFFFFFFFFFFFFFFFFFFFFFFFFFFFFFFFFFFFFFFFFFFFFFFFFFFFFFFFFFFFFF9
:20280000FFFFFFFFFFFFFFFFFFFFFFFFFFFFFFFFFFFFFFFFFFFFFFFFFFFFFFFFFFFFFFFFD8
:20282000FFFFFFFFFFFFFFFFFFFFFFFFFFFFFFFFFFFFFFFFFFFFFFFFFFFFFFFFFFFFFFFFB8
:20284000FFFFFFFFFFFFFFFFFFFFFFFFFFFFFFFFFFFFFFFFFFFFFFFFFFFFFFFFFFFFFFFF98
:20286000FFFFFFFFFFFFFFFFFFFFFFFFFFFFFFFFFFFFFFFFFFFFFFFFFFFFFFFFFFFFFFFF78
:20288000FFFFFFFFFFFFFFFFFFFFFFFFFFFFFFFFFFFFFFFFFFFFFFFFFFFFFFFFFFFFFFFF58
:2028A000FFFFFFFFFFFFFFFFFFFFFFFFFFFFFFFFFFFFFFFFFFFFFFFFFFFFFFFFFFFFFFFF38
:2028C000FFFFFFFFFFFFFFFFFFFFFFFFFFFFFFFFFFFFFFFFFFFFFFFFFFFFFFFFFFFFFFFF18
:2028E000FFFFFFFFFFFFFFFFFFFFFFFFFFFFFFFFFFFFFFFFFFFFFFFFFFFFFFFFFFFFFFFFF8
:20290000FFFFFFFFFFFFFFFFFFFFFFFFFFFFFFFFFFFFFFFFFFFFFFFFFFFFFFFFFFFFFFFFD7
:20292000FFFFFFFFFFFFFFFFFFFFFFFFFFFFFFFFFFFFFFFFFFFFFFFFFFFFFFFFFFFFFFFFB7
:20294000FFFFFFFFFFFFFFFFFFFFFFFFFFFFFFFFFFFFFFFFFFFFFFFFFFFFFFFFFFFFFFFF97
:20296000FFFFFFFFFFFFFFFFFFFFFFFFFFFFFFFFFFFFFFFFFFFFFFFFFFFFFFFFFFFFFFFF77
:20298000FFFFFFFFFFFFFFFFFFFFFFFFFFFFFFFFFFFFFFFFFFFFFFFFFFFFFFFFFFFFFFFF57
:2029A000FFFFFFFFFFFFFFFFFFFFFFFFFFFFFFFFFFFFFFFFFFFFFFFFFFFFFFFFFFFFFFFF37
:2029C000FFFFFFFFFFFFFFFFFFFFFFFFFFFFFFFFFFFFFFFFFFFFFFFFFFFFFFFFFFFFFFFF17
:2029E000FFFFFFFFFFFFFFFFFFFFFFFFFFFFFFFFFFFFFFFFFFFFFFFFFFFFFFFFFFFFFFFFF7
:202A0000FFFFFFFFFFFFFFFFFFFFFFFFFFFFFFFFFFFFFFFFFFFFFFFFFFFFFFFFFFFFFFFFD6
:202A2000FFFFFFFFFFFFFFFFFFFFFFFFFFFFFFFFFFFFFFFFFFFFFFFFFFFFFFFFFFFFFFFFB6
:202A4000FFFFFFFFFFFFFFFFFFFFFFFFFFFFFFFFFFFFFFFFFFFFFFFFFFFFFFFFFFFFFFFF96
:202A6000FFFFFFFFFFFFFFFFFFFFFFFFFFFFFFFFFFFFFFFFFFFFFFFFFFFFFFFFFFFFFFFF76
:202A8000FFFFFFFFFFFFFFFFFFFFFFFFFFFFFFFFFFFFFFFFFFFFFFFFFFFFFFFFFFFFFFFF56
:202AA000FFFFFFFFFFFFFFFFFFFFFFFFFFFFFFFFFFFFFFFFFFFFFFFFFFFFFFFFFFFFFFFF36
:202AC000FFFFFFFFFFFFFFFFFFFFFFFFFFFFFFFFFFFFFFFFFFFFFFFFFFFFFFFFFFFFFFFF16
:202AE000FFFFFFFFFFFFFFFFFFFFFFFFFFFFFFFFFFFFFFFFFFFFFFFFFFFFFFFFFFFFFFFFF6
:202B0000FFFFFFFFFFFFFFFFFFFFFFFFFFFFFFFFFFFFFFFFFFFFFFFFFFFFFFFFFFFFFFFFD5
:202B2000FFFFFFFFFFFFFFFFFFFFFFFFFFFFFFFFFFFFFFFFFFFFFFFFFFFFFFFFFFFFFFFFB5
:202B4000FFFFFFFFFFFFFFFFFFFFFFFFFFFFFFFFFFFFFFFFFFFFFFFFFFFFFFFFFFFFFFFF95
:202B6000FFFFFFFFFFFFFFFFFFFFFFFFFFFFFFFFFFFFFFFFFFFFFFFFFFFFFFFFFFFFFFFF75
:202B8000FFFFFFFFFFFFFFFFFFFFFFFFFFFFFFFFFFFFFFFFFFFFFFFFFFFFFFFFFFFFFFFF55
:202BA000FFFFFFFFFFFFFFFFFFFFFFFFFFFFFFFFFFFFFFFFFFFFFFFFFFFFFFFFFFFFFFFF35
:202BC000FFFFFFFFFFFFFFFFFFFFFFFFFFFFFFFFFFFFFFFFFFFFFFFFFFFFFFFFFFFFFFFF15
:202BE000FFFFFFFFFFFFFFFFFFFFFFFFFFFFFFFFFFFFFFFFFFFFFFFFFFFFFFFFFFFFFFFFF5
:202C0000FFFFFFFFFFFFFFFFFFFFFFFFFFFFFFFFFFFFFFFFFFFFFFFFFFFFFFFFFFFFFFFFD4
:202C2000FFFFFFFFFFFFFFFFFFFFFFFFFFFFFFFFFFFFFFFFFFFFFFFFFFFFFFFFFFFFFFFFB4
:202C4000FFFFFFFFFFFFFFFFFFFFFFFFFFFFFFFFFFFFFFFFFFFFFFFFFFFFFFFFFFFFFFFF94
:202C6000FFFFFFFFFFFFFFFFFFFFFFFFFFFFFFFFFFFFFFFFFFFFFFFFFFFFFFFFFFFFFFFF74
:202C8000FFFFFFFFFFFFFFFFFFFFFFFFFFFFFFFFFFFFFFFFFFFFFFFFFFFFFFFFFFFFFFFF54
:202CA000FFFFFFFFFFFFFFFFFFFFFFFFFFFFFFFFFFFFFFFFFFFFFFFFFFFFFFFFFFFFFFFF34
:202CC000FFFFFFFFFFFFFFFFFFFFFFFFFFFFFFFFFFFFFFFFFFFFFFFFFFFFFFFFFFFFFFFF14
:202CE000FFFFFFFFFFFFFFFFFFFFFFFFFFFFFFFFFFFFFFFFFFFFFFFFFFFFFFFFFFFFFFFFF4
:202D0000FFFFFFFFFFFFFFFFFFFFFFFFFFFFFFFFFFFFFFFFFFFFFFFFFFFFFFFFFFFFFFFFD3
:202D2000FFFFFFFFFFFFFFFFFFFFFFFFFFFFFFFFFFFFFFFFFFFFFFFFFFFFFFFFFFFFFFFFB3
:202D4000FFFFFFFFFFFFFFFFFFFFFFFFFFFFFFFFFFFFFFFFFFFFFFFFFFFFFFFFFFFFFFFF93
:202D6000FFFFFFFFFFFFFFFFFFFFFFFFFFFFFFFFFFFFFFFFFFFFFFFFFFFFFFFFFFFFFFFF73
:202D8000FFFFFFFFFFFFFFFFFFFFFFFFFFFFFFFFFFFFFFFFFFFFFFFFFFFFFFFFFFFFFFFF53
:202DA000FFFFFFFFFFFFFFFFFFFFFFFFFFFFFFFFFFFFFFFFFFFFFFFFFFFFFFFFFFFFFFFF33
:202DC000FFFFFFFFFFFFFFFFFFFFFFFFFFFFFFFFFFFFFFFFFFFFFFFFFFFFFFFFFFFFFFFF13
:202DE000FFFFFFFFFFFFFFFFFFFFFFFFFFFFFFFFFFFFFFFFFFFFFFFFFFFFFFFFFFFFFFFFF3
:202E0000FFFFFFFFFFFFFFFFFFFFFFFFFFFFFFFFFFFFFFFFFFFFFFFFFFFFFFFFFFFFFFFFD2
:202E2000FFFFFFFFFFFFFFFFFFFFFFFFFFFFFFFFFFFFFFFFFFFFFFFFFFFFFFFFFFFFFFFFB2
:202E4000FFFFFFFFFFFFFFFFFFFFFFFFFFFFFFFFFFFFFFFFFFFFFFFFFFFFFFFFFFFFFFFF92
:202E6000FFFFFFFFFFFFFFFFFFFFFFFFFFFFFFFFFFFFFFFFFFFFFFFFFFFFFFFFFFFFFFFF72
:202E8000FFFFFFFFFFFFFFFFFFFFFFFFFFFFFFFFFFFFFFFFFFFFFFFFFFFFFFFFFFFFFFFF52
:202EA000FFFFFFFFFFFFFFFFFFFFFFFFFFFFFFFFFFFFFFFFFFFFFFFFFFFFFFFFFFFFFFFF32
:202EC000FFFFFFFFFFFFFFFFFFFFFFFFFFFFFFFFFFFFFFFFFFFFFFFFFFFFFFFFFFFFFFFF12
:202EE000FFFFFFFFFFFFFFFFFFFFFFFFFFFFFFFFFFFFFFFFFFFFFFFFFFFFFFFFFFFFFFFFF2
:202F0000FFFFFFFFFFFFFFFFFFFFFFFFFFFFFFFFFFFFFFFFFFFFFFFFFFFFFFFFFFFFFFFFD1
:202F2000FFFFFFFFFFFFFFFFFFFFFFFFFFFFFFFFFFFFFFFFFFFFFFFFFFFFFFFFFFFFFFFFB1
:202F4000FFFFFFFFFFFFFFFFFFFFFFFFFFFFFFFFFFFFFFFFFFFFFFFFFFFFFFFFFFFFFFFF91
:202F6000FFFFFFFFFFFFFFFFFFFFFFFFFFFFFFFFFFFFFFFFFFFFFFFFFFFFFFFFFFFFFFFF71
:202F8000FFFFFFFFFFFFFFFFFFFFFFFFFFFFFFFFFFFFFFFFFFFFFFFFFFFFFFFFFFFFFFFF51
:202FA000FFFFFFFFFFFFFFFFFFFFFFFFFFFFFFFFFFFFFFFFFFFFFFFFFFFFFFFFFFFFFFFF31
:202FC000FFFFFFFFFFFFFFFFFFFFFFFFFFFFFFFFFFFFFFFFFFFFFFFFFFFFFFFFFFFFFFFF11
:202FE000FFFFFFFFFFFFFFFFFFFFFFFFFFFFFFFFFFFFFFFFFFFFFFFFFFFFFFFFFFFFFFFFF1
:20300000FFFFFFFFFFFFFFFFFFFFFFFFFFFFFFFFFFFFFFFFFFFFFFFFFFFFFFFFFFFFFFFFD0
:20302000FFFFFFFFFFFFFFFFFFFFFFFFFFFFFFFFFFFFFFFFFFFFFFFFFFFFFFFFFFFFFFFFB0
:20304000FFFFFFFFFFFFFFFFFFFFFFFFFFFFFFFFFFFFFFFFFFFFFFFFFFFFFFFFFFFFFFFF90
:20306000FFFFFFFFFFFFFFFFFFFFFFFFFFFFFFFFFFFFFFFFFFFFFFFFFFFFFFFFFFFFFFFF70
:20308000FFFFFFFFFFFFFFFFFFFFFFFFFFFFFFFFFFFFFFFFFFFFFFFFFFFFFFFFFFFFFFFF50
:2030A000FFFFFFFFFFFFFFFFFFFFFFFFFFFFFFFFFFFFFFFFFFFFFFFFFFFFFFFFFFFFFFFF30
:2030C000FFFFFFFFFFFFFFFFFFFFFFFFFFFFFFFFFFFFFFFFFFFFFFFFFFFFFFFFFFFFFFFF10
:2030E000FFFFFFFFFFFFFFFFFFFFFFFFFFFFFFFFFFFFFFFFFFFFFFFFFFFFFFFFFFFFFFFFF0
:20310000FFFFFFFFFFFFFFFFFFFFFFFFFFFFFFFFFFFFFFFFFFFFFFFFFFFFFFFFFFFFFFFFCF
:20312000FFFFFFFFFFFFFFFFFFFFFFFFFFFFFFFFFFFFFFFFFFFFFFFFFFFFFFFFFFFFFFFFAF
:20314000FFFFFFFFFFFFFFFFFFFFFFFFFFFFFFFFFFFFFFFFFFFFFFFFFFFFFFFFFFFFFFFF8F
:20316000FFFFFFFFFFFFFFFFFFFFFFFFFFFFFFFFFFFFFFFFFFFFFFFFFFFFFFFFFFFFFFFF6F
:20318000FFFFFFFFFFFFFFFFFFFFFFFFFFFFFFFFFFFFFFFFFFFFFFFFFFFFFFFFFFFFFFFF4F
:2031A000FFFFFFFFFFFFFFFFFFFFFFFFFFFFFFFFFFFFFFFFFFFFFFFFFFFFFFFFFFFFFFFF2F
:2031C000FFFFFFFFFFFFFFFFFFFFFFFFFFFFFFFFFFFFFFFFFFFFFFFFFFFFFFFFFFFFFFFF0F
:2031E000FFFFFFFFFFFFFFFFFFFFFFFFFFFFFFFFFFFFFFFFFFFFFFFFFFFFFFFFFFFFFFFFEF
:20320000FFFFFFFFFFFFFFFFFFFFFFFFFFFFFFFFFFFFFFFFFFFFFFFFFFFFFFFFFFFFFFFFCE
:20322000FFFFFFFFFFFFFFFFFFFFFFFFFFFFFFFFFFFFFFFFFFFFFFFFFFFFFFFFFFFFFFFFAE
:20324000FFFFFFFFFFFFFFFFFFFFFFFFFFFFFFFFFFFFFFFFFFFFFFFFFFFFFFFFFFFFFFFF8E
:20326000FFFFFFFFFFFFFFFFFFFFFFFFFFFFFFFFFFFFFFFFFFFFFFFFFFFFFFFFFFFFFFFF6E
:20328000FFFFFFFFFFFFFFFFFFFFFFFFFFFFFFFFFFFFFFFFFFFFFFFFFFFFFFFFFFFFFFFF4E
:2032A000FFFFFFFFFFFFFFFFFFFFFFFFFFFFFFFFFFFFFFFFFFFFFFFFFFFFFFFFFFFFFFFF2E
:2032C000FFFFFFFFFFFFFFFFFFFFFFFFFFFFFFFFFFFFFFFFFFFFFFFFFFFFFFFFFFFFFFFF0E
:2032E000FFFFFFFFFFFFFFFFFFFFFFFFFFFFFFFFFFFFFFFFFFFFFFFFFFFFFFFFFFFFFFFFEE
:20330000FFFFFFFFFFFFFFFFFFFFFFFFFFFFFFFFFFFFFFFFFFFFFFFFFFFFFFFFFFFFFFFFCD
:20332000FFFFFFFFFFFFFFFFFFFFFFFFFFFFFFFFFFFFFFFFFFFFFFFFFFFFFFFFFFFFFFFFAD
:20334000FFFFFFFFFFFFFFFFFFFFFFFFFFFFFFFFFFFFFFFFFFFFFFFFFFFFFFFFFFFFFFFF8D
:20336000FFFFFFFFFFFFFFFFFFFFFFFFFFFFFFFFFFFFFFFFFFFFFFFFFFFFFFFFFFFFFFFF6D
:20338000FFFFFFFFFFFFFFFFFFFFFFFFFFFFFFFFFFFFFFFFFFFFFFFFFFFFFFFFFFFFFFFF4D
:2033A000FFFFFFFFFFFFFFFFFFFFFFFFFFFFFFFFFFFFFFFFFFFFFFFFFFFFFFFFFFFFFFFF2D
:2033C000FFFFFFFFFFFFFFFFFFFFFFFFFFFFFFFFFFFFFFFFFFFFFFFFFFFFFFFFFFFFFFFF0D
:2033E000FFFFFFFFFFFFFFFFFFFFFFFFFFFFFFFFFFFFFFFFFFFFFFFFFFFFFFFFFFFFFFFFED
:20340000FFFFFFFFFFFFFFFFFFFFFFFFFFFFFFFFFFFFFFFFFFFFFFFFFFFFFFFFFFFFFFFFCC
:20342000FFFFFFFFFFFFFFFFFFFFFFFFFFFFFFFFFFFFFFFFFFFFFFFFFFFFFFFFFFFFFFFFAC
:20344000FFFFFFFFFFFFFFFFFFFFFFFFFFFFFFFFFFFFFFFFFFFFFFFFFFFFFFFFFFFFFFFF8C
:20346000FFFFFFFFFFFFFFFFFFFFFFFFFFFFFFFFFFFFFFFFFFFFFFFFFFFFFFFFFFFFFFFF6C
:20348000FFFFFFFFFFFFFFFFFFFFFFFFFFFFFFFFFFFFFFFFFFFFFFFFFFFFFFFFFFFFFFFF4C
:2034A000FFFFFFFFFFFFFFFFFFFFFFFFFFFFFFFFFFFFFFFFFFFFFFFFFFFFFFFFFFFFFFFF2C
:2034C000FFFFFFFFFFFFFFFFFFFFFFFFFFFFFFFFFFFFFFFFFFFFFFFFFFFFFFFFFFFFFFFF0C
:2034E000FFFFFFFFFFFFFFFFFFFFFFFFFFFFFFFFFFFFFFFFFFFFFFFFFFFFFFFFFFFFFFFFEC
:20350000FFFFFFFFFFFFFFFFFFFFFFFFFFFFFFFFFFFFFFFFFFFFFFFFFFFFFFFFFFFFFFFFCB
:20352000FFFFFFFFFFFFFFFFFFFFFFFFFFFFFFFFFFFFFFFFFFFFFFFFFFFFFFFFFFFFFFFFAB
:20354000FFFFFFFFFFFFFFFFFFFFFFFFFFFFFFFFFFFFFFFFFFFFFFFFFFFFFFFFFFFFFFFF8B
:20356000FFFFFFFFFFFFFFFFFFFFFFFFFFFFFFFFFFFFFFFFFFFFFFFFFFFFFFFFFFFFFFFF6B
:20358000FFFFFFFFFFFFFFFFFFFFFFFFFFFFFFFFFFFFFFFFFFFFFFFFFFFFFFFFFFFFFFFF4B
:2035A000FFFFFFFFFFFFFFFFFFFFFFFFFFFFFFFFFFFFFFFFFFFFFFFFFFFFFFFFFFFFFFFF2B
:2035C000FFFFFFFFFFFFFFFFFFFFFFFFFFFFFFFFFFFFFFFFFFFFFFFFFFFFFFFFFFFFFFFF0B
:2035E000FFFFFFFFFFFFFFFFFFFFFFFFFFFFFFFFFFFFFFFFFFFFFFFFFFFFFFFFFFFFFFFFEB
:20360000FFFFFFFFFFFFFFFFFFFFFFFFFFFFFFFFFFFFFFFFFFFFFFFFFFFFFFFFFFFFFFFFCA
:20362000FFFFFFFFFFFFFFFFFFFFFFFFFFFFFFFFFFFFFFFFFFFFFFFFFFFFFFFFFFFFFFFFAA
:20364000FFFFFFFFFFFFFFFFFFFFFFFFFFFFFFFFFFFFFFFFFFFFFFFFFFFFFFFFFFFFFFFF8A
:20366000FFFFFFFFFFFFFFFFFFFFFFFFFFFFFFFFFFFFFFFFFFFFFFFFFFFFFFFFFFFFFFFF6A
:20368000FFFFFFFFFFFFFFFFFFFFFFFFFFFFFFFFFFFFFFFFFFFFFFFFFFFFFFFFFFFFFFFF4A
:2036A000FFFFFFFFFFFFFFFFFFFFFFFFFFFFFFFFFFFFFFFFFFFFFFFFFFFFFFFFFFFFFFFF2A
:2036C000FFFFFFFFFFFFFFFFFFFFFFFFFFFFFFFFFFFFFFFFFFFFFFFFFFFFFFFFFFFFFFFF0A
:2036E000FFFFFFFFFFFFFFFFFFFFFFFFFFFFFFFFFFFFFFFFFFFFFFFFFFFFFFFFFFFFFFFFEA
:20370000FFFFFFFFFFFFFFFFFFFFFFFFFFFFFFFFFFFFFFFFFFFFFFFFFFFFFFFFFFFFFFFFC9
:20372000FFFFFFFFFFFFFFFFFFFFFFFFFFFFFFFFFFFFFFFFFFFFFFFFFFFFFFFFFFFFFFFFA9
:20374000FFFFFFFFFFFFFFFFFFFFFFFFFFFFFFFFFFFFFFFFFFFFFFFFFFFFFFFFFFFFFFFF89
:20376000FFFFFFFFFFFFFFFFFFFFFFFFFFFFFFFFFFFFFFFFFFFFFFFFFFFFFFFFFFFFFFFF69
:20378000FFFFFFFFFFFFFFFFFFFFFFFFFFFFFFFFFFFFFFFFFFFFFFFFFFFFFFFFFFFFFFFF49
:2037A000FFFFFFFFFFFFFFFFFFFFFFFFFFFFFFFFFFFFFFFFFFFFFFFFFFFFFFFFFFFFFFFF29
:2037C000FFFFFFFFFFFFFFFFFFFFFFFFFFFFFFFFFFFFFFFFFFFFFFFFFFFFFFFFFFFFFFFF09
:2037E000FFFFFFFFFFFFFFFFFFFFFFFFFFFFFFFFFFFFFFFFFFFFFFFFFFFFFFFFFFFFFFFFE9
:20380000FFFFFFFFFFFFFFFFFFFFFFFFFFFFFFFFFFFFFFFFFFFFFFFFFFFFFFFFFFFFFFFFC8
:20382000FFFFFFFFFFFFFFFFFFFFFFFFFFFFFFFFFFFFFFFFFFFFFFFFFFFFFFFFFFFFFFFFA8
:20384000FFFFFFFFFFFFFFFFFFFFFFFFFFFFFFFFFFFFFFFFFFFFFFFFFFFFFFFFFFFFFFFF88
:20386000FFFFFFFFFFFFFFFFFFFFFFFFFFFFFFFFFFFFFFFFFFFFFFFFFFFFFFFFFFFFFFFF68
:20388000FFFFFFFFFFFFFFFFFFFFFFFFFFFFFFFFFFFFFFFFFFFFFFFFFFFFFFFFFFFFFFFF48
:2038A000FFFFFFFFFFFFFFFFFFFFFFFFFFFFFFFFFFFFFFFFFFFFFFFFFFFFFFFFFFFFFFFF28
:2038C000FFFFFFFFFFFFFFFFFFFFFFFFFFFFFFFFFFFFFFFFFFFFFFFFFFFFFFFFFFFFFFFF08
:2038E000FFFFFFFFFFFFFFFFFFFFFFFFFFFFFFFFFFFFFFFFFFFFFFFFFFFFFFFFFFFFFFFFE8
:20390000FFFFFFFFFFFFFFFFFFFFFFFFFFFFFFFFFFFFFFFFFFFFFFFFFFFFFFFFFFFFFFFFC7
:20392000FFFFFFFFFFFFFFFFFFFFFFFFFFFFFFFFFFFFFFFFFFFFFFFFFFFFFFFFFFFFFFFFA7
:20394000FFFFFFFFFFFFFFFFFFFFFFFFFFFFFFFFFFFFFFFFFFFFFFFFFFFFFFFFFFFFFFFF87
:20396000FFFFFFFFFFFFFFFFFFFFFFFFFFFFFFFFFFFFFFFFFFFFFFFFFFFFFFFFFFFFFFFF67
:20398000FFFFFFFFFFFFFFFFFFFFFFFFFFFFFFFFFFFFFFFFFFFFFFFFFFFFFFFFFFFFFFFF47
:2039A000FFFFFFFFFFFFFFFFFFFFFFFFFFFFFFFFFFFFFFFFFFFFFFFFFFFFFFFFFFFFFFFF27
:2039C000FFFFFFFFFFFFFFFFFFFFFFFFFFFFFFFFFFFFFFFFFFFFFFFFFFFFFFFFFFFFFFFF07
:2039E000FFFFFFFFFFFFFFFFFFFFFFFFFFFFFFFFFFFFFFFFFFFFFFFFFFFFFFFFFFFFFFFFE7
:203A0000FFFFFFFFFFFFFFFFFFFFFFFFFFFFFFFFFFFFFFFFFFFFFFFFFFFFFFFFFFFFFFFFC6
:203A2000FFFFFFFFFFFFFFFFFFFFFFFFFFFFFFFFFFFFFFFFFFFFFFFFFFFFFFFFFFFFFFFFA6
:203A4000FFFFFFFFFFFFFFFFFFFFFFFFFFFFFFFFFFFFFFFFFFFFFFFFFFFFFFFFFFFFFFFF86
:203A6000FFFFFFFFFFFFFFFFFFFFFFFFFFFFFFFFFFFFFFFFFFFFFFFFFFFFFFFFFFFFFFFF66
:203A8000FFFFFFFFFFFFFFFFFFFFFFFFFFFFFFFFFFFFFFFFFFFFFFFFFFFFFFFFFFFFFFFF46
:203AA000FFFFFFFFFFFFFFFFFFFFFFFFFFFFFFFFFFFFFFFFFFFFFFFFFFFFFFFFFFFFFFFF26
:203AC000FFFFFFFFFFFFFFFFFFFFFFFFFFFFFFFFFFFFFFFFFFFFFFFFFFFFFFFFFFFFFFFF06
:203AE000FFFFFFFFFFFFFFFFFFFFFFFFFFFFFFFFFFFFFFFFFFFFFFFFFFFFFFFFFFFFFFFFE6
:203B0000FFFFFFFFFFFFFFFFFFFFFFFFFFFFFFFFFFFFFFFFFFFFFFFFFFFFFFFFFFFFFFFFC5
:203B2000FFFFFFFFFFFFFFFFFFFFFFFFFFFFFFFFFFFFFFFFFFFFFFFFFFFFFFFFFFFFFFFFA5
:203B4000FFFFFFFFFFFFFFFFFFFFFFFFFFFFFFFFFFFFFFFFFFFFFFFFFFFFFFFFFFFFFFFF85
:203B6000FFFFFFFFFFFFFFFFFFFFFFFFFFFFFFFFFFFFFFFFFFFFFFFFFFFFFFFFFFFFFFFF65
:203B8000FFFFFFFFFFFFFFFFFFFFFFFFFFFFFFFFFFFFFFFFFFFFFFFFFFFFFFFFFFFFFFFF45
:203BA000FFFFFFFFFFFFFFFFFFFFFFFFFFFFFFFFFFFFFFFFFFFFFFFFFFFFFFFFFFFFFFFF25
:203BC000FFFFFFFFFFFFFFFFFFFFFFFFFFFFFFFFFFFFFFFFFFFFFFFFFFFFFFFFFFFFFFFF05
:203BE000FFFFFFFFFFFFFFFFFFFFFFFFFFFFFFFFFFFFFFFFFFFFFFFFFFFFFFFFFFFFFFFFE5
:203C0000FFFFFFFFFFFFFFFFFFFFFFFFFFFFFFFFFFFFFFFFFFFFFFFFFFFFFFFFFFFFFFFFC4
:203C2000FFFFFFFFFFFFFFFFFFFFFFFFFFFFFFFFFFFFFFFFFFFFFFFFFFFFFFFFFFFFFFFFA4
:203C4000FFFFFFFFFFFFFFFFFFFFFFFFFFFFFFFFFFFFFFFFFFFFFFFFFFFFFFFFFFFFFFFF84
:203C6000FFFFFFFFFFFFFFFFFFFFFFFFFFFFFFFFFFFFFFFFFFFFFFFFFFFFFFFFFFFFFFFF64
:203C8000FFFFFFFFFFFFFFFFFFFFFFFFFFFFFFFFFFFFFFFFFFFFFFFFFFFFFFFFFFFFFFFF44
:203CA000FFFFFFFFFFFFFFFFFFFFFFFFFFFFFFFFFFFFFFFFFFFFFFFFFFFFFFFFFFFFFFFF24
:203CC000FFFFFFFFFFFFFFFFFFFFFFFFFFFFFFFFFFFFFFFFFFFFFFFFFFFFFFFFFFFFFFFF04
:203CE000FFFFFFFFFFFFFFFFFFFFFFFFFFFFFFFFFFFFFFFFFFFFFFFFFFFFFFFFFFFFFFFFE4
:203D0000FFFFFFFFFFFFFFFFFFFFFFFFFFFFFFFFFFFFFFFFFFFFFFFFFFFFFFFFFFFFFFFFC3
:203D2000FFFFFFFFFFFFFFFFFFFFFFFFFFFFFFFFFFFFFFFFFFFFFFFFFFFFFFFFFFFFFFFFA3
:203D4000FFFFFFFFFFFFFFFFFFFFFFFFFFFFFFFFFFFFFFFFFFFFFFFFFFFFFFFFFFFFFFFF83
:203D6000FFFFFFFFFFFFFFFFFFFFFFFFFFFFFFFFFFFFFFFFFFFFFFFFFFFFFFFFFFFFFFFF63
:203D8000FFFFFFFFFFFFFFFFFFFFFFFFFFFFFFFFFFFFFFFFFFFFFFFFFFFFFFFFFFFFFFFF43
:203DA000FFFFFFFFFFFFFFFFFFFFFFFFFFFFFFFFFFFFFFFFFFFFFFFFFFFFFFFFFFFFFFFF23
:203DC000FFFFFFFFFFFFFFFFFFFFFFFFFFFFFFFFFFFFFFFFFFFFFFFFFFFFFFFFFFFFFFFF03
:203DE000FFFFFFFFFFFFFFFFFFFFFFFFFFFFFFFFFFFFFFFFFFFFFFFFFFFFFFFFFFFFFFFFE3
:203E0000FFFFFFFFFFFFFFFFFFFFFFFFFFFFFFFFFFFFFFFFFFFFFFFFFFFFFFFFFFFFFFFFC2
:203E2000FFFFFFFFFFFFFFFFFFFFFFFFFFFFFFFFFFFFFFFFFFFFFFFFFFFFFFFFFFFFFFFFA2
:203E4000FFFFFFFFFFFFFFFFFFFFFFFFFFFFFFFFFFFFFFFFFFFFFFFFFFFFFFFFFFFFFFFF82
:203E6000FFFFFFFFFFFFFFFFFFFFFFFFFFFFFFFFFFFFFFFFFFFFFFFFFFFFFFFFFFFFFFFF62
:203E8000FFFFFFFFFFFFFFFFFFFFFFFFFFFFFFFFFFFFFFFFFFFFFFFFFFFFFFFFFFFFFFFF42
:203EA000FFFFFFFFFFFFFFFFFFFFFFFFFFFFFFFFFFFFFFFFFFFFFFFFFFFFFFFFFFFFFFFF22
:203EC000FFFFFFFFFFFFFFFFFFFFFFFFFFFFFFFFFFFFFFFFFFFFFFFFFFFFFFFFFFFFFFFF02
:203EE000FFFFFFFFFFFFFFFFFFFFFFFFFFFFFFFFFFFFFFFFFFFFFFFFFFFFFFFFFFFFFFFFE2
:203F0000FFFFFFFFFFFFFFFFFFFFFFFFFFFFFFFFFFFFFFFFFFFFFFFFFFFFFFFFFFFFFFFFC1
:203F2000FFFFFFFFFFFFFFFFFFFFFFFFFFFFFFFFFFFFFFFFFFFFFFFFFFFFFFFFFFFFFFFFA1
:203F4000FFFFFFFFFFFFFFFFFFFFFFFFFFFFFFFFFFFFFFFFFFFFFFFFFFFFFFFFFFFFFFFF81
:203F6000FFFFFFFFFFFFFFFFFFFFFFFFFFFFFFFFFFFFFFFFFFFFFFFFFFFFFFFFFFFFFFFF61
:203F8000FFFFFFFFFFFFFFFFFFFFFFFFFFFFFFFFFFFFFFFFFFFFFFFFFFFFFFFFFFFFFFFF41
:203FA000FFFFFFFFFFFFFFFFFFFFFFFFFFFFFFFFFFFFFFFFFFFFFFFFFFFFFFFFFFFFFFFF21
:203FC000FFFFFFFFFFFFFFFFFFFFFFFFFFFFFFFFFFFFFFFFFFFFFFFFFFFFFFFFFFFFFFFF01
:203FE000FFFFFFFFFFFFFFFFFFFFFFFFFFFFFFFFFFFFFFFFFFFFFFFFFFFFFFFFFFFFFFFFE1
:20400000FFFFFFFFFFFFFFFFFFFFFFFFFFFFFFFFFFFFFFFFFFFFFFFFFFFFFFFFFFFFFFFFC0
:20402000FFFFFFFFFFFFFFFFFFFFFFFFFFFFFFFFFFFFFFFFFFFFFFFFFFFFFFFFFFFFFFFFA0
:20404000FFFFFFFFFFFFFFFFFFFFFFFFFFFFFFFFFFFFFFFFFFFFFFFFFFFFFFFFFFFFFFFF80
:20406000FFFFFFFFFFFFFFFFFFFFFFFFFFFFFFFFFFFFFFFFFFFFFFFFFFFFFFFFFFFFFFFF60
:20408000FFFFFFFFFFFFFFFFFFFFFFFFFFFFFFFFFFFFFFFFFFFFFFFFFFFFFFFFFFFFFFFF40
:2040A000FFFFFFFFFFFFFFFFFFFFFFFFFFFFFFFFFFFFFFFFFFFFFFFFFFFFFFFFFFFFFFFF20
:2040C000FFFFFFFFFFFFFFFFFFFFFFFFFFFFFFFFFFFFFFFFFFFFFFFFFFFFFFFFFFFFFFFF00
:2040E000FFFFFFFFFFFFFFFFFFFFFFFFFFFFFFFFFFFFFFFFFFFFFFFFFFFFFFFFFFFFFFFFE0
:20410000FFFFFFFFFFFFFFFFFFFFFFFFFFFFFFFFFFFFFFFFFFFFFFFFFFFFFFFFFFFFFFFFBF
:20412000FFFFFFFFFFFFFFFFFFFFFFFFFFFFFFFFFFFFFFFFFFFFFFFFFFFFFFFFFFFFFFFF9F
:20414000FFFFFFFFFFFFFFFFFFFFFFFFFFFFFFFFFFFFFFFFFFFFFFFFFFFFFFFFFFFFFFFF7F
:20416000FFFFFFFFFFFFFFFFFFFFFFFFFFFFFFFFFFFFFFFFFFFFFFFFFFFFFFFFFFFFFFFF5F
:20418000FFFFFFFFFFFFFFFFFFFFFFFFFFFFFFFFFFFFFFFFFFFFFFFFFFFFFFFFFFFFFFFF3F
:2041A000FFFFFFFFFFFFFFFFFFFFFFFFFFFFFFFFFFFFFFFFFFFFFFFFFFFFFFFFFFFFFFFF1F
:2041C000FFFFFFFFFFFFFFFFFFFFFFFFFFFFFFFFFFFFFFFFFFFFFFFFFFFFFFFFFFFFFFFFFF
:2041E000FFFFFFFFFFFFFFFFFFFFFFFFFFFFFFFFFFFFFFFFFFFFFFFFFFFFFFFFFFFFFFFFDF
:20420000FFFFFFFFFFFFFFFFFFFFFFFFFFFFFFFFFFFFFFFFFFFFFFFFFFFFFFFFFFFFFFFFBE
:20422000FFFFFFFFFFFFFFFFFFFFFFFFFFFFFFFFFFFFFFFFFFFFFFFFFFFFFFFFFFFFFFFF9E
:20424000FFFFFFFFFFFFFFFFFFFFFFFFFFFFFFFFFFFFFFFFFFFFFFFFFFFFFFFFFFFFFFFF7E
:20426000FFFFFFFFFFFFFFFFFFFFFFFFFFFFFFFFFFFFFFFFFFFFFFFFFFFFFFFFFFFFFFFF5E
:20428000FFFFFFFFFFFFFFFFFFFFFFFFFFFFFFFFFFFFFFFFFFFFFFFFFFFFFFFFFFFFFFFF3E
:2042A000FFFFFFFFFFFFFFFFFFFFFFFFFFFFFFFFFFFFFFFFFFFFFFFFFFFFFFFFFFFFFFFF1E
:2042C000FFFFFFFFFFFFFFFFFFFFFFFFFFFFFFFFFFFFFFFFFFFFFFFFFFFFFFFFFFFFFFFFFE
:2042E000FFFFFFFFFFFFFFFFFFFFFFFFFFFFFFFFFFFFFFFFFFFFFFFFFFFFFFFFFFFFFFFFDE
:20430000FFFFFFFFFFFFFFFFFFFFFFFFFFFFFFFFFFFFFFFFFFFFFFFFFFFFFFFFFFFFFFFFBD
:20432000FFFFFFFFFFFFFFFFFFFFFFFFFFFFFFFFFFFFFFFFFFFFFFFFFFFFFFFFFFFFFFFF9D
:20434000FFFFFFFFFFFFFFFFFFFFFFFFFFFFFFFFFFFFFFFFFFFFFFFFFFFFFFFFFFFFFFFF7D
:20436000FFFFFFFFFFFFFFFFFFFFFFFFFFFFFFFFFFFFFFFFFFFFFFFFFFFFFFFFFFFFFFFF5D
:20438000FFFFFFFFFFFFFFFFFFFFFFFFFFFFFFFFFFFFFFFFFFFFFFFFFFFFFFFFFFFFFFFF3D
:2043A000FFFFFFFFFFFFFFFFFFFFFFFFFFFFFFFFFFFFFFFFFFFFFFFFFFFFFFFFFFFFFFFF1D
:2043C000FFFFFFFFFFFFFFFFFFFFFFFFFFFFFFFFFFFFFFFFFFFFFFFFFFFFFFFFFFFFFFFFFD
:2043E000FFFFFFFFFFFFFFFFFFFFFFFFFFFFFFFFFFFFFFFFFFFFFFFFFFFFFFFFFFFFFFFFDD
:20440000FFFFFFFFFFFFFFFFFFFFFFFFFFFFFFFFFFFFFFFFFFFFFFFFFFFFFFFFFFFFFFFFBC
:20442000FFFFFFFFFFFFFFFFFFFFFFFFFFFFFFFFFFFFFFFFFFFFFFFFFFFFFFFFFFFFFFFF9C
:20444000FFFFFFFFFFFFFFFFFFFFFFFFFFFFFFFFFFFFFFFFFFFFFFFFFFFFFFFFFFFFFFFF7C
:20446000FFFFFFFFFFFFFFFFFFFFFFFFFFFFFFFFFFFFFFFFFFFFFFFFFFFFFFFFFFFFFFFF5C
:20448000FFFFFFFFFFFFFFFFFFFFFFFFFFFFFFFFFFFFFFFFFFFFFFFFFFFFFFFFFFFFFFFF3C
:2044A000FFFFFFFFFFFFFFFFFFFFFFFFFFFFFFFFFFFFFFFFFFFFFFFFFFFFFFFFFFFFFFFF1C
:2044C000FFFFFFFFFFFFFFFFFFFFFFFFFFFFFFFFFFFFFFFFFFFFFFFFFFFFFFFFFFFFFFFFFC
:2044E000FFFFFFFFFFFFFFFFFFFFFFFFFFFFFFFFFFFFFFFFFFFFFFFFFFFFFFFFFFFFFFFFDC
:20450000FFFFFFFFFFFFFFFFFFFFFFFFFFFFFFFFFFFFFFFFFFFFFFFFFFFFFFFFFFFFFFFFBB
:20452000FFFFFFFFFFFFFFFFFFFFFFFFFFFFFFFFFFFFFFFFFFFFFFFFFFFFFFFFFFFFFFFF9B
:20454000FFFFFFFFFFFFFFFFFFFFFFFFFFFFFFFFFFFFFFFFFFFFFFFFFFFFFFFFFFFFFFFF7B
:20456000FFFFFFFFFFFFFFFFFFFFFFFFFFFFFFFFFFFFFFFFFFFFFFFFFFFFFFFFFFFFFFFF5B
:20458000FFFFFFFFFFFFFFFFFFFFFFFFFFFFFFFFFFFFFFFFFFFFFFFFFFFFFFFFFFFFFFFF3B
:2045A000FFFFFFFFFFFFFFFFFFFFFFFFFFFFFFFFFFFFFFFFFFFFFFFFFFFFFFFFFFFFFFFF1B
:2045C000FFFFFFFFFFFFFFFFFFFFFFFFFFFFFFFFFFFFFFFFFFFFFFFFFFFFFFFFFFFFFFFFFB
:2045E000FFFFFFFFFFFFFFFFFFFFFFFFFFFFFFFFFFFFFFFFFFFFFFFFFFFFFFFFFFFFFFFFDB
:20460000FFFFFFFFFFFFFFFFFFFFFFFFFFFFFFFFFFFFFFFFFFFFFFFFFFFFFFFFFFFFFFFFBA
:20462000FFFFFFFFFFFFFFFFFFFFFFFFFFFFFFFFFFFFFFFFFFFFFFFFFFFFFFFFFFFFFFFF9A
:20464000FFFFFFFFFFFFFFFFFFFFFFFFFFFFFFFFFFFFFFFFFFFFFFFFFFFFFFFFFFFFFFFF7A
:20466000FFFFFFFFFFFFFFFFFFFFFFFFFFFFFFFFFFFFFFFFFFFFFFFFFFFFFFFFFFFFFFFF5A
:20468000FFFFFFFFFFFFFFFFFFFFFFFFFFFFFFFFFFFFFFFFFFFFFFFFFFFFFFFFFFFFFFFF3A
:2046A000FFFFFFFFFFFFFFFFFFFFFFFFFFFFFFFFFFFFFFFFFFFFFFFFFFFFFFFFFFFFFFFF1A
:2046C000FFFFFFFFFFFFFFFFFFFFFFFFFFFFFFFFFFFFFFFFFFFFFFFFFFFFFFFFFFFFFFFFFA
:2046E000FFFFFFFFFFFFFFFFFFFFFFFFFFFFFFFFFFFFFFFFFFFFFFFFFFFFFFFFFFFFFFFFDA
:20470000FFFFFFFFFFFFFFFFFFFFFFFFFFFFFFFFFFFFFFFFFFFFFFFFFFFFFFFFFFFFFFFFB9
:20472000FFFFFFFFFFFFFFFFFFFFFFFFFFFFFFFFFFFFFFFFFFFFFFFFFFFFFFFFFFFFFFFF99
:20474000FFFFFFFFFFFFFFFFFFFFFFFFFFFFFFFFFFFFFFFFFFFFFFFFFFFFFFFFFFFFFFFF79
:20476000FFFFFFFFFFFFFFFFFFFFFFFFFFFFFFFFFFFFFFFFFFFFFFFFFFFFFFFFFFFFFFFF59
:20478000FFFFFFFFFFFFFFFFFFFFFFFFFFFFFFFFFFFFFFFFFFFFFFFFFFFFFFFFFFFFFFFF39
:2047A000FFFFFFFFFFFFFFFFFFFFFFFFFFFFFFFFFFFFFFFFFFFFFFFFFFFFFFFFFFFFFFFF19
:2047C000FFFFFFFFFFFFFFFFFFFFFFFFFFFFFFFFFFFFFFFFFFFFFFFFFFFFFFFFFFFFFFFFF9
:2047E000FFFFFFFFFFFFFFFFFFFFFFFFFFFFFFFFFFFFFFFFFFFFFFFFFFFFFFFFFFFFFFFFD9
:20480000FFFFFFFFFFFFFFFFFFFFFFFFFFFFFFFFFFFFFFFFFFFFFFFFFFFFFFFFFFFFFFFFB8
:20482000FFFFFFFFFFFFFFFFFFFFFFFFFFFFFFFFFFFFFFFFFFFFFFFFFFFFFFFFFFFFFFFF98
:20484000FFFFFFFFFFFFFFFFFFFFFFFFFFFFFFFFFFFFFFFFFFFFFFFFFFFFFFFFFFFFFFFF78
:20486000FFFFFFFFFFFFFFFFFFFFFFFFFFFFFFFFFFFFFFFFFFFFFFFFFFFFFFFFFFFFFFFF58
:20488000FFFFFFFFFFFFFFFFFFFFFFFFFFFFFFFFFFFFFFFFFFFFFFFFFFFFFFFFFFFFFFFF38
:2048A000FFFFFFFFFFFFFFFFFFFFFFFFFFFFFFFFFFFFFFFFFFFFFFFFFFFFFFFFFFFFFFFF18
:2048C000FFFFFFFFFFFFFFFFFFFFFFFFFFFFFFFFFFFFFFFFFFFFFFFFFFFFFFFFFFFFFFFFF8
:2048E000FFFFFFFFFFFFFFFFFFFFFFFFFFFFFFFFFFFFFFFFFFFFFFFFFFFFFFFFFFFFFFFFD8
:20490000FFFFFFFFFFFFFFFFFFFFFFFFFFFFFFFFFFFFFFFFFFFFFFFFFFFFFFFFFFFFFFFFB7
:20492000FFFFFFFFFFFFFFFFFFFFFFFFFFFFFFFFFFFFFFFFFFFFFFFFFFFFFFFFFFFFFFFF97
:20494000FFFFFFFFFFFFFFFFFFFFFFFFFFFFFFFFFFFFFFFFFFFFFFFFFFFFFFFFFFFFFFFF77
:20496000FFFFFFFFFFFFFFFFFFFFFFFFFFFFFFFFFFFFFFFFFFFFFFFFFFFFFFFFFFFFFFFF57
:20498000FFFFFFFFFFFFFFFFFFFFFFFFFFFFFFFFFFFFFFFFFFFFFFFFFFFFFFFFFFFFFFFF37
:2049A000FFFFFFFFFFFFFFFFFFFFFFFFFFFFFFFFFFFFFFFFFFFFFFFFFFFFFFFFFFFFFFFF17
:2049C000FFFFFFFFFFFFFFFFFFFFFFFFFFFFFFFFFFFFFFFFFFFFFFFFFFFFFFFFFFFFFFFFF7
:2049E000FFFFFFFFFFFFFFFFFFFFFFFFFFFFFFFFFFFFFFFFFFFFFFFFFFFFFFFFFFFFFFFFD7
:204A0000FFFFFFFFFFFFFFFFFFFFFFFFFFFFFFFFFFFFFFFFFFFFFFFFFFFFFFFFFFFFFFFFB6
:204A2000FFFFFFFFFFFFFFFFFFFFFFFFFFFFFFFFFFFFFFFFFFFFFFFFFFFFFFFFFFFFFFFF96
:204A4000FFFFFFFFFFFFFFFFFFFFFFFFFFFFFFFFFFFFFFFFFFFFFFFFFFFFFFFFFFFFFFFF76
:204A6000FFFFFFFFFFFFFFFFFFFFFFFFFFFFFFFFFFFFFFFFFFFFFFFFFFFFFFFFFFFFFFFF56
:204A8000FFFFFFFFFFFFFFFFFFFFFFFFFFFFFFFFFFFFFFFFFFFFFFFFFFFFFFFFFFFFFFFF36
:204AA000FFFFFFFFFFFFFFFFFFFFFFFFFFFFFFFFFFFFFFFFFFFFFFFFFFFFFFFFFFFFFFFF16
:204AC000FFFFFFFFFFFFFFFFFFFFFFFFFFFFFFFFFFFFFFFFFFFFFFFFFFFFFFFFFFFFFFFFF6
:204AE000FFFFFFFFFFFFFFFFFFFFFFFFFFFFFFFFFFFFFFFFFFFFFFFFFFFFFFFFFFFFFFFFD6
:204B0000FFFFFFFFFFFFFFFFFFFFFFFFFFFFFFFFFFFFFFFFFFFFFFFFFFFFFFFFFFFFFFFFB5
:204B2000FFFFFFFFFFFFFFFFFFFFFFFFFFFFFFFFFFFFFFFFFFFFFFFFFFFFFFFFFFFFFFFF95
:204B4000FFFFFFFFFFFFFFFFFFFFFFFFFFFFFFFFFFFFFFFFFFFFFFFFFFFFFFFFFFFFFFFF75
:204B6000FFFFFFFFFFFFFFFFFFFFFFFFFFFFFFFFFFFFFFFFFFFFFFFFFFFFFFFFFFFFFFFF55
:204B8000FFFFFFFFFFFFFFFFFFFFFFFFFFFFFFFFFFFFFFFFFFFFFFFFFFFFFFFFFFFFFFFF35
:204BA000FFFFFFFFFFFFFFFFFFFFFFFFFFFFFFFFFFFFFFFFFFFFFFFFFFFFFFFFFFFFFFFF15
:204BC000FFFFFFFFFFFFFFFFFFFFFFFFFFFFFFFFFFFFFFFFFFFFFFFFFFFFFFFFFFFFFFFFF5
:204BE000FFFFFFFFFFFFFFFFFFFFFFFFFFFFFFFFFFFFFFFFFFFFFFFFFFFFFFFFFFFFFFFFD5
:204C0000FFFFFFFFFFFFFFFFFFFFFFFFFFFFFFFFFFFFFFFFFFFFFFFFFFFFFFFFFFFFFFFFB4
:204C2000FFFFFFFFFFFFFFFFFFFFFFFFFFFFFFFFFFFFFFFFFFFFFFFFFFFFFFFFFFFFFFFF94
:204C4000FFFFFFFFFFFFFFFFFFFFFFFFFFFFFFFFFFFFFFFFFFFFFFFFFFFFFFFFFFFFFFFF74
:204C6000FFFFFFFFFFFFFFFFFFFFFFFFFFFFFFFFFFFFFFFFFFFFFFFFFFFFFFFFFFFFFFFF54
:204C8000FFFFFFFFFFFFFFFFFFFFFFFFFFFFFFFFFFFFFFFFFFFFFFFFFFFFFFFFFFFFFFFF34
:204CA000FFFFFFFFFFFFFFFFFFFFFFFFFFFFFFFFFFFFFFFFFFFFFFFFFFFFFFFFFFFFFFFF14
:204CC000FFFFFFFFFFFFFFFFFFFFFFFFFFFFFFFFFFFFFFFFFFFFFFFFFFFFFFFFFFFFFFFFF4
:204CE000FFFFFFFFFFFFFFFFFFFFFFFFFFFFFFFFFFFFFFFFFFFFFFFFFFFFFFFFFFFFFFFFD4
:204D0000FFFFFFFFFFFFFFFFFFFFFFFFFFFFFFFFFFFFFFFFFFFFFFFFFFFFFFFFFFFFFFFFB3
:204D2000FFFFFFFFFFFFFFFFFFFFFFFFFFFFFFFFFFFFFFFFFFFFFFFFFFFFFFFFFFFFFFFF93
:204D4000FFFFFFFFFFFFFFFFFFFFFFFFFFFFFFFFFFFFFFFFFFFFFFFFFFFFFFFFFFFFFFFF73
:204D6000FFFFFFFFFFFFFFFFFFFFFFFFFFFFFFFFFFFFFFFFFFFFFFFFFFFFFFFFFFFFFFFF53
:204D8000FFFFFFFFFFFFFFFFFFFFFFFFFFFFFFFFFFFFFFFFFFFFFFFFFFFFFFFFFFFFFFFF33
:204DA000FFFFFFFFFFFFFFFFFFFFFFFFFFFFFFFFFFFFFFFFFFFFFFFFFFFFFFFFFFFFFFFF13
:204DC000FFFFFFFFFFFFFFFFFFFFFFFFFFFFFFFFFFFFFFFFFFFFFFFFFFFFFFFFFFFFFFFFF3
:204DE000FFFFFFFFFFFFFFFFFFFFFFFFFFFFFFFFFFFFFFFFFFFFFFFFFFFFFFFFFFFFFFFFD3
:204E0000FFFFFFFFFFFFFFFFFFFFFFFFFFFFFFFFFFFFFFFFFFFFFFFFFFFFFFFFFFFFFFFFB2
:204E2000FFFFFFFFFFFFFFFFFFFFFFFFFFFFFFFFFFFFFFFFFFFFFFFFFFFFFFFFFFFFFFFF92
:204E4000FFFFFFFFFFFFFFFFFFFFFFFFFFFFFFFFFFFFFFFFFFFFFFFFFFFFFFFFFFFFFFFF72
:204E6000FFFFFFFFFFFFFFFFFFFFFFFFFFFFFFFFFFFFFFFFFFFFFFFFFFFFFFFFFFFFFFFF52
:204E8000FFFFFFFFFFFFFFFFFFFFFFFFFFFFFFFFFFFFFFFFFFFFFFFFFFFFFFFFFFFFFFFF32
:204EA000FFFFFFFFFFFFFFFFFFFFFFFFFFFFFFFFFFFFFFFFFFFFFFFFFFFFFFFFFFFFFFFF12
:204EC000FFFFFFFFFFFFFFFFFFFFFFFFFFFFFFFFFFFFFFFFFFFFFFFFFFFFFFFFFFFFFFFFF2
:204EE000FFFFFFFFFFFFFFFFFFFFFFFFFFFFFFFFFFFFFFFFFFFFFFFFFFFFFFFFFFFFFFFFD2
:204F0000FFFFFFFFFFFFFFFFFFFFFFFFFFFFFFFFFFFFFFFFFFFFFFFFFFFFFFFFFFFFFFFFB1
:204F2000FFFFFFFFFFFFFFFFFFFFFFFFFFFFFFFFFFFFFFFFFFFFFFFFFFFFFFFFFFFFFFFF91
:204F4000FFFFFFFFFFFFFFFFFFFFFFFFFFFFFFFFFFFFFFFFFFFFFFFFFFFFFFFFFFFFFFFF71
:204F6000FFFFFFFFFFFFFFFFFFFFFFFFFFFFFFFFFFFFFFFFFFFFFFFFFFFFFFFFFFFFFFFF51
:204F8000FFFFFFFFFFFFFFFFFFFFFFFFFFFFFFFFFFFFFFFFFFFFFFFFFFFFFFFFFFFFFFFF31
:204FA000FFFFFFFFFFFFFFFFFFFFFFFFFFFFFFFFFFFFFFFFFFFFFFFFFFFFFFFFFFFFFFFF11
:204FC000FFFFFFFFFFFFFFFFFFFFFFFFFFFFFFFFFFFFFFFFFFFFFFFFFFFFFFFFFFFFFFFFF1
:204FE000FFFFFFFFFFFFFFFFFFFFFFFFFFFFFFFFFFFFFFFFFFFFFFFFFFFFFFFFFFFFFFFFD1
:20500000FFFFFFFFFFFFFFFFFFFFFFFFFFFFFFFFFFFFFFFFFFFFFFFFFFFFFFFFFFFFFFFFB0
:20502000FFFFFFFFFFFFFFFFFFFFFFFFFFFFFFFFFFFFFFFFFFFFFFFFFFFFFFFFFFFFFFFF90
:20504000FFFFFFFFFFFFFFFFFFFFFFFFFFFFFFFFFFFFFFFFFFFFFFFFFFFFFFFFFFFFFFFF70
:20506000FFFFFFFFFFFFFFFFFFFFFFFFFFFFFFFFFFFFFFFFFFFFFFFFFFFFFFFFFFFFFFFF50
:20508000FFFFFFFFFFFFFFFFFFFFFFFFFFFFFFFFFFFFFFFFFFFFFFFFFFFFFFFFFFFFFFFF30
:2050A000FFFFFFFFFFFFFFFFFFFFFFFFFFFFFFFFFFFFFFFFFFFFFFFFFFFFFFFFFFFFFFFF10
:2050C000FFFFFFFFFFFFFFFFFFFFFFFFFFFFFFFFFFFFFFFFFFFFFFFFFFFFFFFFFFFFFFFFF0
:2050E000FFFFFFFFFFFFFFFFFFFFFFFFFFFFFFFFFFFFFFFFFFFFFFFFFFFFFFFFFFFFFFFFD0
:20510000FFFFFFFFFFFFFFFFFFFFFFFFFFFFFFFFFFFFFFFFFFFFFFFFFFFFFFFFFFFFFFFFAF
:20512000FFFFFFFFFFFFFFFFFFFFFFFFFFFFFFFFFFFFFFFFFFFFFFFFFFFFFFFFFFFFFFFF8F
:20514000FFFFFFFFFFFFFFFFFFFFFFFFFFFFFFFFFFFFFFFFFFFFFFFFFFFFFFFFFFFFFFFF6F
:20516000FFFFFFFFFFFFFFFFFFFFFFFFFFFFFFFFFFFFFFFFFFFFFFFFFFFFFFFFFFFFFFFF4F
:20518000FFFFFFFFFFFFFFFFFFFFFFFFFFFFFFFFFFFFFFFFFFFFFFFFFFFFFFFFFFFFFFFF2F
:2051A000FFFFFFFFFFFFFFFFFFFFFFFFFFFFFFFFFFFFFFFFFFFFFFFFFFFFFFFFFFFFFFFF0F
:2051C000FFFFFFFFFFFFFFFFFFFFFFFFFFFFFFFFFFFFFFFFFFFFFFFFFFFFFFFFFFFFFFFFEF
:2051E000FFFFFFFFFFFFFFFFFFFFFFFFFFFFFFFFFFFFFFFFFFFFFFFFFFFFFFFFFFFFFFFFCF
:20520000FFFFFFFFFFFFFFFFFFFFFFFFFFFFFFFFFFFFFFFFFFFFFFFFFFFFFFFFFFFFFFFFAE
:20522000FFFFFFFFFFFFFFFFFFFFFFFFFFFFFFFFFFFFFFFFFFFFFFFFFFFFFFFFFFFFFFFF8E
:20524000FFFFFFFFFFFFFFFFFFFFFFFFFFFFFFFFFFFFFFFFFFFFFFFFFFFFFFFFFFFFFFFF6E
:20526000FFFFFFFFFFFFFFFFFFFFFFFFFFFFFFFFFFFFFFFFFFFFFFFFFFFFFFFFFFFFFFFF4E
:20528000FFFFFFFFFFFFFFFFFFFFFFFFFFFFFFFFFFFFFFFFFFFFFFFFFFFFFFFFFFFFFFFF2E
:2052A000FFFFFFFFFFFFFFFFFFFFFFFFFFFFFFFFFFFFFFFFFFFFFFFFFFFFFFFFFFFFFFFF0E
:2052C000FFFFFFFFFFFFFFFFFFFFFFFFFFFFFFFFFFFFFFFFFFFFFFFFFFFFFFFFFFFFFFFFEE
:2052E000FFFFFFFFFFFFFFFFFFFFFFFFFFFFFFFFFFFFFFFFFFFFFFFFFFFFFFFFFFFFFFFFCE
:20530000FFFFFFFFFFFFFFFFFFFFFFFFFFFFFFFFFFFFFFFFFFFFFFFFFFFFFFFFFFFFFFFFAD
:20532000FFFFFFFFFFFFFFFFFFFFFFFFFFFFFFFFFFFFFFFFFFFFFFFFFFFFFFFFFFFFFFFF8D
:20534000FFFFFFFFFFFFFFFFFFFFFFFFFFFFFFFFFFFFFFFFFFFFFFFFFFFFFFFFFFFFFFFF6D
:20536000FFFFFFFFFFFFFFFFFFFFFFFFFFFFFFFFFFFFFFFFFFFFFFFFFFFFFFFFFFFFFFFF4D
:20538000FFFFFFFFFFFFFFFFFFFFFFFFFFFFFFFFFFFFFFFFFFFFFFFFFFFFFFFFFFFFFFFF2D
:2053A000FFFFFFFFFFFFFFFFFFFFFFFFFFFFFFFFFFFFFFFFFFFFFFFFFFFFFFFFFFFFFFFF0D
:2053C000FFFFFFFFFFFFFFFFFFFFFFFFFFFFFFFFFFFFFFFFFFFFFFFFFFFFFFFFFFFFFFFFED
:2053E000FFFFFFFFFFFFFFFFFFFFFFFFFFFFFFFFFFFFFFFFFFFFFFFFFFFFFFFFFFFFFFFFCD
:20540000FFFFFFFFFFFFFFFFFFFFFFFFFFFFFFFFFFFFFFFFFFFFFFFFFFFFFFFFFFFFFFFFAC
:20542000FFFFFFFFFFFFFFFFFFFFFFFFFFFFFFFFFFFFFFFFFFFFFFFFFFFFFFFFFFFFFFFF8C
:20544000FFFFFFFFFFFFFFFFFFFFFFFFFFFFFFFFFFFFFFFFFFFFFFFFFFFFFFFFFFFFFFFF6C
:20546000FFFFFFFFFFFFFFFFFFFFFFFFFFFFFFFFFFFFFFFFFFFFFFFFFFFFFFFFFFFFFFFF4C
:20548000FFFFFFFFFFFFFFFFFFFFFFFFFFFFFFFFFFFFFFFFFFFFFFFFFFFFFFFFFFFFFFFF2C
:2054A000FFFFFFFFFFFFFFFFFFFFFFFFFFFFFFFFFFFFFFFFFFFFFFFFFFFFFFFFFFFFFFFF0C
:2054C000FFFFFFFFFFFFFFFFFFFFFFFFFFFFFFFFFFFFFFFFFFFFFFFFFFFFFFFFFFFFFFFFEC
:2054E000FFFFFFFFFFFFFFFFFFFFFFFFFFFFFFFFFFFFFFFFFFFFFFFFFFFFFFFFFFFFFFFFCC
:20550000FFFFFFFFFFFFFFFFFFFFFFFFFFFFFFFFFFFFFFFFFFFFFFFFFFFFFFFFFFFFFFFFAB
:20552000FFFFFFFFFFFFFFFFFFFFFFFFFFFFFFFFFFFFFFFFFFFFFFFFFFFFFFFFFFFFFFFF8B
:20554000FFFFFFFFFFFFFFFFFFFFFFFFFFFFFFFFFFFFFFFFFFFFFFFFFFFFFFFFFFFFFFFF6B
:20556000FFFFFFFFFFFFFFFFFFFFFFFFFFFFFFFFFFFFFFFFFFFFFFFFFFFFFFFFFFFFFFFF4B
:20558000FFFFFFFFFFFFFFFFFFFFFFFFFFFFFFFFFFFFFFFFFFFFFFFFFFFFFFFFFFFFFFFF2B
:2055A000FFFFFFFFFFFFFFFFFFFFFFFFFFFFFFFFFFFFFFFFFFFFFFFFFFFFFFFFFFFFFFFF0B
:2055C000FFFFFFFFFFFFFFFFFFFFFFFFFFFFFFFFFFFFFFFFFFFFFFFFFFFFFFFFFFFFFFFFEB
:2055E000FFFFFFFFFFFFFFFFFFFFFFFFFFFFFFFFFFFFFFFFFFFFFFFFFFFFFFFFFFFFFFFFCB
:20560000FFFFFFFFFFFFFFFFFFFFFFFFFFFFFFFFFFFFFFFFFFFFFFFFFFFFFFFFFFFFFFFFAA
:20562000FFFFFFFFFFFFFFFFFFFFFFFFFFFFFFFFFFFFFFFFFFFFFFFFFFFFFFFFFFFFFFFF8A
:20564000FFFFFFFFFFFFFFFFFFFFFFFFFFFFFFFFFFFFFFFFFFFFFFFFFFFFFFFFFFFFFFFF6A
:20566000FFFFFFFFFFFFFFFFFFFFFFFFFFFFFFFFFFFFFFFFFFFFFFFFFFFFFFFFFFFFFFFF4A
:20568000FFFFFFFFFFFFFFFFFFFFFFFFFFFFFFFFFFFFFFFFFFFFFFFFFFFFFFFFFFFFFFFF2A
:2056A000FFFFFFFFFFFFFFFFFFFFFFFFFFFFFFFFFFFFFFFFFFFFFFFFFFFFFFFFFFFFFFFF0A
:2056C000FFFFFFFFFFFFFFFFFFFFFFFFFFFFFFFFFFFFFFFFFFFFFFFFFFFFFFFFFFFFFFFFEA
:2056E000FFFFFFFFFFFFFFFFFFFFFFFFFFFFFFFFFFFFFFFFFFFFFFFFFFFFFFFFFFFFFFFFCA
:20570000FFFFFFFFFFFFFFFFFFFFFFFFFFFFFFFFFFFFFFFFFFFFFFFFFFFFFFFFFFFFFFFFA9
:20572000FFFFFFFFFFFFFFFFFFFFFFFFFFFFFFFFFFFFFFFFFFFFFFFFFFFFFFFFFFFFFFFF89
:20574000FFFFFFFFFFFFFFFFFFFFFFFFFFFFFFFFFFFFFFFFFFFFFFFFFFFFFFFFFFFFFFFF69
:20576000FFFFFFFFFFFFFFFFFFFFFFFFFFFFFFFFFFFFFFFFFFFFFFFFFFFFFFFFFFFFFFFF49
:20578000FFFFFFFFFFFFFFFFFFFFFFFFFFFFFFFFFFFFFFFFFFFFFFFFFFFFFFFFFFFFFFFF29
:2057A000FFFFFFFFFFFFFFFFFFFFFFFFFFFFFFFFFFFFFFFFFFFFFFFFFFFFFFFFFFFFFFFF09
:2057C000FFFFFFFFFFFFFFFFFFFFFFFFFFFFFFFFFFFFFFFFFFFFFFFFFFFFFFFFFFFFFFFFE9
:2057E000FFFFFFFFFFFFFFFFFFFFFFFFFFFFFFFFFFFFFFFFFFFFFFFFFFFFFFFFFFFFFFFFC9
:20580000FFFFFFFFFFFFFFFFFFFFFFFFFFFFFFFFFFFFFFFFFFFFFFFFFFFFFFFFFFFFFFFFA8
:20582000FFFFFFFFFFFFFFFFFFFFFFFFFFFFFFFFFFFFFFFFFFFFFFFFFFFFFFFFFFFFFFFF88
:20584000FFFFFFFFFFFFFFFFFFFFFFFFFFFFFFFFFFFFFFFFFFFFFFFFFFFFFFFFFFFFFFFF68
:20586000FFFFFFFFFFFFFFFFFFFFFFFFFFFFFFFFFFFFFFFFFFFFFFFFFFFFFFFFFFFFFFFF48
:20588000FFFFFFFFFFFFFFFFFFFFFFFFFFFFFFFFFFFFFFFFFFFFFFFFFFFFFFFFFFFFFFFF28
:2058A000FFFFFFFFFFFFFFFFFFFFFFFFFFFFFFFFFFFFFFFFFFFFFFFFFFFFFFFFFFFFFFFF08
:2058C000FFFFFFFFFFFFFFFFFFFFFFFFFFFFFFFFFFFFFFFFFFFFFFFFFFFFFFFFFFFFFFFFE8
:2058E000FFFFFFFFFFFFFFFFFFFFFFFFFFFFFFFFFFFFFFFFFFFFFFFFFFFFFFFFFFFFFFFFC8
:20590000FFFFFFFFFFFFFFFFFFFFFFFFFFFFFFFFFFFFFFFFFFFFFFFFFFFFFFFFFFFFFFFFA7
:20592000FFFFFFFFFFFFFFFFFFFFFFFFFFFFFFFFFFFFFFFFFFFFFFFFFFFFFFFFFFFFFFFF87
:20594000FFFFFFFFFFFFFFFFFFFFFFFFFFFFFFFFFFFFFFFFFFFFFFFFFFFFFFFFFFFFFFFF67
:20596000FFFFFFFFFFFFFFFFFFFFFFFFFFFFFFFFFFFFFFFFFFFFFFFFFFFFFFFFFFFFFFFF47
:20598000FFFFFFFFFFFFFFFFFFFFFFFFFFFFFFFFFFFFFFFFFFFFFFFFFFFFFFFFFFFFFFFF27
:2059A000FFFFFFFFFFFFFFFFFFFFFFFFFFFFFFFFFFFFFFFFFFFFFFFFFFFFFFFFFFFFFFFF07
:2059C000FFFFFFFFFFFFFFFFFFFFFFFFFFFFFFFFFFFFFFFFFFFFFFFFFFFFFFFFFFFFFFFFE7
:2059E000FFFFFFFFFFFFFFFFFFFFFFFFFFFFFFFFFFFFFFFFFFFFFFFFFFFFFFFFFFFFFFFFC7
:205A0000FFFFFFFFFFFFFFFFFFFFFFFFFFFFFFFFFFFFFFFFFFFFFFFFFFFFFFFFFFFFFFFFA6
:205A2000FFFFFFFFFFFFFFFFFFFFFFFFFFFFFFFFFFFFFFFFFFFFFFFFFFFFFFFFFFFFFFFF86
:205A4000FFFFFFFFFFFFFFFFFFFFFFFFFFFFFFFFFFFFFFFFFFFFFFFFFFFFFFFFFFFFFFFF66
:205A6000FFFFFFFFFFFFFFFFFFFFFFFFFFFFFFFFFFFFFFFFFFFFFFFFFFFFFFFFFFFFFFFF46
:205A8000FFFFFFFFFFFFFFFFFFFFFFFFFFFFFFFFFFFFFFFFFFFFFFFFFFFFFFFFFFFFFFFF26
:205AA000FFFFFFFFFFFFFFFFFFFFFFFFFFFFFFFFFFFFFFFFFFFFFFFFFFFFFFFFFFFFFFFF06
:205AC000FFFFFFFFFFFFFFFFFFFFFFFFFFFFFFFFFFFFFFFFFFFFFFFFFFFFFFFFFFFFFFFFE6
:205AE000FFFFFFFFFFFFFFFFFFFFFFFFFFFFFFFFFFFFFFFFFFFFFFFFFFFFFFFFFFFFFFFFC6
:205B0000FFFFFFFFFFFFFFFFFFFFFFFFFFFFFFFFFFFFFFFFFFFFFFFFFFFFFFFFFFFFFFFFA5
:205B2000FFFFFFFFFFFFFFFFFFFFFFFFFFFFFFFFFFFFFFFFFFFFFFFFFFFFFFFFFFFFFFFF85
:205B4000FFFFFFFFFFFFFFFFFFFFFFFFFFFFFFFFFFFFFFFFFFFFFFFFFFFFFFFFFFFFFFFF65
:205B6000FFFFFFFFFFFFFFFFFFFFFFFFFFFFFFFFFFFFFFFFFFFFFFFFFFFFFFFFFFFFFFFF45
:205B8000FFFFFFFFFFFFFFFFFFFFFFFFFFFFFFFFFFFFFFFFFFFFFFFFFFFFFFFFFFFFFFFF25
:205BA000FFFFFFFFFFFFFFFFFFFFFFFFFFFFFFFFFFFFFFFFFFFFFFFFFFFFFFFFFFFFFFFF05
:205BC000FFFFFFFFFFFFFFFFFFFFFFFFFFFFFFFFFFFFFFFFFFFFFFFFFFFFFFFFFFFFFFFFE5
:205BE000FFFFFFFFFFFFFFFFFFFFFFFFFFFFFFFFFFFFFFFFFFFFFFFFFFFFFFFFFFFFFFFFC5
:205C0000FFFFFFFFFFFFFFFFFFFFFFFFFFFFFFFFFFFFFFFFFFFFFFFFFFFFFFFFFFFFFFFFA4
:205C2000FFFFFFFFFFFFFFFFFFFFFFFFFFFFFFFFFFFFFFFFFFFFFFFFFFFFFFFFFFFFFFFF84
:205C4000FFFFFFFFFFFFFFFFFFFFFFFFFFFFFFFFFFFFFFFFFFFFFFFFFFFFFFFFFFFFFFFF64
:205C6000FFFFFFFFFFFFFFFFFFFFFFFFFFFFFFFFFFFFFFFFFFFFFFFFFFFFFFFFFFFFFFFF44
:205C8000FFFFFFFFFFFFFFFFFFFFFFFFFFFFFFFFFFFFFFFFFFFFFFFFFFFFFFFFFFFFFFFF24
:205CA000FFFFFFFFFFFFFFFFFFFFFFFFFFFFFFFFFFFFFFFFFFFFFFFFFFFFFFFFFFFFFFFF04
:205CC000FFFFFFFFFFFFFFFFFFFFFFFFFFFFFFFFFFFFFFFFFFFFFFFFFFFFFFFFFFFFFFFFE4
:205CE000FFFFFFFFFFFFFFFFFFFFFFFFFFFFFFFFFFFFFFFFFFFFFFFFFFFFFFFFFFFFFFFFC4
:205D0000FFFFFFFFFFFFFFFFFFFFFFFFFFFFFFFFFFFFFFFFFFFFFFFFFFFFFFFFFFFFFFFFA3
:205D2000FFFFFFFFFFFFFFFFFFFFFFFFFFFFFFFFFFFFFFFFFFFFFFFFFFFFFFFFFFFFFFFF83
:205D4000FFFFFFFFFFFFFFFFFFFFFFFFFFFFFFFFFFFFFFFFFFFFFFFFFFFFFFFFFFFFFFFF63
:205D6000FFFFFFFFFFFFFFFFFFFFFFFFFFFFFFFFFFFFFFFFFFFFFFFFFFFFFFFFFFFFFFFF43
:205D8000FFFFFFFFFFFFFFFFFFFFFFFFFFFFFFFFFFFFFFFFFFFFFFFFFFFFFFFFFFFFFFFF23
:205DA000FFFFFFFFFFFFFFFFFFFFFFFFFFFFFFFFFFFFFFFFFFFFFFFFFFFFFFFFFFFFFFFF03
:205DC000FFFFFFFFFFFFFFFFFFFFFFFFFFFFFFFFFFFFFFFFFFFFFFFFFFFFFFFFFFFFFFFFE3
:205DE000FFFFFFFFFFFFFFFFFFFFFFFFFFFFFFFFFFFFFFFFFFFFFFFFFFFFFFFFFFFFFFFFC3
:205E0000FFFFFFFFFFFFFFFFFFFFFFFFFFFFFFFFFFFFFFFFFFFFFFFFFFFFFFFFFFFFFFFFA2
:205E2000FFFFFFFFFFFFFFFFFFFFFFFFFFFFFFFFFFFFFFFFFFFFFFFFFFFFFFFFFFFFFFFF82
:205E4000FFFFFFFFFFFFFFFFFFFFFFFFFFFFFFFFFFFFFFFFFFFFFFFFFFFFFFFFFFFFFFFF62
:205E6000FFFFFFFFFFFFFFFFFFFFFFFFFFFFFFFFFFFFFFFFFFFFFFFFFFFFFFFFFFFFFFFF42
:205E8000FFFFFFFFFFFFFFFFFFFFFFFFFFFFFFFFFFFFFFFFFFFFFFFFFFFFFFFFFFFFFFFF22
:205EA000FFFFFFFFFFFFFFFFFFFFFFFFFFFFFFFFFFFFFFFFFFFFFFFFFFFFFFFFFFFFFFFF02
:205EC000FFFFFFFFFFFFFFFFFFFFFFFFFFFFFFFFFFFFFFFFFFFFFFFFFFFFFFFFFFFFFFFFE2
:205EE000FFFFFFFFFFFFFFFFFFFFFFFFFFFFFFFFFFFFFFFFFFFFFFFFFFFFFFFFFFFFFFFFC2
:205F0000FFFFFFFFFFFFFFFFFFFFFFFFFFFFFFFFFFFFFFFFFFFFFFFFFFFFFFFFFFFFFFFFA1
:205F2000FFFFFFFFFFFFFFFFFFFFFFFFFFFFFFFFFFFFFFFFFFFFFFFFFFFFFFFFFFFFFFFF81
:205F4000FFFFFFFFFFFFFFFFFFFFFFFFFFFFFFFFFFFFFFFFFFFFFFFFFFFFFFFFFFFFFFFF61
:205F6000FFFFFFFFFFFFFFFFFFFFFFFFFFFFFFFFFFFFFFFFFFFFFFFFFFFFFFFFFFFFFFFF41
:205F8000FFFFFFFFFFFFFFFFFFFFFFFFFFFFFFFFFFFFFFFFFFFFFFFFFFFFFFFFFFFFFFFF21
:205FA000FFFFFFFFFFFFFFFFFFFFFFFFFFFFFFFFFFFFFFFFFFFFFFFFFFFFFFFFFFFFFFFF01
:205FC000FFFFFFFFFFFFFFFFFFFFFFFFFFFFFFFFFFFFFFFFFFFFFFFFFFFFFFFFFFFFFFFFE1
:205FE000FFFFFFFFFFFFFFFFFFFFFFFFFFFFFFFFFFFFFFFFFFFFFFFFFFFFFFFFFFFFFFFFC1
:20600000FFFFFFFFFFFFFFFFFFFFFFFFFFFFFFFFFFFFFFFFFFFFFFFFFFFFFFFFFFFFFFFFA0
:20602000FFFFFFFFFFFFFFFFFFFFFFFFFFFFFFFFFFFFFFFFFFFFFFFFFFFFFFFFFFFFFFFF80
:20604000FFFFFFFFFFFFFFFFFFFFFFFFFFFFFFFFFFFFFFFFFFFFFFFFFFFFFFFFFFFFFFFF60
:20606000FFFFFFFFFFFFFFFFFFFFFFFFFFFFFFFFFFFFFFFFFFFFFFFFFFFFFFFFFFFFFFFF40
:20608000FFFFFFFFFFFFFFFFFFFFFFFFFFFFFFFFFFFFFFFFFFFFFFFFFFFFFFFFFFFFFFFF20
:2060A000FFFFFFFFFFFFFFFFFFFFFFFFFFFFFFFFFFFFFFFFFFFFFFFFFFFFFFFFFFFFFFFF00
:2060C000FFFFFFFFFFFFFFFFFFFFFFFFFFFFFFFFFFFFFFFFFFFFFFFFFFFFFFFFFFFFFFFFE0
:2060E000FFFFFFFFFFFFFFFFFFFFFFFFFFFFFFFFFFFFFFFFFFFFFFFFFFFFFFFFFFFFFFFFC0
:20610000FFFFFFFFFFFFFFFFFFFFFFFFFFFFFFFFFFFFFFFFFFFFFFFFFFFFFFFFFFFFFFFF9F
:20612000FFFFFFFFFFFFFFFFFFFFFFFFFFFFFFFFFFFFFFFFFFFFFFFFFFFFFFFFFFFFFFFF7F
:20614000FFFFFFFFFFFFFFFFFFFFFFFFFFFFFFFFFFFFFFFFFFFFFFFFFFFFFFFFFFFFFFFF5F
:20616000FFFFFFFFFFFFFFFFFFFFFFFFFFFFFFFFFFFFFFFFFFFFFFFFFFFFFFFFFFFFFFFF3F
:20618000FFFFFFFFFFFFFFFFFFFFFFFFFFFFFFFFFFFFFFFFFFFFFFFFFFFFFFFFFFFFFFFF1F
:2061A000FFFFFFFFFFFFFFFFFFFFFFFFFFFFFFFFFFFFFFFFFFFFFFFFFFFFFFFFFFFFFFFFFF
:2061C000FFFFFFFFFFFFFFFFFFFFFFFFFFFFFFFFFFFFFFFFFFFFFFFFFFFFFFFFFFFFFFFFDF
:2061E000FFFFFFFFFFFFFFFFFFFFFFFFFFFFFFFFFFFFFFFFFFFFFFFFFFFFFFFFFFFFFFFFBF
:20620000FFFFFFFFFFFFFFFFFFFFFFFFFFFFFFFFFFFFFFFFFFFFFFFFFFFFFFFFFFFFFFFF9E
:20622000FFFFFFFFFFFFFFFFFFFFFFFFFFFFFFFFFFFFFFFFFFFFFFFFFFFFFFFFFFFFFFFF7E
:20624000FFFFFFFFFFFFFFFFFFFFFFFFFFFFFFFFFFFFFFFFFFFFFFFFFFFFFFFFFFFFFFFF5E
:20626000FFFFFFFFFFFFFFFFFFFFFFFFFFFFFFFFFFFFFFFFFFFFFFFFFFFFFFFFFFFFFFFF3E
:20628000FFFFFFFFFFFFFFFFFFFFFFFFFFFFFFFFFFFFFFFFFFFFFFFFFFFFFFFFFFFFFFFF1E
:2062A000FFFFFFFFFFFFFFFFFFFFFFFFFFFFFFFFFFFFFFFFFFFFFFFFFFFFFFFFFFFFFFFFFE
:2062C000FFFFFFFFFFFFFFFFFFFFFFFFFFFFFFFFFFFFFFFFFFFFFFFFFFFFFFFFFFFFFFFFDE
:2062E000FFFFFFFFFFFFFFFFFFFFFFFFFFFFFFFFFFFFFFFFFFFFFFFFFFFFFFFFFFFFFFFFBE
:20630000FFFFFFFFFFFFFFFFFFFFFFFFFFFFFFFFFFFFFFFFFFFFFFFFFFFFFFFFFFFFFFFF9D
:20632000FFFFFFFFFFFFFFFFFFFFFFFFFFFFFFFFFFFFFFFFFFFFFFFFFFFFFFFFFFFFFFFF7D
:20634000FFFFFFFFFFFFFFFFFFFFFFFFFFFFFFFFFFFFFFFFFFFFFFFFFFFFFFFFFFFFFFFF5D
:20636000FFFFFFFFFFFFFFFFFFFFFFFFFFFFFFFFFFFFFFFFFFFFFFFFFFFFFFFFFFFFFFFF3D
:20638000FFFFFFFFFFFFFFFFFFFFFFFFFFFFFFFFFFFFFFFFFFFFFFFFFFFFFFFFFFFFFFFF1D
:2063A000FFFFFFFFFFFFFFFFFFFFFFFFFFFFFFFFFFFFFFFFFFFFFFFFFFFFFFFFFFFFFFFFFD
:2063C000FFFFFFFFFFFFFFFFFFFFFFFFFFFFFFFFFFFFFFFFFFFFFFFFFFFFFFFFFFFFFFFFDD
:2063E000FFFFFFFFFFFFFFFFFFFFFFFFFFFFFFFFFFFFFFFFFFFFFFFFFFFFFFFFFFFFFFFFBD
:20640000FFFFFFFFFFFFFFFFFFFFFFFFFFFFFFFFFFFFFFFFFFFFFFFFFFFFFFFFFFFFFFFF9C
:20642000FFFFFFFFFFFFFFFFFFFFFFFFFFFFFFFFFFFFFFFFFFFFFFFFFFFFFFFFFFFFFFFF7C
:20644000FFFFFFFFFFFFFFFFFFFFFFFFFFFFFFFFFFFFFFFFFFFFFFFFFFFFFFFFFFFFFFFF5C
:20646000FFFFFFFFFFFFFFFFFFFFFFFFFFFFFFFFFFFFFFFFFFFFFFFFFFFFFFFFFFFFFFFF3C
:20648000FFFFFFFFFFFFFFFFFFFFFFFFFFFFFFFFFFFFFFFFFFFFFFFFFFFFFFFFFFFFFFFF1C
:2064A000FFFFFFFFFFFFFFFFFFFFFFFFFFFFFFFFFFFFFFFFFFFFFFFFFFFFFFFFFFFFFFFFFC
:2064C000FFFFFFFFFFFFFFFFFFFFFFFFFFFFFFFFFFFFFFFFFFFFFFFFFFFFFFFFFFFFFFFFDC
:2064E000FFFFFFFFFFFFFFFFFFFFFFFFFFFFFFFFFFFFFFFFFFFFFFFFFFFFFFFFFFFFFFFFBC
:20650000FFFFFFFFFFFFFFFFFFFFFFFFFFFFFFFFFFFFFFFFFFFFFFFFFFFFFFFFFFFFFFFF9B
:20652000FFFFFFFFFFFFFFFFFFFFFFFFFFFFFFFFFFFFFFFFFFFFFFFFFFFFFFFFFFFFFFFF7B
:20654000FFFFFFFFFFFFFFFFFFFFFFFFFFFFFFFFFFFFFFFFFFFFFFFFFFFFFFFFFFFFFFFF5B
:20656000FFFFFFFFFFFFFFFFFFFFFFFFFFFFFFFFFFFFFFFFFFFFFFFFFFFFFFFFFFFFFFFF3B
:20658000FFFFFFFFFFFFFFFFFFFFFFFFFFFFFFFFFFFFFFFFFFFFFFFFFFFFFFFFFFFFFFFF1B
:2065A000FFFFFFFFFFFFFFFFFFFFFFFFFFFFFFFFFFFFFFFFFFFFFFFFFFFFFFFFFFFFFFFFFB
:2065C000FFFFFFFFFFFFFFFFFFFFFFFFFFFFFFFFFFFFFFFFFFFFFFFFFFFFFFFFFFFFFFFFDB
:2065E000FFFFFFFFFFFFFFFFFFFFFFFFFFFFFFFFFFFFFFFFFFFFFFFFFFFFFFFFFFFFFFFFBB
:20660000FFFFFFFFFFFFFFFFFFFFFFFFFFFFFFFFFFFFFFFFFFFFFFFFFFFFFFFFFFFFFFFF9A
:20662000FFFFFFFFFFFFFFFFFFFFFFFFFFFFFFFFFFFFFFFFFFFFFFFFFFFFFFFFFFFFFFFF7A
:20664000FFFFFFFFFFFFFFFFFFFFFFFFFFFFFFFFFFFFFFFFFFFFFFFFFFFFFFFFFFFFFFFF5A
:20666000FFFFFFFFFFFFFFFFFFFFFFFFFFFFFFFFFFFFFFFFFFFFFFFFFFFFFFFFFFFFFFFF3A
:20668000FFFFFFFFFFFFFFFFFFFFFFFFFFFFFFFFFFFFFFFFFFFFFFFFFFFFFFFFFFFFFFFF1A
:2066A000FFFFFFFFFFFFFFFFFFFFFFFFFFFFFFFFFFFFFFFFFFFFFFFFFFFFFFFFFFFFFFFFFA
:2066C000FFFFFFFFFFFFFFFFFFFFFFFFFFFFFFFFFFFFFFFFFFFFFFFFFFFFFFFFFFFFFFFFDA
:2066E000FFFFFFFFFFFFFFFFFFFFFFFFFFFFFFFFFFFFFFFFFFFFFFFFFFFFFFFFFFFFFFFFBA
:20670000FFFFFFFFFFFFFFFFFFFFFFFFFFFFFFFFFFFFFFFFFFFFFFFFFFFFFFFFFFFFFFFF99
:20672000FFFFFFFFFFFFFFFFFFFFFFFFFFFFFFFFFFFFFFFFFFFFFFFFFFFFFFFFFFFFFFFF79
:20674000FFFFFFFFFFFFFFFFFFFFFFFFFFFFFFFFFFFFFFFFFFFFFFFFFFFFFFFFFFFFFFFF59
:20676000FFFFFFFFFFFFFFFFFFFFFFFFFFFFFFFFFFFFFFFFFFFFFFFFFFFFFFFFFFFFFFFF39
:20678000FFFFFFFFFFFFFFFFFFFFFFFFFFFFFFFFFFFFFFFFFFFFFFFFFFFFFFFFFFFFFFFF19
:2067A000FFFFFFFFFFFFFFFFFFFFFFFFFFFFFFFFFFFFFFFFFFFFFFFFFFFFFFFFFFFFFFFFF9
:2067C000FFFFFFFFFFFFFFFFFFFFFFFFFFFFFFFFFFFFFFFFFFFFFFFFFFFFFFFFFFFFFFFFD9
:2067E000FFFFFFFFFFFFFFFFFFFFFFFFFFFFFFFFFFFFFFFFFFFFFFFFFFFFFFFFFFFFFFFFB9
:20680000FFFFFFFFFFFFFFFFFFFFFFFFFFFFFFFFFFFFFFFFFFFFFFFFFFFFFFFFFFFFFFFF98
:20682000FFFFFFFFFFFFFFFFFFFFFFFFFFFFFFFFFFFFFFFFFFFFFFFFFFFFFFFFFFFFFFFF78
:20684000FFFFFFFFFFFFFFFFFFFFFFFFFFFFFFFFFFFFFFFFFFFFFFFFFFFFFFFFFFFFFFFF58
:20686000FFFFFFFFFFFFFFFFFFFFFFFFFFFFFFFFFFFFFFFFFFFFFFFFFFFFFFFFFFFFFFFF38
:20688000FFFFFFFFFFFFFFFFFFFFFFFFFFFFFFFFFFFFFFFFFFFFFFFFFFFFFFFFFFFFFFFF18
:2068A000FFFFFFFFFFFFFFFFFFFFFFFFFFFFFFFFFFFFFFFFFFFFFFFFFFFFFFFFFFFFFFFFF8
:2068C000FFFFFFFFFFFFFFFFFFFFFFFFFFFFFFFFFFFFFFFFFFFFFFFFFFFFFFFFFFFFFFFFD8
:2068E000FFFFFFFFFFFFFFFFFFFFFFFFFFFFFFFFFFFFFFFFFFFFFFFFFFFFFFFFFFFFFFFFB8
:20690000FFFFFFFFFFFFFFFFFFFFFFFFFFFFFFFFFFFFFFFFFFFFFFFFFFFFFFFFFFFFFFFF97
:20692000FFFFFFFFFFFFFFFFFFFFFFFFFFFFFFFFFFFFFFFFFFFFFFFFFFFFFFFFFFFFFFFF77
:20694000FFFFFFFFFFFFFFFFFFFFFFFFFFFFFFFFFFFFFFFFFFFFFFFFFFFFFFFFFFFFFFFF57
:20696000FFFFFFFFFFFFFFFFFFFFFFFFFFFFFFFFFFFFFFFFFFFFFFFFFFFFFFFFFFFFFFFF37
:20698000FFFFFFFFFFFFFFFFFFFFFFFFFFFFFFFFFFFFFFFFFFFFFFFFFFFFFFFFFFFFFFFF17
:2069A000FFFFFFFFFFFFFFFFFFFFFFFFFFFFFFFFFFFFFFFFFFFFFFFFFFFFFFFFFFFFFFFFF7
:2069C000FFFFFFFFFFFFFFFFFFFFFFFFFFFFFFFFFFFFFFFFFFFFFFFFFFFFFFFFFFFFFFFFD7
:2069E000FFFFFFFFFFFFFFFFFFFFFFFFFFFFFFFFFFFFFFFFFFFFFFFFFFFFFFFFFFFFFFFFB7
:206A0000FFFFFFFFFFFFFFFFFFFFFFFFFFFFFFFFFFFFFFFFFFFFFFFFFFFFFFFFFFFFFFFF96
:206A2000FFFFFFFFFFFFFFFFFFFFFFFFFFFFFFFFFFFFFFFFFFFFFFFFFFFFFFFFFFFFFFFF76
:206A4000FFFFFFFFFFFFFFFFFFFFFFFFFFFFFFFFFFFFFFFFFFFFFFFFFFFFFFFFFFFFFFFF56
:206A6000FFFFFFFFFFFFFFFFFFFFFFFFFFFFFFFFFFFFFFFFFFFFFFFFFFFFFFFFFFFFFFFF36
:206A8000FFFFFFFFFFFFFFFFFFFFFFFFFFFFFFFFFFFFFFFFFFFFFFFFFFFFFFFFFFFFFFFF16
:206AA000FFFFFFFFFFFFFFFFFFFFFFFFFFFFFFFFFFFFFFFFFFFFFFFFFFFFFFFFFFFFFFFFF6
:206AC000FFFFFFFFFFFFFFFFFFFFFFFFFFFFFFFFFFFFFFFFFFFFFFFFFFFFFFFFFFFFFFFFD6
:206AE000FFFFFFFFFFFFFFFFFFFFFFFFFFFFFFFFFFFFFFFFFFFFFFFFFFFFFFFFFFFFFFFFB6
:206B0000FFFFFFFFFFFFFFFFFFFFFFFFFFFFFFFFFFFFFFFFFFFFFFFFFFFFFFFFFFFFFFFF95
:206B2000FFFFFFFFFFFFFFFFFFFFFFFFFFFFFFFFFFFFFFFFFFFFFFFFFFFFFFFFFFFFFFFF75
:206B4000FFFFFFFFFFFFFFFFFFFFFFFFFFFFFFFFFFFFFFFFFFFFFFFFFFFFFFFFFFFFFFFF55
:206B6000FFFFFFFFFFFFFFFFFFFFFFFFFFFFFFFFFFFFFFFFFFFFFFFFFFFFFFFFFFFFFFFF35
:206B8000FFFFFFFFFFFFFFFFFFFFFFFFFFFFFFFFFFFFFFFFFFFFFFFFFFFFFFFFFFFFFFFF15
:206BA000FFFFFFFFFFFFFFFFFFFFFFFFFFFFFFFFFFFFFFFFFFFFFFFFFFFFFFFFFFFFFFFFF5
:206BC000FFFFFFFFFFFFFFFFFFFFFFFFFFFFFFFFFFFFFFFFFFFFFFFFFFFFFFFFFFFFFFFFD5
:206BE000FFFFFFFFFFFFFFFFFFFFFFFFFFFFFFFFFFFFFFFFFFFFFFFFFFFFFFFFFFFFFFFFB5
:206C0000FFFFFFFFFFFFFFFFFFFFFFFFFFFFFFFFFFFFFFFFFFFFFFFFFFFFFFFFFFFFFFFF94
:206C2000FFFFFFFFFFFFFFFFFFFFFFFFFFFFFFFFFFFFFFFFFFFFFFFFFFFFFFFFFFFFFFFF74
:206C4000FFFFFFFFFFFFFFFFFFFFFFFFFFFFFFFFFFFFFFFFFFFFFFFFFFFFFFFFFFFFFFFF54
:206C6000FFFFFFFFFFFFFFFFFFFFFFFFFFFFFFFFFFFFFFFFFFFFFFFFFFFFFFFFFFFFFFFF34
:206C8000FFFFFFFFFFFFFFFFFFFFFFFFFFFFFFFFFFFFFFFFFFFFFFFFFFFFFFFFFFFFFFFF14
:206CA000FFFFFFFFFFFFFFFFFFFFFFFFFFFFFFFFFFFFFFFFFFFFFFFFFFFFFFFFFFFFFFFFF4
:206CC000FFFFFFFFFFFFFFFFFFFFFFFFFFFFFFFFFFFFFFFFFFFFFFFFFFFFFFFFFFFFFFFFD4
:206CE000FFFFFFFFFFFFFFFFFFFFFFFFFFFFFFFFFFFFFFFFFFFFFFFFFFFFFFFFFFFFFFFFB4
:206D0000FFFFFFFFFFFFFFFFFFFFFFFFFFFFFFFFFFFFFFFFFFFFFFFFFFFFFFFFFFFFFFFF93
:206D2000FFFFFFFFFFFFFFFFFFFFFFFFFFFFFFFFFFFFFFFFFFFFFFFFFFFFFFFFFFFFFFFF73
:206D4000FFFFFFFFFFFFFFFFFFFFFFFFFFFFFFFFFFFFFFFFFFFFFFFFFFFFFFFFFFFFFFFF53
:206D6000FFFFFFFFFFFFFFFFFFFFFFFFFFFFFFFFFFFFFFFFFFFFFFFFFFFFFFFFFFFFFFFF33
:206D8000FFFFFFFFFFFFFFFFFFFFFFFFFFFFFFFFFFFFFFFFFFFFFFFFFFFFFFFFFFFFFFFF13
:206DA000FFFFFFFFFFFFFFFFFFFFFFFFFFFFFFFFFFFFFFFFFFFFFFFFFFFFFFFFFFFFFFFFF3
:206DC000FFFFFFFFFFFFFFFFFFFFFFFFFFFFFFFFFFFFFFFFFFFFFFFFFFFFFFFFFFFFFFFFD3
:206DE000FFFFFFFFFFFFFFFFFFFFFFFFFFFFFFFFFFFFFFFFFFFFFFFFFFFFFFFFFFFFFFFFB3
:206E0000FFFFFFFFFFFFFFFFFFFFFFFFFFFFFFFFFFFFFFFFFFFFFFFFFFFFFFFFFFFFFFFF92
:206E2000FFFFFFFFFFFFFFFFFFFFFFFFFFFFFFFFFFFFFFFFFFFFFFFFFFFFFFFFFFFFFFFF72
:206E4000FFFFFFFFFFFFFFFFFFFFFFFFFFFFFFFFFFFFFFFFFFFFFFFFFFFFFFFFFFFFFFFF52
:206E6000FFFFFFFFFFFFFFFFFFFFFFFFFFFFFFFFFFFFFFFFFFFFFFFFFFFFFFFFFFFFFFFF32
:206E8000FFFFFFFFFFFFFFFFFFFFFFFFFFFFFFFFFFFFFFFFFFFFFFFFFFFFFFFFFFFFFFFF12
:206EA000FFFFFFFFFFFFFFFFFFFFFFFFFFFFFFFFFFFFFFFFFFFFFFFFFFFFFFFFFFFFFFFFF2
:206EC000FFFFFFFFFFFFFFFFFFFFFFFFFFFFFFFFFFFFFFFFFFFFFFFFFFFFFFFFFFFFFFFFD2
:206EE000FFFFFFFFFFFFFFFFFFFFFFFFFFFFFFFFFFFFFFFFFFFFFFFFFFFFFFFFFFFFFFFFB2
:206F0000FFFFFFFFFFFFFFFFFFFFFFFFFFFFFFFFFFFFFFFFFFFFFFFFFFFFFFFFFFFFFFFF91
:206F2000FFFFFFFFFFFFFFFFFFFFFFFFFFFFFFFFFFFFFFFFFFFFFFFFFFFFFFFFFFFFFFFF71
:206F4000FFFFFFFFFFFFFFFFFFFFFFFFFFFFFFFFFFFFFFFFFFFFFFFFFFFFFFFFFFFFFFFF51
:206F6000FFFFFFFFFFFFFFFFFFFFFFFFFFFFFFFFFFFFFFFFFFFFFFFFFFFFFFFFFFFFFFFF31
:206F8000FFFFFFFFFFFFFFFFFFFFFFFFFFFFFFFFFFFFFFFFFFFFFFFFFFFFFFFFFFFFFFFF11
:206FA000FFFFFFFFFFFFFFFFFFFFFFFFFFFFFFFFFFFFFFFFFFFFFFFFFFFFFFFFFFFFFFFFF1
:206FC000FFFFFFFFFFFFFFFFFFFFFFFFFFFFFFFFFFFFFFFFFFFFFFFFFFFFFFFFFFFFFFFFD1
:206FE000FFFFFFFFFFFFFFFFFFFFFFFFFFFFFFFFFFFFFFFFFFFFFFFFFFFFFFFFFFFFFFFFB1
:20700000FFFFFFFFFFFFFFFFFFFFFFFFFFFFFFFFFFFFFFFFFFFFFFFFFFFFFFFFFFFFFFFF90
:20702000FFFFFFFFFFFFFFFFFFFFFFFFFFFFFFFFFFFFFFFFFFFFFFFFFFFFFFFFFFFFFFFF70
:20704000FFFFFFFFFFFFFFFFFFFFFFFFFFFFFFFFFFFFFFFFFFFFFFFFFFFFFFFFFFFFFFFF50
:20706000FFFFFFFFFFFFFFFFFFFFFFFFFFFFFFFFFFFFFFFFFFFFFFFFFFFFFFFFFFFFFFFF30
:20708000FFFFFFFFFFFFFFFFFFFFFFFFFFFFFFFFFFFFFFFFFFFFFFFFFFFFFFFFFFFFFFFF10
:2070A000FFFFFFFFFFFFFFFFFFFFFFFFFFFFFFFFFFFFFFFFFFFFFFFFFFFFFFFFFFFFFFFFF0
:2070C000FFFFFFFFFFFFFFFFFFFFFFFFFFFFFFFFFFFFFFFFFFFFFFFFFFFFFFFFFFFFFFFFD0
:2070E000FFFFFFFFFFFFFFFFFFFFFFFFFFFFFFFFFFFFFFFFFFFFFFFFFFFFFFFFFFFFFFFFB0
:20710000FFFFFFFFFFFFFFFFFFFFFFFFFFFFFFFFFFFFFFFFFFFFFFFFFFFFFFFFFFFFFFFF8F
:20712000FFFFFFFFFFFFFFFFFFFFFFFFFFFFFFFFFFFFFFFFFFFFFFFFFFFFFFFFFFFFFFFF6F
:20714000FFFFFFFFFFFFFFFFFFFFFFFFFFFFFFFFFFFFFFFFFFFFFFFFFFFFFFFFFFFFFFFF4F
:20716000FFFFFFFFFFFFFFFFFFFFFFFFFFFFFFFFFFFFFFFFFFFFFFFFFFFFFFFFFFFFFFFF2F
:20718000FFFFFFFFFFFFFFFFFFFFFFFFFFFFFFFFFFFFFFFFFFFFFFFFFFFFFFFFFFFFFFFF0F
:2071A000FFFFFFFFFFFFFFFFFFFFFFFFFFFFFFFFFFFFFFFFFFFFFFFFFFFFFFFFFFFFFFFFEF
:2071C000FFFFFFFFFFFFFFFFFFFFFFFFFFFFFFFFFFFFFFFFFFFFFFFFFFFFFFFFFFFFFFFFCF
:2071E000FFFFFFFFFFFFFFFFFFFFFFFFFFFFFFFFFFFFFFFFFFFFFFFFFFFFFFFFFFFFFFFFAF
:20720000FFFFFFFFFFFFFFFFFFFFFFFFFFFFFFFFFFFFFFFFFFFFFFFFFFFFFFFFFFFFFFFF8E
:20722000FFFFFFFFFFFFFFFFFFFFFFFFFFFFFFFFFFFFFFFFFFFFFFFFFFFFFFFFFFFFFFFF6E
:20724000FFFFFFFFFFFFFFFFFFFFFFFFFFFFFFFFFFFFFFFFFFFFFFFFFFFFFFFFFFFFFFFF4E
:20726000FFFFFFFFFFFFFFFFFFFFFFFFFFFFFFFFFFFFFFFFFFFFFFFFFFFFFFFFFFFFFFFF2E
:20728000FFFFFFFFFFFFFFFFFFFFFFFFFFFFFFFFFFFFFFFFFFFFFFFFFFFFFFFFFFFFFFFF0E
:2072A000FFFFFFFFFFFFFFFFFFFFFFFFFFFFFFFFFFFFFFFFFFFFFFFFFFFFFFFFFFFFFFFFEE
:2072C000FFFFFFFFFFFFFFFFFFFFFFFFFFFFFFFFFFFFFFFFFFFFFFFFFFFFFFFFFFFFFFFFCE
:2072E000FFFFFFFFFFFFFFFFFFFFFFFFFFFFFFFFFFFFFFFFFFFFFFFFFFFFFFFFFFFFFFFFAE
:20730000FFFFFFFFFFFFFFFFFFFFFFFFFFFFFFFFFFFFFFFFFFFFFFFFFFFFFFFFFFFFFFFF8D
:20732000FFFFFFFFFFFFFFFFFFFFFFFFFFFFFFFFFFFFFFFFFFFFFFFFFFFFFFFFFFFFFFFF6D
:20734000FFFFFFFFFFFFFFFFFFFFFFFFFFFFFFFFFFFFFFFFFFFFFFFFFFFFFFFFFFFFFFFF4D
:20736000FFFFFFFFFFFFFFFFFFFFFFFFFFFFFFFFFFFFFFFFFFFFFFFFFFFFFFFFFFFFFFFF2D
:20738000FFFFFFFFFFFFFFFFFFFFFFFFFFFFFFFFFFFFFFFFFFFFFFFFFFFFFFFFFFFFFFFF0D
:2073A000FFFFFFFFFFFFFFFFFFFFFFFFFFFFFFFFFFFFFFFFFFFFFFFFFFFFFFFFFFFFFFFFED
:2073C000FFFFFFFFFFFFFFFFFFFFFFFFFFFFFFFFFFFFFFFFFFFFFFFFFFFFFFFFFFFFFFFFCD
:2073E000FFFFFFFFFFFFFFFFFFFFFFFFFFFFFFFFFFFFFFFFFFFFFFFFFFFFFFFFFFFFFFFFAD
:20740000FFFFFFFFFFFFFFFFFFFFFFFFFFFFFFFFFFFFFFFFFFFFFFFFFFFFFFFFFFFFFFFF8C
:20742000FFFFFFFFFFFFFFFFFFFFFFFFFFFFFFFFFFFFFFFFFFFFFFFFFFFFFFFFFFFFFFFF6C
:20744000FFFFFFFFFFFFFFFFFFFFFFFFFFFFFFFFFFFFFFFFFFFFFFFFFFFFFFFFFFFFFFFF4C
:20746000FFFFFFFFFFFFFFFFFFFFFFFFFFFFFFFFFFFFFFFFFFFFFFFFFFFFFFFFFFFFFFFF2C
:20748000FFFFFFFFFFFFFFFFFFFFFFFFFFFFFFFFFFFFFFFFFFFFFFFFFFFFFFFFFFFFFFFF0C
:2074A000FFFFFFFFFFFFFFFFFFFFFFFFFFFFFFFFFFFFFFFFFFFFFFFFFFFFFFFFFFFFFFFFEC
:2074C000FFFFFFFFFFFFFFFFFFFFFFFFFFFFFFFFFFFFFFFFFFFFFFFFFFFFFFFFFFFFFFFFCC
:2074E000FFFFFFFFFFFFFFFFFFFFFFFFFFFFFFFFFFFFFFFFFFFFFFFFFFFFFFFFFFFFFFFFAC
:20750000FFFFFFFFFFFFFFFFFFFFFFFFFFFFFFFFFFFFFFFFFFFFFFFFFFFFFFFFFFFFFFFF8B
:20752000FFFFFFFFFFFFFFFFFFFFFFFFFFFFFFFFFFFFFFFFFFFFFFFFFFFFFFFFFFFFFFFF6B
:20754000FFFFFFFFFFFFFFFFFFFFFFFFFFFFFFFFFFFFFFFFFFFFFFFFFFFFFFFFFFFFFFFF4B
:20756000FFFFFFFFFFFFFFFFFFFFFFFFFFFFFFFFFFFFFFFFFFFFFFFFFFFFFFFFFFFFFFFF2B
:20758000FFFFFFFFFFFFFFFFFFFFFFFFFFFFFFFFFFFFFFFFFFFFFFFFFFFFFFFFFFFFFFFF0B
:2075A000FFFFFFFFFFFFFFFFFFFFFFFFFFFFFFFFFFFFFFFFFFFFFFFFFFFFFFFFFFFFFFFFEB
:2075C000FFFFFFFFFFFFFFFFFFFFFFFFFFFFFFFFFFFFFFFFFFFFFFFFFFFFFFFFFFFFFFFFCB
:2075E000FFFFFFFFFFFFFFFFFFFFFFFFFFFFFFFFFFFFFFFFFFFFFFFFFFFFFFFFFFFFFFFFAB
:20760000FFFFFFFFFFFFFFFFFFFFFFFFFFFFFFFFFFFFFFFFFFFFFFFFFFFFFFFFFFFFFFFF8A
:20762000FFFFFFFFFFFFFFFFFFFFFFFFFFFFFFFFFFFFFFFFFFFFFFFFFFFFFFFFFFFFFFFF6A
:20764000FFFFFFFFFFFFFFFFFFFFFFFFFFFFFFFFFFFFFFFFFFFFFFFFFFFFFFFFFFFFFFFF4A
:20766000FFFFFFFFFFFFFFFFFFFFFFFFFFFFFFFFFFFFFFFFFFFFFFFFFFFFFFFFFFFFFFFF2A
:20768000FFFFFFFFFFFFFFFFFFFFFFFFFFFFFFFFFFFFFFFFFFFFFFFFFFFFFFFFFFFFFFFF0A
:2076A000FFFFFFFFFFFFFFFFFFFFFFFFFFFFFFFFFFFFFFFFFFFFFFFFFFFFFFFFFFFFFFFFEA
:2076C000FFFFFFFFFFFFFFFFFFFFFFFFFFFFFFFFFFFFFFFFFFFFFFFFFFFFFFFFFFFFFFFFCA
:2076E000FFFFFFFFFFFFFFFFFFFFFFFFFFFFFFFFFFFFFFFFFFFFFFFFFFFFFFFFFFFFFFFFAA
:20770000FFFFFFFFFFFFFFFFFFFFFFFFFFFFFFFFFFFFFFFFFFFFFFFFFFFFFFFFFFFFFFFF89
:20772000FFFFFFFFFFFFFFFFFFFFFFFFFFFFFFFFFFFFFFFFFFFFFFFFFFFFFFFFFFFFFFFF69
:20774000FFFFFFFFFFFFFFFFFFFFFFFFFFFFFFFFFFFFFFFFFFFFFFFFFFFFFFFFFFFFFFFF49
:20776000FFFFFFFFFFFFFFFFFFFFFFFFFFFFFFFFFFFFFFFFFFFFFFFFFFFFFFFFFFFFFFFF29
:20778000FFFFFFFFFFFFFFFFFFFFFFFFFFFFFFFFFFFFFFFFFFFFFFFFFFFFFFFFFFFFFFFF09
:2077A000FFFFFFFFFFFFFFFFFFFFFFFFFFFFFFFFFFFFFFFFFFFFFFFFFFFFFFFFFFFFFFFFE9
:2077C000FFFFFFFFFFFFFFFFFFFFFFFFFFFFFFFFFFFFFFFFFFFFFFFFFFFFFFFFFFFFFFFFC9
:2077E000FFFFFFFFFFFFFFFFFFFFFFFFFFFFFFFFFFFFFFFFFFFFFFFFFFFFFFFFFFFFFFFFA9
:20780000FFFFFFFFFFFFFFFFFFFFFFFFFFFFFFFFFFFFFFFFFFFFFFFFFFFFFFFFFFFFFFFF88
:20782000FFFFFFFFFFFFFFFFFFFFFFFFFFFFFFFFFFFFFFFFFFFFFFFFFFFFFFFFFFFFFFFF68
:20784000FFFFFFFFFFFFFFFFFFFFFFFFFFFFFFFFFFFFFFFFFFFFFFFFFFFFFFFFFFFFFFFF48
:20786000FFFFFFFFFFFFFFFFFFFFFFFFFFFFFFFFFFFFFFFFFFFFFFFFFFFFFFFFFFFFFFFF28
:20788000FFFFFFFFFFFFFFFFFFFFFFFFFFFFFFFFFFFFFFFFFFFFFFFFFFFFFFFFFFFFFFFF08
:2078A000FFFFFFFFFFFFFFFFFFFFFFFFFFFFFFFFFFFFFFFFFFFFFFFFFFFFFFFFFFFFFFFFE8
:2078C000FFFFFFFFFFFFFFFFFFFFFFFFFFFFFFFFFFFFFFFFFFFFFFFFFFFFFFFFFFFFFFFFC8
:2078E000FFFFFFFFFFFFFFFFFFFFFFFFFFFFFFFFFFFFFFFFFFFFFFFFFFFFFFFFFFFFFFFFA8
:20790000FFFFFFFFFFFFFFFFFFFFFFFFFFFFFFFFFFFFFFFFFFFFFFFFFFFFFFFFFFFFFFFF87
:20792000FFFFFFFFFFFFFFFFFFFFFFFFFFFFFFFFFFFFFFFFFFFFFFFFFFFFFFFFFFFFFFFF67
:20794000FFFFFFFFFFFFFFFFFFFFFFFFFFFFFFFFFFFFFFFFFFFFFFFFFFFFFFFFFFFFFFFF47
:20796000FFFFFFFFFFFFFFFFFFFFFFFFFFFFFFFFFFFFFFFFFFFFFFFFFFFFFFFFFFFFFFFF27
:20798000FFFFFFFFFFFFFFFFFFFFFFFFFFFFFFFFFFFFFFFFFFFFFFFFFFFFFFFFFFFFFFFF07
:2079A000FFFFFFFFFFFFFFFFFFFFFFFFFFFFFFFFFFFFFFFFFFFFFFFFFFFFFFFFFFFFFFFFE7
:2079C000FFFFFFFFFFFFFFFFFFFFFFFFFFFFFFFFFFFFFFFFFFFFFFFFFFFFFFFFFFFFFFFFC7
:2079E000FFFFFFFFFFFFFFFFFFFFFFFFFFFFFFFFFFFFFFFFFFFFFFFFFFFFFFFFFFFFFFFFA7
:207A0000FFFFFFFFFFFFFFFFFFFFFFFFFFFFFFFFFFFFFFFFFFFFFFFFFFFFFFFFFFFFFFFF86
:207A2000FFFFFFFFFFFFFFFFFFFFFFFFFFFFFFFFFFFFFFFFFFFFFFFFFFFFFFFFFFFFFFFF66
:207A4000FFFFFFFFFFFFFFFFFFFFFFFFFFFFFFFFFFFFFFFFFFFFFFFFFFFFFFFFFFFFFFFF46
:207A6000FFFFFFFFFFFFFFFFFFFFFFFFFFFFFFFFFFFFFFFFFFFFFFFFFFFFFFFFFFFFFFFF26
:207A8000FFFFFFFFFFFFFFFFFFFFFFFFFFFFFFFFFFFFFFFFFFFFFFFFFFFFFFFFFFFFFFFF06
:207AA000FFFFFFFFFFFFFFFFFFFFFFFFFFFFFFFFFFFFFFFFFFFFFFFFFFFFFFFFFFFFFFFFE6
:207AC000FFFFFFFFFFFFFFFFFFFFFFFFFFFFFFFFFFFFFFFFFFFFFFFFFFFFFFFFFFFFFFFFC6
:207AE000FFFFFFFFFFFFFFFFFFFFFFFFFFFFFFFFFFFFFFFFFFFFFFFFFFFFFFFFFFFFFFFFA6
:207B0000FFFFFFFFFFFFFFFFFFFFFFFFFFFFFFFFFFFFFFFFFFFFFFFFFFFFFFFFFFFFFFFF85
:207B2000FFFFFFFFFFFFFFFFFFFFFFFFFFFFFFFFFFFFFFFFFFFFFFFFFFFFFFFFFFFFFFFF65
:207B4000FFFFFFFFFFFFFFFFFFFFFFFFFFFFFFFFFFFFFFFFFFFFFFFFFFFFFFFFFFFFFFFF45
:207B6000FFFFFFFFFFFFFFFFFFFFFFFFFFFFFFFFFFFFFFFFFFFFFFFFFFFFFFFFFFFFFFFF25
:207B8000FFFFFFFFFFFFFFFFFFFFFFFFFFFFFFFFFFFFFFFFFFFFFFFFFFFFFFFFFFFFFFFF05
:207BA000FFFFFFFFFFFFFFFFFFFFFFFFFFFFFFFFFFFFFFFFFFFFFFFFFFFFFFFFFFFFFFFFE5
:207BC000FFFFFFFFFFFFFFFFFFFFFFFFFFFFFFFFFFFFFFFFFFFFFFFFFFFFFFFFFFFFFFFFC5
:207BE000FFFFFFFFFFFFFFFFFFFFFFFFFFFFFFFFFFFFFFFFFFFFFFFFFFFFFFFFFFFFFFFFA5
:207C0000FFFFFFFFFFFFFFFFFFFFFFFFFFFFFFFFFFFFFFFFFFFFFFFFFFFFFFFFFFFFFFFF84
:207C2000FFFFFFFFFFFFFFFFFFFFFFFFFFFFFFFFFFFFFFFFFFFFFFFFFFFFFFFFFFFFFFFF64
:207C4000FFFFFFFFFFFFFFFFFFFFFFFFFFFFFFFFFFFFFFFFFFFFFFFFFFFFFFFFFFFFFFFF44
:207C6000FFFFFFFFFFFFFFFFFFFFFFFFFFFFFFFFFFFFFFFFFFFFFFFFFFFFFFFFFFFFFFFF24
:207C8000FFFFFFFFFFFFFFFFFFFFFFFFFFFFFFFFFFFFFFFFFFFFFFFFFFFFFFFFFFFFFFFF04
:207CA000FFFFFFFFFFFFFFFFFFFFFFFFFFFFFFFFFFFFFFFFFFFFFFFFFFFFFFFFFFFFFFFFE4
:207CC000FFFFFFFFFFFFFFFFFFFFFFFFFFFFFFFFFFFFFFFFFFFFFFFFFFFFFFFFFFFFFFFFC4
:207CE000FFFFFFFFFFFFFFFFFFFFFFFFFFFFFFFFFFFFFFFFFFFFFFFFFFFFFFFFFFFFFFFFA4
:207D0000FFFFFFFFFFFFFFFFFFFFFFFFFFFFFFFFFFFFFFFFFFFFFFFFFFFFFFFFFFFFFFFF83
:207D2000FFFFFFFFFFFFFFFFFFFFFFFFFFFFFFFFFFFFFFFFFFFFFFFFFFFFFFFFFFFFFFFF63
:207D4000FFFFFFFFFFFFFFFFFFFFFFFFFFFFFFFFFFFFFFFFFFFFFFFFFFFFFFFFFFFFFFFF43
:207D6000FFFFFFFFFFFFFFFFFFFFFFFFFFFFFFFFFFFFFFFFFFFFFFFFFFFFFFFFFFFFFFFF23
:207D8000FFFFFFFFFFFFFFFFFFFFFFFFFFFFFFFFFFFFFFFFFFFFFFFFFFFFFFFFFFFFFFFF03
:207DA000FFFFFFFFFFFFFFFFFFFFFFFFFFFFFFFFFFFFFFFFFFFFFFFFFFFFFFFFFFFFFFFFE3
:207DC000FFFFFFFFFFFFFFFFFFFFFFFFFFFFFFFFFFFFFFFFFFFFFFFFFFFFFFFFFFFFFFFFC3
:207DE000FFFFFFFFFFFFFFFFFFFFFFFFFFFFFFFFFFFFFFFFFFFFFFFFFFFFFFFFFFFFFFFFA3
:207E0000FFFFFFFFFFFFFFFFFFFFFFFFFFFFFFFFFFFFFFFFFFFFFFFFFFFFFFFFFFFFFFFF82
:207E2000FFFFFFFFFFFFFFFFFFFFFFFFFFFFFFFFFFFFFFFFFFFFFFFFFFFFFFFFFFFFFFFF62
:207E4000FFFFFFFFFFFFFFFFFFFFFFFFFFFFFFFFFFFFFFFFFFFFFFFFFFFFFFFFFFFFFFFF42
:207E6000FFFFFFFFFFFFFFFFFFFFFFFFFFFFFFFFFFFFFFFFFFFFFFFFFFFFFFFFFFFFFFFF22
:207E8000FFFFFFFFFFFFFFFFFFFFFFFFFFFFFFFFFFFFFFFFFFFFFFFFFFFFFFFFFFFFFFFF02
:207EA000FFFFFFFFFFFFFFFFFFFFFFFFFFFFFFFFFFFFFFFFFFFFFFFFFFFFFFFFFFFFFFFFE2
:207EC000FFFFFFFFFFFFFFFFFFFFFFFFFFFFFFFFFFFFFFFFFFFFFFFFFFFFFFFFFFFFFFFFC2
:207EE000FFFFFFFFFFFFFFFFFFFFFFFFFFFFFFFFFFFFFFFFFFFFFFFFFFFFFFFFFFFFFFFFA2
:207F0000FFFFFFFFFFFFFFFFFFFFFFFFFFFFFFFFFFFFFFFFFFFFFFFFFFFFFFFFFFFFFFFF81
:207F2000FFFFFFFFFFFFFFFFFFFFFFFFFFFFFFFFFFFFFFFFFFFFFFFFFFFFFFFFFFFFFFFF61
:207F4000FFFFFFFFFFFFFFFFFFFFFFFFFFFFFFFFFFFFFFFFFFFFFFFFFFFFFFFFFFFFFFFF41
:207F6000FFFFFFFFFFFFFFFFFFFFFFFFFFFFFFFFFFFFFFFFFFFFFFFFFFFFFFFFFFFFFFFF21
:207F8000FFFFFFFFFFFFFFFFFFFFFFFFFFFFFFFFFFFFFFFFFFFFFFFFFFFFFFFFFFFFFFFF01
:207FA000FFFFFFFFFFFFFFFFFFFFFFFFFFFFFFFFFFFFFFFFFFFFFFFFFFFFFFFFFFFFFFFFE1
:207FC000FFFFFFFFFFFFFFFFFFFFFFFFFFFFFFFFFFFFFFFFFFFFFFFFFFFFFFFFFFFFFFFFC1
:207FE000FFFFFFFFFFFFFFFFFFFFFFFFFFFFFFFFFFFFFFFFFFFFFFFFFFFFFFFFFFFFFFFFA1
:20800000FFFFFFFFFFFFFFFFFFFFFFFFFFFFFFFFFFFFFFFFFFFFFFFFFFFFFFFFFFFFFFFF80
:20802000FFFFFFFFFFFFFFFFFFFFFFFFFFFFFFFFFFFFFFFFFFFFFFFFFFFFFFFFFFFFFFFF60
:20804000FFFFFFFFFFFFFFFFFFFFFFFFFFFFFFFFFFFFFFFFFFFFFFFFFFFFFFFFFFFFFFFF40
:20806000FFFFFFFFFFFFFFFFFFFFFFFFFFFFFFFFFFFFFFFFFFFFFFFFFFFFFFFFFFFFFFFF20
:20808000FFFFFFFFFFFFFFFFFFFFFFFFFFFFFFFFFFFFFFFFFFFFFFFFFFFFFFFFFFFFFFFF00
:2080A000FFFFFFFFFFFFFFFFFFFFFFFFFFFFFFFFFFFFFFFFFFFFFFFFFFFFFFFFFFFFFFFFE0
:2080C000FFFFFFFFFFFFFFFFFFFFFFFFFFFFFFFFFFFFFFFFFFFFFFFFFFFFFFFFFFFFFFFFC0
:2080E000FFFFFFFFFFFFFFFFFFFFFFFFFFFFFFFFFFFFFFFFFFFFFFFFFFFFFFFFFFFFFFFFA0
:20810000FFFFFFFFFFFFFFFFFFFFFFFFFFFFFFFFFFFFFFFFFFFFFFFFFFFFFFFFFFFFFFFF7F
:20812000FFFFFFFFFFFFFFFFFFFFFFFFFFFFFFFFFFFFFFFFFFFFFFFFFFFFFFFFFFFFFFFF5F
:20814000FFFFFFFFFFFFFFFFFFFFFFFFFFFFFFFFFFFFFFFFFFFFFFFFFFFFFFFFFFFFFFFF3F
:20816000FFFFFFFFFFFFFFFFFFFFFFFFFFFFFFFFFFFFFFFFFFFFFFFFFFFFFFFFFFFFFFFF1F
:20818000FFFFFFFFFFFFFFFFFFFFFFFFFFFFFFFFFFFFFFFFFFFFFFFFFFFFFFFFFFFFFFFFFF
:2081A000FFFFFFFFFFFFFFFFFFFFFFFFFFFFFFFFFFFFFFFFFFFFFFFFFFFFFFFFFFFFFFFFDF
:2081C000FFFFFFFFFFFFFFFFFFFFFFFFFFFFFFFFFFFFFFFFFFFFFFFFFFFFFFFFFFFFFFFFBF
:2081E000FFFFFFFFFFFFFFFFFFFFFFFFFFFFFFFFFFFFFFFFFFFFFFFFFFFFFFFFFFFFFFFF9F
:20820000FFFFFFFFFFFFFFFFFFFFFFFFFFFFFFFFFFFFFFFFFFFFFFFFFFFFFFFFFFFFFFFF7E
:20822000FFFFFFFFFFFFFFFFFFFFFFFFFFFFFFFFFFFFFFFFFFFFFFFFFFFFFFFFFFFFFFFF5E
:20824000FFFFFFFFFFFFFFFFFFFFFFFFFFFFFFFFFFFFFFFFFFFFFFFFFFFFFFFFFFFFFFFF3E
:20826000FFFFFFFFFFFFFFFFFFFFFFFFFFFFFFFFFFFFFFFFFFFFFFFFFFFFFFFFFFFFFFFF1E
:20828000FFFFFFFFFFFFFFFFFFFFFFFFFFFFFFFFFFFFFFFFFFFFFFFFFFFFFFFFFFFFFFFFFE
:2082A000FFFFFFFFFFFFFFFFFFFFFFFFFFFFFFFFFFFFFFFFFFFFFFFFFFFFFFFFFFFFFFFFDE
:2082C000FFFFFFFFFFFFFFFFFFFFFFFFFFFFFFFFFFFFFFFFFFFFFFFFFFFFFFFFFFFFFFFFBE
:2082E000FFFFFFFFFFFFFFFFFFFFFFFFFFFFFFFFFFFFFFFFFFFFFFFFFFFFFFFFFFFFFFFF9E
:20830000FFFFFFFFFFFFFFFFFFFFFFFFFFFFFFFFFFFFFFFFFFFFFFFFFFFFFFFFFFFFFFFF7D
:20832000FFFFFFFFFFFFFFFFFFFFFFFFFFFFFFFFFFFFFFFFFFFFFFFFFFFFFFFFFFFFFFFF5D
:20834000FFFFFFFFFFFFFFFFFFFFFFFFFFFFFFFFFFFFFFFFFFFFFFFFFFFFFFFFFFFFFFFF3D
:20836000FFFFFFFFFFFFFFFFFFFFFFFFFFFFFFFFFFFFFFFFFFFFFFFFFFFFFFFFFFFFFFFF1D
:20838000FFFFFFFFFFFFFFFFFFFFFFFFFFFFFFFFFFFFFFFFFFFFFFFFFFFFFFFFFFFFFFFFFD
:2083A000FFFFFFFFFFFFFFFFFFFFFFFFFFFFFFFFFFFFFFFFFFFFFFFFFFFFFFFFFFFFFFFFDD
:2083C000FFFFFFFFFFFFFFFFFFFFFFFFFFFFFFFFFFFFFFFFFFFFFFFFFFFFFFFFFFFFFFFFBD
:2083E000FFFFFFFFFFFFFFFFFFFFFFFFFFFFFFFFFFFFFFFFFFFFFFFFFFFFFFFFFFFFFFFF9D
:20840000FFFFFFFFFFFFFFFFFFFFFFFFFFFFFFFFFFFFFFFFFFFFFFFFFFFFFFFFFFFFFFFF7C
:20842000FFFFFFFFFFFFFFFFFFFFFFFFFFFFFFFFFFFFFFFFFFFFFFFFFFFFFFFFFFFFFFFF5C
:20844000FFFFFFFFFFFFFFFFFFFFFFFFFFFFFFFFFFFFFFFFFFFFFFFFFFFFFFFFFFFFFFFF3C
:20846000FFFFFFFFFFFFFFFFFFFFFFFFFFFFFFFFFFFFFFFFFFFFFFFFFFFFFFFFFFFFFFFF1C
:20848000FFFFFFFFFFFFFFFFFFFFFFFFFFFFFFFFFFFFFFFFFFFFFFFFFFFFFFFFFFFFFFFFFC
:2084A000FFFFFFFFFFFFFFFFFFFFFFFFFFFFFFFFFFFFFFFFFFFFFFFFFFFFFFFFFFFFFFFFDC
:2084C000FFFFFFFFFFFFFFFFFFFFFFFFFFFFFFFFFFFFFFFFFFFFFFFFFFFFFFFFFFFFFFFFBC
:2084E000FFFFFFFFFFFFFFFFFFFFFFFFFFFFFFFFFFFFFFFFFFFFFFFFFFFFFFFFFFFFFFFF9C
:20850000FFFFFFFFFFFFFFFFFFFFFFFFFFFFFFFFFFFFFFFFFFFFFFFFFFFFFFFFFFFFFFFF7B
:20852000FFFFFFFFFFFFFFFFFFFFFFFFFFFFFFFFFFFFFFFFFFFFFFFFFFFFFFFFFFFFFFFF5B
:20854000FFFFFFFFFFFFFFFFFFFFFFFFFFFFFFFFFFFFFFFFFFFFFFFFFFFFFFFFFFFFFFFF3B
:20856000FFFFFFFFFFFFFFFFFFFFFFFFFFFFFFFFFFFFFFFFFFFFFFFFFFFFFFFFFFFFFFFF1B
:20858000FFFFFFFFFFFFFFFFFFFFFFFFFFFFFFFFFFFFFFFFFFFFFFFFFFFFFFFFFFFFFFFFFB
:2085A000FFFFFFFFFFFFFFFFFFFFFFFFFFFFFFFFFFFFFFFFFFFFFFFFFFFFFFFFFFFFFFFFDB
:2085C000FFFFFFFFFFFFFFFFFFFFFFFFFFFFFFFFFFFFFFFFFFFFFFFFFFFFFFFFFFFFFFFFBB
:2085E000FFFFFFFFFFFFFFFFFFFFFFFFFFFFFFFFFFFFFFFFFFFFFFFFFFFFFFFFFFFFFFFF9B
:20860000FFFFFFFFFFFFFFFFFFFFFFFFFFFFFFFFFFFFFFFFFFFFFFFFFFFFFFFFFFFFFFFF7A
:20862000FFFFFFFFFFFFFFFFFFFFFFFFFFFFFFFFFFFFFFFFFFFFFFFFFFFFFFFFFFFFFFFF5A
:20864000FFFFFFFFFFFFFFFFFFFFFFFFFFFFFFFFFFFFFFFFFFFFFFFFFFFFFFFFFFFFFFFF3A
:20866000FFFFFFFFFFFFFFFFFFFFFFFFFFFFFFFFFFFFFFFFFFFFFFFFFFFFFFFFFFFFFFFF1A
:20868000FFFFFFFFFFFFFFFFFFFFFFFFFFFFFFFFFFFFFFFFFFFFFFFFFFFFFFFFFFFFFFFFFA
:2086A000FFFFFFFFFFFFFFFFFFFFFFFFFFFFFFFFFFFFFFFFFFFFFFFFFFFFFFFFFFFFFFFFDA
:2086C000FFFFFFFFFFFFFFFFFFFFFFFFFFFFFFFFFFFFFFFFFFFFFFFFFFFFFFFFFFFFFFFFBA
:2086E000FFFFFFFFFFFFFFFFFFFFFFFFFFFFFFFFFFFFFFFFFFFFFFFFFFFFFFFFFFFFFFFF9A
:20870000FFFFFFFFFFFFFFFFFFFFFFFFFFFFFFFFFFFFFFFFFFFFFFFFFFFFFFFFFFFFFFFF79
:20872000FFFFFFFFFFFFFFFFFFFFFFFFFFFFFFFFFFFFFFFFFFFFFFFFFFFFFFFFFFFFFFFF59
:20874000FFFFFFFFFFFFFFFFFFFFFFFFFFFFFFFFFFFFFFFFFFFFFFFFFFFFFFFFFFFFFFFF39
:20876000FFFFFFFFFFFFFFFFFFFFFFFFFFFFFFFFFFFFFFFFFFFFFFFFFFFFFFFFFFFFFFFF19
:20878000FFFFFFFFFFFFFFFFFFFFFFFFFFFFFFFFFFFFFFFFFFFFFFFFFFFFFFFFFFFFFFFFF9
:2087A000FFFFFFFFFFFFFFFFFFFFFFFFFFFFFFFFFFFFFFFFFFFFFFFFFFFFFFFFFFFFFFFFD9
:2087C000FFFFFFFFFFFFFFFFFFFFFFFFFFFFFFFFFFFFFFFFFFFFFFFFFFFFFFFFFFFFFFFFB9
:2087E000FFFFFFFFFFFFFFFFFFFFFFFFFFFFFFFFFFFFFFFFFFFFFFFFFFFFFFFFFFFFFFFF99
:20880000FFFFFFFFFFFFFFFFFFFFFFFFFFFFFFFFFFFFFFFFFFFFFFFFFFFFFFFFFFFFFFFF78
:20882000FFFFFFFFFFFFFFFFFFFFFFFFFFFFFFFFFFFFFFFFFFFFFFFFFFFFFFFFFFFFFFFF58
:20884000FFFFFFFFFFFFFFFFFFFFFFFFFFFFFFFFFFFFFFFFFFFFFFFFFFFFFFFFFFFFFFFF38
:20886000FFFFFFFFFFFFFFFFFFFFFFFFFFFFFFFFFFFFFFFFFFFFFFFFFFFFFFFFFFFFFFFF18
:20888000FFFFFFFFFFFFFFFFFFFFFFFFFFFFFFFFFFFFFFFFFFFFFFFFFFFFFFFFFFFFFFFFF8
:2088A000FFFFFFFFFFFFFFFFFFFFFFFFFFFFFFFFFFFFFFFFFFFFFFFFFFFFFFFFFFFFFFFFD8
:2088C000FFFFFFFFFFFFFFFFFFFFFFFFFFFFFFFFFFFFFFFFFFFFFFFFFFFFFFFFFFFFFFFFB8
:2088E000FFFFFFFFFFFFFFFFFFFFFFFFFFFFFFFFFFFFFFFFFFFFFFFFFFFFFFFFFFFFFFFF98
:20890000FFFFFFFFFFFFFFFFFFFFFFFFFFFFFFFFFFFFFFFFFFFFFFFFFFFFFFFFFFFFFFFF77
:20892000FFFFFFFFFFFFFFFFFFFFFFFFFFFFFFFFFFFFFFFFFFFFFFFFFFFFFFFFFFFFFFFF57
:20894000FFFFFFFFFFFFFFFFFFFFFFFFFFFFFFFFFFFFFFFFFFFFFFFFFFFFFFFFFFFFFFFF37
:20896000FFFFFFFFFFFFFFFFFFFFFFFFFFFFFFFFFFFFFFFFFFFFFFFFFFFFFFFFFFFFFFFF17
:20898000FFFFFFFFFFFFFFFFFFFFFFFFFFFFFFFFFFFFFFFFFFFFFFFFFFFFFFFFFFFFFFFFF7
:2089A000FFFFFFFFFFFFFFFFFFFFFFFFFFFFFFFFFFFFFFFFFFFFFFFFFFFFFFFFFFFFFFFFD7
:2089C000FFFFFFFFFFFFFFFFFFFFFFFFFFFFFFFFFFFFFFFFFFFFFFFFFFFFFFFFFFFFFFFFB7
:2089E000FFFFFFFFFFFFFFFFFFFFFFFFFFFFFFFFFFFFFFFFFFFFFFFFFFFFFFFFFFFFFFFF97
:208A0000FFFFFFFFFFFFFFFFFFFFFFFFFFFFFFFFFFFFFFFFFFFFFFFFFFFFFFFFFFFFFFFF76
:208A2000FFFFFFFFFFFFFFFFFFFFFFFFFFFFFFFFFFFFFFFFFFFFFFFFFFFFFFFFFFFFFFFF56
:208A4000FFFFFFFFFFFFFFFFFFFFFFFFFFFFFFFFFFFFFFFFFFFFFFFFFFFFFFFFFFFFFFFF36
:208A6000FFFFFFFFFFFFFFFFFFFFFFFFFFFFFFFFFFFFFFFFFFFFFFFFFFFFFFFFFFFFFFFF16
:208A8000FFFFFFFFFFFFFFFFFFFFFFFFFFFFFFFFFFFFFFFFFFFFFFFFFFFFFFFFFFFFFFFFF6
:208AA000FFFFFFFFFFFFFFFFFFFFFFFFFFFFFFFFFFFFFFFFFFFFFFFFFFFFFFFFFFFFFFFFD6
:208AC000FFFFFFFFFFFFFFFFFFFFFFFFFFFFFFFFFFFFFFFFFFFFFFFFFFFFFFFFFFFFFFFFB6
:208AE000FFFFFFFFFFFFFFFFFFFFFFFFFFFFFFFFFFFFFFFFFFFFFFFFFFFFFFFFFFFFFFFF96
:208B0000FFFFFFFFFFFFFFFFFFFFFFFFFFFFFFFFFFFFFFFFFFFFFFFFFFFFFFFFFFFFFFFF75
:208B2000FFFFFFFFFFFFFFFFFFFFFFFFFFFFFFFFFFFFFFFFFFFFFFFFFFFFFFFFFFFFFFFF55
:208B4000FFFFFFFFFFFFFFFFFFFFFFFFFFFFFFFFFFFFFFFFFFFFFFFFFFFFFFFFFFFFFFFF35
:208B6000FFFFFFFFFFFFFFFFFFFFFFFFFFFFFFFFFFFFFFFFFFFFFFFFFFFFFFFFFFFFFFFF15
:208B8000FFFFFFFFFFFFFFFFFFFFFFFFFFFFFFFFFFFFFFFFFFFFFFFFFFFFFFFFFFFFFFFFF5
:208BA000FFFFFFFFFFFFFFFFFFFFFFFFFFFFFFFFFFFFFFFFFFFFFFFFFFFFFFFFFFFFFFFFD5
:208BC000FFFFFFFFFFFFFFFFFFFFFFFFFFFFFFFFFFFFFFFFFFFFFFFFFFFFFFFFFFFFFFFFB5
:208BE000FFFFFFFFFFFFFFFFFFFFFFFFFFFFFFFFFFFFFFFFFFFFFFFFFFFFFFFFFFFFFFFF95
:208C0000FFFFFFFFFFFFFFFFFFFFFFFFFFFFFFFFFFFFFFFFFFFFFFFFFFFFFFFFFFFFFFFF74
:208C2000FFFFFFFFFFFFFFFFFFFFFFFFFFFFFFFFFFFFFFFFFFFFFFFFFFFFFFFFFFFFFFFF54
:208C4000FFFFFFFFFFFFFFFFFFFFFFFFFFFFFFFFFFFFFFFFFFFFFFFFFFFFFFFFFFFFFFFF34
:208C6000FFFFFFFFFFFFFFFFFFFFFFFFFFFFFFFFFFFFFFFFFFFFFFFFFFFFFFFFFFFFFFFF14
:208C8000FFFFFFFFFFFFFFFFFFFFFFFFFFFFFFFFFFFFFFFFFFFFFFFFFFFFFFFFFFFFFFFFF4
:208CA000FFFFFFFFFFFFFFFFFFFFFFFFFFFFFFFFFFFFFFFFFFFFFFFFFFFFFFFFFFFFFFFFD4
:208CC000FFFFFFFFFFFFFFFFFFFFFFFFFFFFFFFFFFFFFFFFFFFFFFFFFFFFFFFFFFFFFFFFB4
:208CE000FFFFFFFFFFFFFFFFFFFFFFFFFFFFFFFFFFFFFFFFFFFFFFFFFFFFFFFFFFFFFFFF94
:208D0000FFFFFFFFFFFFFFFFFFFFFFFFFFFFFFFFFFFFFFFFFFFFFFFFFFFFFFFFFFFFFFFF73
:208D2000FFFFFFFFFFFFFFFFFFFFFFFFFFFFFFFFFFFFFFFFFFFFFFFFFFFFFFFFFFFFFFFF53
:208D4000FFFFFFFFFFFFFFFFFFFFFFFFFFFFFFFFFFFFFFFFFFFFFFFFFFFFFFFFFFFFFFFF33
:208D6000FFFFFFFFFFFFFFFFFFFFFFFFFFFFFFFFFFFFFFFFFFFFFFFFFFFFFFFFFFFFFFFF13
:208D8000FFFFFFFFFFFFFFFFFFFFFFFFFFFFFFFFFFFFFFFFFFFFFFFFFFFFFFFFFFFFFFFFF3
:208DA000FFFFFFFFFFFFFFFFFFFFFFFFFFFFFFFFFFFFFFFFFFFFFFFFFFFFFFFFFFFFFFFFD3
:208DC000FFFFFFFFFFFFFFFFFFFFFFFFFFFFFFFFFFFFFFFFFFFFFFFFFFFFFFFFFFFFFFFFB3
:208DE000FFFFFFFFFFFFFFFFFFFFFFFFFFFFFFFFFFFFFFFFFFFFFFFFFFFFFFFFFFFFFFFF93
:208E0000FFFFFFFFFFFFFFFFFFFFFFFFFFFFFFFFFFFFFFFFFFFFFFFFFFFFFFFFFFFFFFFF72
:208E2000FFFFFFFFFFFFFFFFFFFFFFFFFFFFFFFFFFFFFFFFFFFFFFFFFFFFFFFFFFFFFFFF52
:208E4000FFFFFFFFFFFFFFFFFFFFFFFFFFFFFFFFFFFFFFFFFFFFFFFFFFFFFFFFFFFFFFFF32
:208E6000FFFFFFFFFFFFFFFFFFFFFFFFFFFFFFFFFFFFFFFFFFFFFFFFFFFFFFFFFFFFFFFF12
:208E8000FFFFFFFFFFFFFFFFFFFFFFFFFFFFFFFFFFFFFFFFFFFFFFFFFFFFFFFFFFFFFFFFF2
:208EA000FFFFFFFFFFFFFFFFFFFFFFFFFFFFFFFFFFFFFFFFFFFFFFFFFFFFFFFFFFFFFFFFD2
:208EC000FFFFFFFFFFFFFFFFFFFFFFFFFFFFFFFFFFFFFFFFFFFFFFFFFFFFFFFFFFFFFFFFB2
:208EE000FFFFFFFFFFFFFFFFFFFFFFFFFFFFFFFFFFFFFFFFFFFFFFFFFFFFFFFFFFFFFFFF92
:208F0000FFFFFFFFFFFFFFFFFFFFFFFFFFFFFFFFFFFFFFFFFFFFFFFFFFFFFFFFFFFFFFFF71
:208F2000FFFFFFFFFFFFFFFFFFFFFFFFFFFFFFFFFFFFFFFFFFFFFFFFFFFFFFFFFFFFFFFF51
:208F4000FFFFFFFFFFFFFFFFFFFFFFFFFFFFFFFFFFFFFFFFFFFFFFFFFFFFFFFFFFFFFFFF31
:208F6000FFFFFFFFFFFFFFFFFFFFFFFFFFFFFFFFFFFFFFFFFFFFFFFFFFFFFFFFFFFFFFFF11
:208F8000FFFFFFFFFFFFFFFFFFFFFFFFFFFFFFFFFFFFFFFFFFFFFFFFFFFFFFFFFFFFFFFFF1
:208FA000FFFFFFFFFFFFFFFFFFFFFFFFFFFFFFFFFFFFFFFFFFFFFFFFFFFFFFFFFFFFFFFFD1
:208FC000FFFFFFFFFFFFFFFFFFFFFFFFFFFFFFFFFFFFFFFFFFFFFFFFFFFFFFFFFFFFFFFFB1
:208FE000FFFFFFFFFFFFFFFFFFFFFFFFFFFFFFFFFFFFFFFFFFFFFFFFFFFFFFFFFFFFFFFF91
:20900000FFFFFFFFFFFFFFFFFFFFFFFFFFFFFFFFFFFFFFFFFFFFFFFFFFFFFFFFFFFFFFFF70
:20902000FFFFFFFFFFFFFFFFFFFFFFFFFFFFFFFFFFFFFFFFFFFFFFFFFFFFFFFFFFFFFFFF50
:20904000FFFFFFFFFFFFFFFFFFFFFFFFFFFFFFFFFFFFFFFFFFFFFFFFFFFFFFFFFFFFFFFF30
:20906000FFFFFFFFFFFFFFFFFFFFFFFFFFFFFFFFFFFFFFFFFFFFFFFFFFFFFFFFFFFFFFFF10
:20908000FFFFFFFFFFFFFFFFFFFFFFFFFFFFFFFFFFFFFFFFFFFFFFFFFFFFFFFFFFFFFFFFF0
:2090A000FFFFFFFFFFFFFFFFFFFFFFFFFFFFFFFFFFFFFFFFFFFFFFFFFFFFFFFFFFFFFFFFD0
:2090C000FFFFFFFFFFFFFFFFFFFFFFFFFFFFFFFFFFFFFFFFFFFFFFFFFFFFFFFFFFFFFFFFB0
:2090E000FFFFFFFFFFFFFFFFFFFFFFFFFFFFFFFFFFFFFFFFFFFFFFFFFFFFFFFFFFFFFFFF90
:20910000FFFFFFFFFFFFFFFFFFFFFFFFFFFFFFFFFFFFFFFFFFFFFFFFFFFFFFFFFFFFFFFF6F
:20912000FFFFFFFFFFFFFFFFFFFFFFFFFFFFFFFFFFFFFFFFFFFFFFFFFFFFFFFFFFFFFFFF4F
:20914000FFFFFFFFFFFFFFFFFFFFFFFFFFFFFFFFFFFFFFFFFFFFFFFFFFFFFFFFFFFFFFFF2F
:20916000FFFFFFFFFFFFFFFFFFFFFFFFFFFFFFFFFFFFFFFFFFFFFFFFFFFFFFFFFFFFFFFF0F
:20918000FFFFFFFFFFFFFFFFFFFFFFFFFFFFFFFFFFFFFFFFFFFFFFFFFFFFFFFFFFFFFFFFEF
:2091A000FFFFFFFFFFFFFFFFFFFFFFFFFFFFFFFFFFFFFFFFFFFFFFFFFFFFFFFFFFFFFFFFCF
:2091C000FFFFFFFFFFFFFFFFFFFFFFFFFFFFFFFFFFFFFFFFFFFFFFFFFFFFFFFFFFFFFFFFAF
:2091E000FFFFFFFFFFFFFFFFFFFFFFFFFFFFFFFFFFFFFFFFFFFFFFFFFFFFFFFFFFFFFFFF8F
:20920000FFFFFFFFFFFFFFFFFFFFFFFFFFFFFFFFFFFFFFFFFFFFFFFFFFFFFFFFFFFFFFFF6E
:20922000FFFFFFFFFFFFFFFFFFFFFFFFFFFFFFFFFFFFFFFFFFFFFFFFFFFFFFFFFFFFFFFF4E
:20924000FFFFFFFFFFFFFFFFFFFFFFFFFFFFFFFFFFFFFFFFFFFFFFFFFFFFFFFFFFFFFFFF2E
:20926000FFFFFFFFFFFFFFFFFFFFFFFFFFFFFFFFFFFFFFFFFFFFFFFFFFFFFFFFFFFFFFFF0E
:20928000FFFFFFFFFFFFFFFFFFFFFFFFFFFFFFFFFFFFFFFFFFFFFFFFFFFFFFFFFFFFFFFFEE
:2092A000FFFFFFFFFFFFFFFFFFFFFFFFFFFFFFFFFFFFFFFFFFFFFFFFFFFFFFFFFFFFFFFFCE
:2092C000FFFFFFFFFFFFFFFFFFFFFFFFFFFFFFFFFFFFFFFFFFFFFFFFFFFFFFFFFFFFFFFFAE
:2092E000FFFFFFFFFFFFFFFFFFFFFFFFFFFFFFFFFFFFFFFFFFFFFFFFFFFFFFFFFFFFFFFF8E
:20930000FFFFFFFFFFFFFFFFFFFFFFFFFFFFFFFFFFFFFFFFFFFFFFFFFFFFFFFFFFFFFFFF6D
:20932000FFFFFFFFFFFFFFFFFFFFFFFFFFFFFFFFFFFFFFFFFFFFFFFFFFFFFFFFFFFFFFFF4D
:20934000FFFFFFFFFFFFFFFFFFFFFFFFFFFFFFFFFFFFFFFFFFFFFFFFFFFFFFFFFFFFFFFF2D
:20936000FFFFFFFFFFFFFFFFFFFFFFFFFFFFFFFFFFFFFFFFFFFFFFFFFFFFFFFFFFFFFFFF0D
:20938000FFFFFFFFFFFFFFFFFFFFFFFFFFFFFFFFFFFFFFFFFFFFFFFFFFFFFFFFFFFFFFFFED
:2093A000FFFFFFFFFFFFFFFFFFFFFFFFFFFFFFFFFFFFFFFFFFFFFFFFFFFFFFFFFFFFFFFFCD
:2093C000FFFFFFFFFFFFFFFFFFFFFFFFFFFFFFFFFFFFFFFFFFFFFFFFFFFFFFFFFFFFFFFFAD
:2093E000FFFFFFFFFFFFFFFFFFFFFFFFFFFFFFFFFFFFFFFFFFFFFFFFFFFFFFFFFFFFFFFF8D
:20940000FFFFFFFFFFFFFFFFFFFFFFFFFFFFFFFFFFFFFFFFFFFFFFFFFFFFFFFFFFFFFFFF6C
:20942000FFFFFFFFFFFFFFFFFFFFFFFFFFFFFFFFFFFFFFFFFFFFFFFFFFFFFFFFFFFFFFFF4C
:20944000FFFFFFFFFFFFFFFFFFFFFFFFFFFFFFFFFFFFFFFFFFFFFFFFFFFFFFFFFFFFFFFF2C
:20946000FFFFFFFFFFFFFFFFFFFFFFFFFFFFFFFFFFFFFFFFFFFFFFFFFFFFFFFFFFFFFFFF0C
:20948000FFFFFFFFFFFFFFFFFFFFFFFFFFFFFFFFFFFFFFFFFFFFFFFFFFFFFFFFFFFFFFFFEC
:2094A000FFFFFFFFFFFFFFFFFFFFFFFFFFFFFFFFFFFFFFFFFFFFFFFFFFFFFFFFFFFFFFFFCC
:2094C000FFFFFFFFFFFFFFFFFFFFFFFFFFFFFFFFFFFFFFFFFFFFFFFFFFFFFFFFFFFFFFFFAC
:2094E000FFFFFFFFFFFFFFFFFFFFFFFFFFFFFFFFFFFFFFFFFFFFFFFFFFFFFFFFFFFFFFFF8C
:20950000FFFFFFFFFFFFFFFFFFFFFFFFFFFFFFFFFFFFFFFFFFFFFFFFFFFFFFFFFFFFFFFF6B
:20952000FFFFFFFFFFFFFFFFFFFFFFFFFFFFFFFFFFFFFFFFFFFFFFFFFFFFFFFFFFFFFFFF4B
:20954000FFFFFFFFFFFFFFFFFFFFFFFFFFFFFFFFFFFFFFFFFFFFFFFFFFFFFFFFFFFFFFFF2B
:20956000FFFFFFFFFFFFFFFFFFFFFFFFFFFFFFFFFFFFFFFFFFFFFFFFFFFFFFFFFFFFFFFF0B
:20958000FFFFFFFFFFFFFFFFFFFFFFFFFFFFFFFFFFFFFFFFFFFFFFFFFFFFFFFFFFFFFFFFEB
:2095A000FFFFFFFFFFFFFFFFFFFFFFFFFFFFFFFFFFFFFFFFFFFFFFFFFFFFFFFFFFFFFFFFCB
:2095C000FFFFFFFFFFFFFFFFFFFFFFFFFFFFFFFFFFFFFFFFFFFFFFFFFFFFFFFFFFFFFFFFAB
:2095E000FFFFFFFFFFFFFFFFFFFFFFFFFFFFFFFFFFFFFFFFFFFFFFFFFFFFFFFFFFFFFFFF8B
:20960000FFFFFFFFFFFFFFFFFFFFFFFFFFFFFFFFFFFFFFFFFFFFFFFFFFFFFFFFFFFFFFFF6A
:20962000FFFFFFFFFFFFFFFFFFFFFFFFFFFFFFFFFFFFFFFFFFFFFFFFFFFFFFFFFFFFFFFF4A
:20964000FFFFFFFFFFFFFFFFFFFFFFFFFFFFFFFFFFFFFFFFFFFFFFFFFFFFFFFFFFFFFFFF2A
:20966000FFFFFFFFFFFFFFFFFFFFFFFFFFFFFFFFFFFFFFFFFFFFFFFFFFFFFFFFFFFFFFFF0A
:20968000FFFFFFFFFFFFFFFFFFFFFFFFFFFFFFFFFFFFFFFFFFFFFFFFFFFFFFFFFFFFFFFFEA
:2096A000FFFFFFFFFFFFFFFFFFFFFFFFFFFFFFFFFFFFFFFFFFFFFFFFFFFFFFFFFFFFFFFFCA
:2096C000FFFFFFFFFFFFFFFFFFFFFFFFFFFFFFFFFFFFFFFFFFFFFFFFFFFFFFFFFFFFFFFFAA
:2096E000FFFFFFFFFFFFFFFFFFFFFFFFFFFFFFFFFFFFFFFFFFFFFFFFFFFFFFFFFFFFFFFF8A
:20970000FFFFFFFFFFFFFFFFFFFFFFFFFFFFFFFFFFFFFFFFFFFFFFFFFFFFFFFFFFFFFFFF69
:20972000FFFFFFFFFFFFFFFFFFFFFFFFFFFFFFFFFFFFFFFFFFFFFFFFFFFFFFFFFFFFFFFF49
:20974000FFFFFFFFFFFFFFFFFFFFFFFFFFFFFFFFFFFFFFFFFFFFFFFFFFFFFFFFFFFFFFFF29
:20976000FFFFFFFFFFFFFFFFFFFFFFFFFFFFFFFFFFFFFFFFFFFFFFFFFFFFFFFFFFFFFFFF09
:20978000FFFFFFFFFFFFFFFFFFFFFFFFFFFFFFFFFFFFFFFFFFFFFFFFFFFFFFFFFFFFFFFFE9
:2097A000FFFFFFFFFFFFFFFFFFFFFFFFFFFFFFFFFFFFFFFFFFFFFFFFFFFFFFFFFFFFFFFFC9
:2097C000FFFFFFFFFFFFFFFFFFFFFFFFFFFFFFFFFFFFFFFFFFFFFFFFFFFFFFFFFFFFFFFFA9
:2097E000FFFFFFFFFFFFFFFFFFFFFFFFFFFFFFFFFFFFFFFFFFFFFFFFFFFFFFFFFFFFFFFF89
:20980000FFFFFFFFFFFFFFFFFFFFFFFFFFFFFFFFFFFFFFFFFFFFFFFFFFFFFFFFFFFFFFFF68
:20982000FFFFFFFFFFFFFFFFFFFFFFFFFFFFFFFFFFFFFFFFFFFFFFFFFFFFFFFFFFFFFFFF48
:20984000FFFFFFFFFFFFFFFFFFFFFFFFFFFFFFFFFFFFFFFFFFFFFFFFFFFFFFFFFFFFFFFF28
:20986000FFFFFFFFFFFFFFFFFFFFFFFFFFFFFFFFFFFFFFFFFFFFFFFFFFFFFFFFFFFFFFFF08
:20988000FFFFFFFFFFFFFFFFFFFFFFFFFFFFFFFFFFFFFFFFFFFFFFFFFFFFFFFFFFFFFFFFE8
:2098A000FFFFFFFFFFFFFFFFFFFFFFFFFFFFFFFFFFFFFFFFFFFFFFFFFFFFFFFFFFFFFFFFC8
:2098C000FFFFFFFFFFFFFFFFFFFFFFFFFFFFFFFFFFFFFFFFFFFFFFFFFFFFFFFFFFFFFFFFA8
:2098E000FFFFFFFFFFFFFFFFFFFFFFFFFFFFFFFFFFFFFFFFFFFFFFFFFFFFFFFFFFFFFFFF88
:20990000FFFFFFFFFFFFFFFFFFFFFFFFFFFFFFFFFFFFFFFFFFFFFFFFFFFFFFFFFFFFFFFF67
:20992000FFFFFFFFFFFFFFFFFFFFFFFFFFFFFFFFFFFFFFFFFFFFFFFFFFFFFFFFFFFFFFFF47
:20994000FFFFFFFFFFFFFFFFFFFFFFFFFFFFFFFFFFFFFFFFFFFFFFFFFFFFFFFFFFFFFFFF27
:20996000FFFFFFFFFFFFFFFFFFFFFFFFFFFFFFFFFFFFFFFFFFFFFFFFFFFFFFFFFFFFFFFF07
:20998000FFFFFFFFFFFFFFFFFFFFFFFFFFFFFFFFFFFFFFFFFFFFFFFFFFFFFFFFFFFFFFFFE7
:2099A000FFFFFFFFFFFFFFFFFFFFFFFFFFFFFFFFFFFFFFFFFFFFFFFFFFFFFFFFFFFFFFFFC7
:2099C000FFFFFFFFFFFFFFFFFFFFFFFFFFFFFFFFFFFFFFFFFFFFFFFFFFFFFFFFFFFFFFFFA7
:2099E000FFFFFFFFFFFFFFFFFFFFFFFFFFFFFFFFFFFFFFFFFFFFFFFFFFFFFFFFFFFFFFFF87
:209A0000FFFFFFFFFFFFFFFFFFFFFFFFFFFFFFFFFFFFFFFFFFFFFFFFFFFFFFFFFFFFFFFF66
:209A2000FFFFFFFFFFFFFFFFFFFFFFFFFFFFFFFFFFFFFFFFFFFFFFFFFFFFFFFFFFFFFFFF46
:209A4000FFFFFFFFFFFFFFFFFFFFFFFFFFFFFFFFFFFFFFFFFFFFFFFFFFFFFFFFFFFFFFFF26
:209A6000FFFFFFFFFFFFFFFFFFFFFFFFFFFFFFFFFFFFFFFFFFFFFFFFFFFFFFFFFFFFFFFF06
:209A8000FFFFFFFFFFFFFFFFFFFFFFFFFFFFFFFFFFFFFFFFFFFFFFFFFFFFFFFFFFFFFFFFE6
:209AA000FFFFFFFFFFFFFFFFFFFFFFFFFFFFFFFFFFFFFFFFFFFFFFFFFFFFFFFFFFFFFFFFC6
:209AC000FFFFFFFFFFFFFFFFFFFFFFFFFFFFFFFFFFFFFFFFFFFFFFFFFFFFFFFFFFFFFFFFA6
:209AE000FFFFFFFFFFFFFFFFFFFFFFFFFFFFFFFFFFFFFFFFFFFFFFFFFFFFFFFFFFFFFFFF86
:209B0000FFFFFFFFFFFFFFFFFFFFFFFFFFFFFFFFFFFFFFFFFFFFFFFFFFFFFFFFFFFFFFFF65
:209B2000FFFFFFFFFFFFFFFFFFFFFFFFFFFFFFFFFFFFFFFFFFFFFFFFFFFFFFFFFFFFFFFF45
:209B4000FFFFFFFFFFFFFFFFFFFFFFFFFFFFFFFFFFFFFFFFFFFFFFFFFFFFFFFFFFFFFFFF25
:209B6000FFFFFFFFFFFFFFFFFFFFFFFFFFFFFFFFFFFFFFFFFFFFFFFFFFFFFFFFFFFFFFFF05
:209B8000FFFFFFFFFFFFFFFFFFFFFFFFFFFFFFFFFFFFFFFFFFFFFFFFFFFFFFFFFFFFFFFFE5
:209BA000FFFFFFFFFFFFFFFFFFFFFFFFFFFFFFFFFFFFFFFFFFFFFFFFFFFFFFFFFFFFFFFFC5
:209BC000FFFFFFFFFFFFFFFFFFFFFFFFFFFFFFFFFFFFFFFFFFFFFFFFFFFFFFFFFFFFFFFFA5
:209BE000FFFFFFFFFFFFFFFFFFFFFFFFFFFFFFFFFFFFFFFFFFFFFFFFFFFFFFFFFFFFFFFF85
:209C0000FFFFFFFFFFFFFFFFFFFFFFFFFFFFFFFFFFFFFFFFFFFFFFFFFFFFFFFFFFFFFFFF64
:209C2000FFFFFFFFFFFFFFFFFFFFFFFFFFFFFFFFFFFFFFFFFFFFFFFFFFFFFFFFFFFFFFFF44
:209C4000FFFFFFFFFFFFFFFFFFFFFFFFFFFFFFFFFFFFFFFFFFFFFFFFFFFFFFFFFFFFFFFF24
:209C6000FFFFFFFFFFFFFFFFFFFFFFFFFFFFFFFFFFFFFFFFFFFFFFFFFFFFFFFFFFFFFFFF04
:209C8000FFFFFFFFFFFFFFFFFFFFFFFFFFFFFFFFFFFFFFFFFFFFFFFFFFFFFFFFFFFFFFFFE4
:209CA000FFFFFFFFFFFFFFFFFFFFFFFFFFFFFFFFFFFFFFFFFFFFFFFFFFFFFFFFFFFFFFFFC4
:209CC000FFFFFFFFFFFFFFFFFFFFFFFFFFFFFFFFFFFFFFFFFFFFFFFFFFFFFFFFFFFFFFFFA4
:209CE000FFFFFFFFFFFFFFFFFFFFFFFFFFFFFFFFFFFFFFFFFFFFFFFFFFFFFFFFFFFFFFFF84
:209D0000FFFFFFFFFFFFFFFFFFFFFFFFFFFFFFFFFFFFFFFFFFFFFFFFFFFFFFFFFFFFFFFF63
:209D2000FFFFFFFFFFFFFFFFFFFFFFFFFFFFFFFFFFFFFFFFFFFFFFFFFFFFFFFFFFFFFFFF43
:209D4000FFFFFFFFFFFFFFFFFFFFFFFFFFFFFFFFFFFFFFFFFFFFFFFFFFFFFFFFFFFFFFFF23
:209D6000FFFFFFFFFFFFFFFFFFFFFFFFFFFFFFFFFFFFFFFFFFFFFFFFFFFFFFFFFFFFFFFF03
:209D8000FFFFFFFFFFFFFFFFFFFFFFFFFFFFFFFFFFFFFFFFFFFFFFFFFFFFFFFFFFFFFFFFE3
:209DA000FFFFFFFFFFFFFFFFFFFFFFFFFFFFFFFFFFFFFFFFFFFFFFFFFFFFFFFFFFFFFFFFC3
:209DC000FFFFFFFFFFFFFFFFFFFFFFFFFFFFFFFFFFFFFFFFFFFFFFFFFFFFFFFFFFFFFFFFA3
:209DE000FFFFFFFFFFFFFFFFFFFFFFFFFFFFFFFFFFFFFFFFFFFFFFFFFFFFFFFFFFFFFFFF83
:209E0000FFFFFFFFFFFFFFFFFFFFFFFFFFFFFFFFFFFFFFFFFFFFFFFFFFFFFFFFFFFFFFFF62
:209E2000FFFFFFFFFFFFFFFFFFFFFFFFFFFFFFFFFFFFFFFFFFFFFFFFFFFFFFFFFFFFFFFF42
:209E4000FFFFFFFFFFFFFFFFFFFFFFFFFFFFFFFFFFFFFFFFFFFFFFFFFFFFFFFFFFFFFFFF22
:209E6000FFFFFFFFFFFFFFFFFFFFFFFFFFFFFFFFFFFFFFFFFFFFFFFFFFFFFFFFFFFFFFFF02
:209E8000FFFFFFFFFFFFFFFFFFFFFFFFFFFFFFFFFFFFFFFFFFFFFFFFFFFFFFFFFFFFFFFFE2
:209EA000FFFFFFFFFFFFFFFFFFFFFFFFFFFFFFFFFFFFFFFFFFFFFFFFFFFFFFFFFFFFFFFFC2
:209EC000FFFFFFFFFFFFFFFFFFFFFFFFFFFFFFFFFFFFFFFFFFFFFFFFFFFFFFFFFFFFFFFFA2
:209EE000FFFFFFFFFFFFFFFFFFFFFFFFFFFFFFFFFFFFFFFFFFFFFFFFFFFFFFFFFFFFFFFF82
:209F0000FFFFFFFFFFFFFFFFFFFFFFFFFFFFFFFFFFFFFFFFFFFFFFFFFFFFFFFFFFFFFFFF61
:209F2000FFFFFFFFFFFFFFFFFFFFFFFFFFFFFFFFFFFFFFFFFFFFFFFFFFFFFFFFFFFFFFFF41
:209F4000FFFFFFFFFFFFFFFFFFFFFFFFFFFFFFFFFFFFFFFFFFFFFFFFFFFFFFFFFFFFFFFF21
:209F6000FFFFFFFFFFFFFFFFFFFFFFFFFFFFFFFFFFFFFFFFFFFFFFFFFFFFFFFFFFFFFFFF01
:209F8000FFFFFFFFFFFFFFFFFFFFFFFFFFFFFFFFFFFFFFFFFFFFFFFFFFFFFFFFFFFFFFFFE1
:209FA000FFFFFFFFFFFFFFFFFFFFFFFFFFFFFFFFFFFFFFFFFFFFFFFFFFFFFFFFFFFFFFFFC1
:209FC000FFFFFFFFFFFFFFFFFFFFFFFFFFFFFFFFFFFFFFFFFFFFFFFFFFFFFFFFFFFFFFFFA1
:209FE000FFFFFFFFFFFFFFFFFFFFFFFFFFFFFFFFFFFFFFFFFFFFFFFFFFFFFFFFFFFFFFFF81
:20A00000FFFFFFFFFFFFFFFFFFFFFFFFFFFFFFFFFFFFFFFFFFFFFFFFFFFFFFFFFFFFFFFF60
:20A02000FFFFFFFFFFFFFFFFFFFFFFFFFFFFFFFFFFFFFFFFFFFFFFFFFFFFFFFFFFFFFFFF40
:20A04000FFFFFFFFFFFFFFFFFFFFFFFFFFFFFFFFFFFFFFFFFFFFFFFFFFFFFFFFFFFFFFFF20
:20A06000FFFFFFFFFFFFFFFFFFFFFFFFFFFFFFFFFFFFFFFFFFFFFFFFFFFFFFFFFFFFFFFF00
:20A08000FFFFFFFFFFFFFFFFFFFFFFFFFFFFFFFFFFFFFFFFFFFFFFFFFFFFFFFFFFFFFFFFE0
:20A0A000FFFFFFFFFFFFFFFFFFFFFFFFFFFFFFFFFFFFFFFFFFFFFFFFFFFFFFFFFFFFFFFFC0
:20A0C000FFFFFFFFFFFFFFFFFFFFFFFFFFFFFFFFFFFFFFFFFFFFFFFFFFFFFFFFFFFFFFFFA0
:20A0E000FFFFFFFFFFFFFFFFFFFFFFFFFFFFFFFFFFFFFFFFFFFFFFFFFFFFFFFFFFFFFFFF80
:20A10000FFFFFFFFFFFFFFFFFFFFFFFFFFFFFFFFFFFFFFFFFFFFFFFFFFFFFFFFFFFFFFFF5F
:20A12000FFFFFFFFFFFFFFFFFFFFFFFFFFFFFFFFFFFFFFFFFFFFFFFFFFFFFFFFFFFFFFFF3F
:20A14000FFFFFFFFFFFFFFFFFFFFFFFFFFFFFFFFFFFFFFFFFFFFFFFFFFFFFFFFFFFFFFFF1F
:20A16000FFFFFFFFFFFFFFFFFFFFFFFFFFFFFFFFFFFFFFFFFFFFFFFFFFFFFFFFFFFFFFFFFF
:20A18000FFFFFFFFFFFFFFFFFFFFFFFFFFFFFFFFFFFFFFFFFFFFFFFFFFFFFFFFFFFFFFFFDF
:20A1A000FFFFFFFFFFFFFFFFFFFFFFFFFFFFFFFFFFFFFFFFFFFFFFFFFFFFFFFFFFFFFFFFBF
:20A1C000FFFFFFFFFFFFFFFFFFFFFFFFFFFFFFFFFFFFFFFFFFFFFFFFFFFFFFFFFFFFFFFF9F
:20A1E000FFFFFFFFFFFFFFFFFFFFFFFFFFFFFFFFFFFFFFFFFFFFFFFFFFFFFFFFFFFFFFFF7F
:20A20000FFFFFFFFFFFFFFFFFFFFFFFFFFFFFFFFFFFFFFFFFFFFFFFFFFFFFFFFFFFFFFFF5E
:20A22000FFFFFFFFFFFFFFFFFFFFFFFFFFFFFFFFFFFFFFFFFFFFFFFFFFFFFFFFFFFFFFFF3E
:20A24000FFFFFFFFFFFFFFFFFFFFFFFFFFFFFFFFFFFFFFFFFFFFFFFFFFFFFFFFFFFFFFFF1E
:20A26000FFFFFFFFFFFFFFFFFFFFFFFFFFFFFFFFFFFFFFFFFFFFFFFFFFFFFFFFFFFFFFFFFE
:20A28000FFFFFFFFFFFFFFFFFFFFFFFFFFFFFFFFFFFFFFFFFFFFFFFFFFFFFFFFFFFFFFFFDE
:20A2A000FFFFFFFFFFFFFFFFFFFFFFFFFFFFFFFFFFFFFFFFFFFFFFFFFFFFFFFFFFFFFFFFBE
:20A2C000FFFFFFFFFFFFFFFFFFFFFFFFFFFFFFFFFFFFFFFFFFFFFFFFFFFFFFFFFFFFFFFF9E
:20A2E000FFFFFFFFFFFFFFFFFFFFFFFFFFFFFFFFFFFFFFFFFFFFFFFFFFFFFFFFFFFFFFFF7E
:20A30000FFFFFFFFFFFFFFFFFFFFFFFFFFFFFFFFFFFFFFFFFFFFFFFFFFFFFFFFFFFFFFFF5D
:20A32000FFFFFFFFFFFFFFFFFFFFFFFFFFFFFFFFFFFFFFFFFFFFFFFFFFFFFFFFFFFFFFFF3D
:20A34000FFFFFFFFFFFFFFFFFFFFFFFFFFFFFFFFFFFFFFFFFFFFFFFFFFFFFFFFFFFFFFFF1D
:20A36000FFFFFFFFFFFFFFFFFFFFFFFFFFFFFFFFFFFFFFFFFFFFFFFFFFFFFFFFFFFFFFFFFD
:20A38000FFFFFFFFFFFFFFFFFFFFFFFFFFFFFFFFFFFFFFFFFFFFFFFFFFFFFFFFFFFFFFFFDD
:20A3A000FFFFFFFFFFFFFFFFFFFFFFFFFFFFFFFFFFFFFFFFFFFFFFFFFFFFFFFFFFFFFFFFBD
:20A3C000FFFFFFFFFFFFFFFFFFFFFFFFFFFFFFFFFFFFFFFFFFFFFFFFFFFFFFFFFFFFFFFF9D
:20A3E000FFFFFFFFFFFFFFFFFFFFFFFFFFFFFFFFFFFFFFFFFFFFFFFFFFFFFFFFFFFFFFFF7D
:20A40000FFFFFFFFFFFFFFFFFFFFFFFFFFFFFFFFFFFFFFFFFFFFFFFFFFFFFFFFFFFFFFFF5C
:20A42000FFFFFFFFFFFFFFFFFFFFFFFFFFFFFFFFFFFFFFFFFFFFFFFFFFFFFFFFFFFFFFFF3C
:20A44000FFFFFFFFFFFFFFFFFFFFFFFFFFFFFFFFFFFFFFFFFFFFFFFFFFFFFFFFFFFFFFFF1C
:20A46000FFFFFFFFFFFFFFFFFFFFFFFFFFFFFFFFFFFFFFFFFFFFFFFFFFFFFFFFFFFFFFFFFC
:20A48000FFFFFFFFFFFFFFFFFFFFFFFFFFFFFFFFFFFFFFFFFFFFFFFFFFFFFFFFFFFFFFFFDC
:20A4A000FFFFFFFFFFFFFFFFFFFFFFFFFFFFFFFFFFFFFFFFFFFFFFFFFFFFFFFFFFFFFFFFBC
:20A4C000FFFFFFFFFFFFFFFFFFFFFFFFFFFFFFFFFFFFFFFFFFFFFFFFFFFFFFFFFFFFFFFF9C
:20A4E000FFFFFFFFFFFFFFFFFFFFFFFFFFFFFFFFFFFFFFFFFFFFFFFFFFFFFFFFFFFFFFFF7C
:20A50000FFFFFFFFFFFFFFFFFFFFFFFFFFFFFFFFFFFFFFFFFFFFFFFFFFFFFFFFFFFFFFFF5B
:20A52000FFFFFFFFFFFFFFFFFFFFFFFFFFFFFFFFFFFFFFFFFFFFFFFFFFFFFFFFFFFFFFFF3B
:20A54000FFFFFFFFFFFFFFFFFFFFFFFFFFFFFFFFFFFFFFFFFFFFFFFFFFFFFFFFFFFFFFFF1B
:20A56000FFFFFFFFFFFFFFFFFFFFFFFFFFFFFFFFFFFFFFFFFFFFFFFFFFFFFFFFFFFFFFFFFB
:20A58000FFFFFFFFFFFFFFFFFFFFFFFFFFFFFFFFFFFFFFFFFFFFFFFFFFFFFFFFFFFFFFFFDB
:20A5A000FFFFFFFFFFFFFFFFFFFFFFFFFFFFFFFFFFFFFFFFFFFFFFFFFFFFFFFFFFFFFFFFBB
:20A5C000FFFFFFFFFFFFFFFFFFFFFFFFFFFFFFFFFFFFFFFFFFFFFFFFFFFFFFFFFFFFFFFF9B
:20A5E000FFFFFFFFFFFFFFFFFFFFFFFFFFFFFFFFFFFFFFFFFFFFFFFFFFFFFFFFFFFFFFFF7B
:20A60000FFFFFFFFFFFFFFFFFFFFFFFFFFFFFFFFFFFFFFFFFFFFFFFFFFFFFFFFFFFFFFFF5A
:20A62000FFFFFFFFFFFFFFFFFFFFFFFFFFFFFFFFFFFFFFFFFFFFFFFFFFFFFFFFFFFFFFFF3A
:20A64000FFFFFFFFFFFFFFFFFFFFFFFFFFFFFFFFFFFFFFFFFFFFFFFFFFFFFFFFFFFFFFFF1A
:20A66000FFFFFFFFFFFFFFFFFFFFFFFFFFFFFFFFFFFFFFFFFFFFFFFFFFFFFFFFFFFFFFFFFA
:20A68000FFFFFFFFFFFFFFFFFFFFFFFFFFFFFFFFFFFFFFFFFFFFFFFFFFFFFFFFFFFFFFFFDA
:20A6A000FFFFFFFFFFFFFFFFFFFFFFFFFFFFFFFFFFFFFFFFFFFFFFFFFFFFFFFFFFFFFFFFBA
:20A6C000FFFFFFFFFFFFFFFFFFFFFFFFFFFFFFFFFFFFFFFFFFFFFFFFFFFFFFFFFFFFFFFF9A
:20A6E000FFFFFFFFFFFFFFFFFFFFFFFFFFFFFFFFFFFFFFFFFFFFFFFFFFFFFFFFFFFFFFFF7A
:20A70000FFFFFFFFFFFFFFFFFFFFFFFFFFFFFFFFFFFFFFFFFFFFFFFFFFFFFFFFFFFFFFFF59
:20A72000FFFFFFFFFFFFFFFFFFFFFFFFFFFFFFFFFFFFFFFFFFFFFFFFFFFFFFFFFFFFFFFF39
:20A74000FFFFFFFFFFFFFFFFFFFFFFFFFFFFFFFFFFFFFFFFFFFFFFFFFFFFFFFFFFFFFFFF19
:20A76000FFFFFFFFFFFFFFFFFFFFFFFFFFFFFFFFFFFFFFFFFFFFFFFFFFFFFFFFFFFFFFFFF9
:20A78000FFFFFFFFFFFFFFFFFFFFFFFFFFFFFFFFFFFFFFFFFFFFFFFFFFFFFFFFFFFFFFFFD9
:20A7A000FFFFFFFFFFFFFFFFFFFFFFFFFFFFFFFFFFFFFFFFFFFFFFFFFFFFFFFFFFFFFFFFB9
:20A7C000FFFFFFFFFFFFFFFFFFFFFFFFFFFFFFFFFFFFFFFFFFFFFFFFFFFFFFFFFFFFFFFF99
:20A7E000FFFFFFFFFFFFFFFFFFFFFFFFFFFFFFFFFFFFFFFFFFFFFFFFFFFFFFFFFFFFFFFF79
:20A80000FFFFFFFFFFFFFFFFFFFFFFFFFFFFFFFFFFFFFFFFFFFFFFFFFFFFFFFFFFFFFFFF58
:20A82000FFFFFFFFFFFFFFFFFFFFFFFFFFFFFFFFFFFFFFFFFFFFFFFFFFFFFFFFFFFFFFFF38
:20A84000FFFFFFFFFFFFFFFFFFFFFFFFFFFFFFFFFFFFFFFFFFFFFFFFFFFFFFFFFFFFFFFF18
:20A86000FFFFFFFFFFFFFFFFFFFFFFFFFFFFFFFFFFFFFFFFFFFFFFFFFFFFFFFFFFFFFFFFF8
:20A88000FFFFFFFFFFFFFFFFFFFFFFFFFFFFFFFFFFFFFFFFFFFFFFFFFFFFFFFFFFFFFFFFD8
:20A8A000FFFFFFFFFFFFFFFFFFFFFFFFFFFFFFFFFFFFFFFFFFFFFFFFFFFFFFFFFFFFFFFFB8
:20A8C000FFFFFFFFFFFFFFFFFFFFFFFFFFFFFFFFFFFFFFFFFFFFFFFFFFFFFFFFFFFFFFFF98
:20A8E000FFFFFFFFFFFFFFFFFFFFFFFFFFFFFFFFFFFFFFFFFFFFFFFFFFFFFFFFFFFFFFFF78
:20A90000FFFFFFFFFFFFFFFFFFFFFFFFFFFFFFFFFFFFFFFFFFFFFFFFFFFFFFFFFFFFFFFF57
:20A92000FFFFFFFFFFFFFFFFFFFFFFFFFFFFFFFFFFFFFFFFFFFFFFFFFFFFFFFFFFFFFFFF37
:20A94000FFFFFFFFFFFFFFFFFFFFFFFFFFFFFFFFFFFFFFFFFFFFFFFFFFFFFFFFFFFFFFFF17
:20A96000FFFFFFFFFFFFFFFFFFFFFFFFFFFFFFFFFFFFFFFFFFFFFFFFFFFFFFFFFFFFFFFFF7
:20A98000FFFFFFFFFFFFFFFFFFFFFFFFFFFFFFFFFFFFFFFFFFFFFFFFFFFFFFFFFFFFFFFFD7
:20A9A000FFFFFFFFFFFFFFFFFFFFFFFFFFFFFFFFFFFFFFFFFFFFFFFFFFFFFFFFFFFFFFFFB7
:20A9C000FFFFFFFFFFFFFFFFFFFFFFFFFFFFFFFFFFFFFFFFFFFFFFFFFFFFFFFFFFFFFFFF97
:20A9E000FFFFFFFFFFFFFFFFFFFFFFFFFFFFFFFFFFFFFFFFFFFFFFFFFFFFFFFFFFFFFFFF77
:20AA0000FFFFFFFFFFFFFFFFFFFFFFFFFFFFFFFFFFFFFFFFFFFFFFFFFFFFFFFFFFFFFFFF56
:20AA2000FFFFFFFFFFFFFFFFFFFFFFFFFFFFFFFFFFFFFFFFFFFFFFFFFFFFFFFFFFFFFFFF36
:20AA4000FFFFFFFFFFFFFFFFFFFFFFFFFFFFFFFFFFFFFFFFFFFFFFFFFFFFFFFFFFFFFFFF16
:20AA6000FFFFFFFFFFFFFFFFFFFFFFFFFFFFFFFFFFFFFFFFFFFFFFFFFFFFFFFFFFFFFFFFF6
:20AA8000FFFFFFFFFFFFFFFFFFFFFFFFFFFFFFFFFFFFFFFFFFFFFFFFFFFFFFFFFFFFFFFFD6
:20AAA000FFFFFFFFFFFFFFFFFFFFFFFFFFFFFFFFFFFFFFFFFFFFFFFFFFFFFFFFFFFFFFFFB6
:20AAC000FFFFFFFFFFFFFFFFFFFFFFFFFFFFFFFFFFFFFFFFFFFFFFFFFFFFFFFFFFFFFFFF96
:20AAE000FFFFFFFFFFFFFFFFFFFFFFFFFFFFFFFFFFFFFFFFFFFFFFFFFFFFFFFFFFFFFFFF76
:20AB0000FFFFFFFFFFFFFFFFFFFFFFFFFFFFFFFFFFFFFFFFFFFFFFFFFFFFFFFFFFFFFFFF55
:20AB2000FFFFFFFFFFFFFFFFFFFFFFFFFFFFFFFFFFFFFFFFFFFFFFFFFFFFFFFFFFFFFFFF35
:20AB4000FFFFFFFFFFFFFFFFFFFFFFFFFFFFFFFFFFFFFFFFFFFFFFFFFFFFFFFFFFFFFFFF15
:20AB6000FFFFFFFFFFFFFFFFFFFFFFFFFFFFFFFFFFFFFFFFFFFFFFFFFFFFFFFFFFFFFFFFF5
:20AB8000FFFFFFFFFFFFFFFFFFFFFFFFFFFFFFFFFFFFFFFFFFFFFFFFFFFFFFFFFFFFFFFFD5
:20ABA000FFFFFFFFFFFFFFFFFFFFFFFFFFFFFFFFFFFFFFFFFFFFFFFFFFFFFFFFFFFFFFFFB5
:20ABC000FFFFFFFFFFFFFFFFFFFFFFFFFFFFFFFFFFFFFFFFFFFFFFFFFFFFFFFFFFFFFFFF95
:20ABE000FFFFFFFFFFFFFFFFFFFFFFFFFFFFFFFFFFFFFFFFFFFFFFFFFFFFFFFFFFFFFFFF75
:20AC0000FFFFFFFFFFFFFFFFFFFFFFFFFFFFFFFFFFFFFFFFFFFFFFFFFFFFFFFFFFFFFFFF54
:20AC2000FFFFFFFFFFFFFFFFFFFFFFFFFFFFFFFFFFFFFFFFFFFFFFFFFFFFFFFFFFFFFFFF34
:20AC4000FFFFFFFFFFFFFFFFFFFFFFFFFFFFFFFFFFFFFFFFFFFFFFFFFFFFFFFFFFFFFFFF14
:20AC6000FFFFFFFFFFFFFFFFFFFFFFFFFFFFFFFFFFFFFFFFFFFFFFFFFFFFFFFFFFFFFFFFF4
:20AC8000FFFFFFFFFFFFFFFFFFFFFFFFFFFFFFFFFFFFFFFFFFFFFFFFFFFFFFFFFFFFFFFFD4
:20ACA000FFFFFFFFFFFFFFFFFFFFFFFFFFFFFFFFFFFFFFFFFFFFFFFFFFFFFFFFFFFFFFFFB4
:20ACC000FFFFFFFFFFFFFFFFFFFFFFFFFFFFFFFFFFFFFFFFFFFFFFFFFFFFFFFFFFFFFFFF94
:20ACE000FFFFFFFFFFFFFFFFFFFFFFFFFFFFFFFFFFFFFFFFFFFFFFFFFFFFFFFFFFFFFFFF74
:20AD0000FFFFFFFFFFFFFFFFFFFFFFFFFFFFFFFFFFFFFFFFFFFFFFFFFFFFFFFFFFFFFFFF53
:20AD2000FFFFFFFFFFFFFFFFFFFFFFFFFFFFFFFFFFFFFFFFFFFFFFFFFFFFFFFFFFFFFFFF33
:20AD4000FFFFFFFFFFFFFFFFFFFFFFFFFFFFFFFFFFFFFFFFFFFFFFFFFFFFFFFFFFFFFFFF13
:20AD6000FFFFFFFFFFFFFFFFFFFFFFFFFFFFFFFFFFFFFFFFFFFFFFFFFFFFFFFFFFFFFFFFF3
:20AD8000FFFFFFFFFFFFFFFFFFFFFFFFFFFFFFFFFFFFFFFFFFFFFFFFFFFFFFFFFFFFFFFFD3
:20ADA000FFFFFFFFFFFFFFFFFFFFFFFFFFFFFFFFFFFFFFFFFFFFFFFFFFFFFFFFFFFFFFFFB3
:20ADC000FFFFFFFFFFFFFFFFFFFFFFFFFFFFFFFFFFFFFFFFFFFFFFFFFFFFFFFFFFFFFFFF93
:20ADE000FFFFFFFFFFFFFFFFFFFFFFFFFFFFFFFFFFFFFFFFFFFFFFFFFFFFFFFFFFFFFFFF73
:20AE0000FFFFFFFFFFFFFFFFFFFFFFFFFFFFFFFFFFFFFFFFFFFFFFFFFFFFFFFFFFFFFFFF52
:20AE2000FFFFFFFFFFFFFFFFFFFFFFFFFFFFFFFFFFFFFFFFFFFFFFFFFFFFFFFFFFFFFFFF32
:20AE4000FFFFFFFFFFFFFFFFFFFFFFFFFFFFFFFFFFFFFFFFFFFFFFFFFFFFFFFFFFFFFFFF12
:20AE6000FFFFFFFFFFFFFFFFFFFFFFFFFFFFFFFFFFFFFFFFFFFFFFFFFFFFFFFFFFFFFFFFF2
:20AE8000FFFFFFFFFFFFFFFFFFFFFFFFFFFFFFFFFFFFFFFFFFFFFFFFFFFFFFFFFFFFFFFFD2
:20AEA000FFFFFFFFFFFFFFFFFFFFFFFFFFFFFFFFFFFFFFFFFFFFFFFFFFFFFFFFFFFFFFFFB2
:20AEC000FFFFFFFFFFFFFFFFFFFFFFFFFFFFFFFFFFFFFFFFFFFFFFFFFFFFFFFFFFFFFFFF92
:20AEE000FFFFFFFFFFFFFFFFFFFFFFFFFFFFFFFFFFFFFFFFFFFFFFFFFFFFFFFFFFFFFFFF72
:20AF0000FFFFFFFFFFFFFFFFFFFFFFFFFFFFFFFFFFFFFFFFFFFFFFFFFFFFFFFFFFFFFFFF51
:20AF2000FFFFFFFFFFFFFFFFFFFFFFFFFFFFFFFFFFFFFFFFFFFFFFFFFFFFFFFFFFFFFFFF31
:20AF4000FFFFFFFFFFFFFFFFFFFFFFFFFFFFFFFFFFFFFFFFFFFFFFFFFFFFFFFFFFFFFFFF11
:20AF6000FFFFFFFFFFFFFFFFFFFFFFFFFFFFFFFFFFFFFFFFFFFFFFFFFFFFFFFFFFFFFFFFF1
:20AF8000FFFFFFFFFFFFFFFFFFFFFFFFFFFFFFFFFFFFFFFFFFFFFFFFFFFFFFFFFFFFFFFFD1
:20AFA000FFFFFFFFFFFFFFFFFFFFFFFFFFFFFFFFFFFFFFFFFFFFFFFFFFFFFFFFFFFFFFFFB1
:20AFC000FFFFFFFFFFFFFFFFFFFFFFFFFFFFFFFFFFFFFFFFFFFFFFFFFFFFFFFFFFFFFFFF91
:20AFE000FFFFFFFFFFFFFFFFFFFFFFFFFFFFFFFFFFFFFFFFFFFFFFFFFFFFFFFFFFFFFFFF71
:20B00000FFFFFFFFFFFFFFFFFFFFFFFFFFFFFFFFFFFFFFFFFFFFFFFFFFFFFFFFFFFFFFFF50
:20B02000FFFFFFFFFFFFFFFFFFFFFFFFFFFFFFFFFFFFFFFFFFFFFFFFFFFFFFFFFFFFFFFF30
:20B04000FFFFFFFFFFFFFFFFFFFFFFFFFFFFFFFFFFFFFFFFFFFFFFFFFFFFFFFFFFFFFFFF10
:20B06000FFFFFFFFFFFFFFFFFFFFFFFFFFFFFFFFFFFFFFFFFFFFFFFFFFFFFFFFFFFFFFFFF0
:20B08000FFFFFFFFFFFFFFFFFFFFFFFFFFFFFFFFFFFFFFFFFFFFFFFFFFFFFFFFFFFFFFFFD0
:20B0A000FFFFFFFFFFFFFFFFFFFFFFFFFFFFFFFFFFFFFFFFFFFFFFFFFFFFFFFFFFFFFFFFB0
:20B0C000FFFFFFFFFFFFFFFFFFFFFFFFFFFFFFFFFFFFFFFFFFFFFFFFFFFFFFFFFFFFFFFF90
:20B0E000FFFFFFFFFFFFFFFFFFFFFFFFFFFFFFFFFFFFFFFFFFFFFFFFFFFFFFFFFFFFFFFF70
:20B10000FFFFFFFFFFFFFFFFFFFFFFFFFFFFFFFFFFFFFFFFFFFFFFFFFFFFFFFFFFFFFFFF4F
:20B12000FFFFFFFFFFFFFFFFFFFFFFFFFFFFFFFFFFFFFFFFFFFFFFFFFFFFFFFFFFFFFFFF2F
:20B14000FFFFFFFFFFFFFFFFFFFFFFFFFFFFFFFFFFFFFFFFFFFFFFFFFFFFFFFFFFFFFFFF0F
:20B16000FFFFFFFFFFFFFFFFFFFFFFFFFFFFFFFFFFFFFFFFFFFFFFFFFFFFFFFFFFFFFFFFEF
:20B18000FFFFFFFFFFFFFFFFFFFFFFFFFFFFFFFFFFFFFFFFFFFFFFFFFFFFFFFFFFFFFFFFCF
:20B1A000FFFFFFFFFFFFFFFFFFFFFFFFFFFFFFFFFFFFFFFFFFFFFFFFFFFFFFFFFFFFFFFFAF
:20B1C000FFFFFFFFFFFFFFFFFFFFFFFFFFFFFFFFFFFFFFFFFFFFFFFFFFFFFFFFFFFFFFFF8F
:20B1E000FFFFFFFFFFFFFFFFFFFFFFFFFFFFFFFFFFFFFFFFFFFFFFFFFFFFFFFFFFFFFFFF6F
:20B20000FFFFFFFFFFFFFFFFFFFFFFFFFFFFFFFFFFFFFFFFFFFFFFFFFFFFFFFFFFFFFFFF4E
:20B22000FFFFFFFFFFFFFFFFFFFFFFFFFFFFFFFFFFFFFFFFFFFFFFFFFFFFFFFFFFFFFFFF2E
:20B24000FFFFFFFFFFFFFFFFFFFFFFFFFFFFFFFFFFFFFFFFFFFFFFFFFFFFFFFFFFFFFFFF0E
:20B26000FFFFFFFFFFFFFFFFFFFFFFFFFFFFFFFFFFFFFFFFFFFFFFFFFFFFFFFFFFFFFFFFEE
:20B28000FFFFFFFFFFFFFFFFFFFFFFFFFFFFFFFFFFFFFFFFFFFFFFFFFFFFFFFFFFFFFFFFCE
:20B2A000FFFFFFFFFFFFFFFFFFFFFFFFFFFFFFFFFFFFFFFFFFFFFFFFFFFFFFFFFFFFFFFFAE
:20B2C000FFFFFFFFFFFFFFFFFFFFFFFFFFFFFFFFFFFFFFFFFFFFFFFFFFFFFFFFFFFFFFFF8E
:20B2E000FFFFFFFFFFFFFFFFFFFFFFFFFFFFFFFFFFFFFFFFFFFFFFFFFFFFFFFFFFFFFFFF6E
:20B30000FFFFFFFFFFFFFFFFFFFFFFFFFFFFFFFFFFFFFFFFFFFFFFFFFFFFFFFFFFFFFFFF4D
:20B32000FFFFFFFFFFFFFFFFFFFFFFFFFFFFFFFFFFFFFFFFFFFFFFFFFFFFFFFFFFFFFFFF2D
:20B34000FFFFFFFFFFFFFFFFFFFFFFFFFFFFFFFFFFFFFFFFFFFFFFFFFFFFFFFFFFFFFFFF0D
:20B36000FFFFFFFFFFFFFFFFFFFFFFFFFFFFFFFFFFFFFFFFFFFFFFFFFFFFFFFFFFFFFFFFED
:20B38000FFFFFFFFFFFFFFFFFFFFFFFFFFFFFFFFFFFFFFFFFFFFFFFFFFFFFFFFFFFFFFFFCD
:20B3A000FFFFFFFFFFFFFFFFFFFFFFFFFFFFFFFFFFFFFFFFFFFFFFFFFFFFFFFFFFFFFFFFAD
:20B3C000FFFFFFFFFFFFFFFFFFFFFFFFFFFFFFFFFFFFFFFFFFFFFFFFFFFFFFFFFFFFFFFF8D
:20B3E000FFFFFFFFFFFFFFFFFFFFFFFFFFFFFFFFFFFFFFFFFFFFFFFFFFFFFFFFFFFFFFFF6D
:20B40000FFFFFFFFFFFFFFFFFFFFFFFFFFFFFFFFFFFFFFFFFFFFFFFFFFFFFFFFFFFFFFFF4C
:20B42000FFFFFFFFFFFFFFFFFFFFFFFFFFFFFFFFFFFFFFFFFFFFFFFFFFFFFFFFFFFFFFFF2C
:20B44000FFFFFFFFFFFFFFFFFFFFFFFFFFFFFFFFFFFFFFFFFFFFFFFFFFFFFFFFFFFFFFFF0C
:20B46000FFFFFFFFFFFFFFFFFFFFFFFFFFFFFFFFFFFFFFFFFFFFFFFFFFFFFFFFFFFFFFFFEC
:20B48000FFFFFFFFFFFFFFFFFFFFFFFFFFFFFFFFFFFFFFFFFFFFFFFFFFFFFFFFFFFFFFFFCC
:20B4A000FFFFFFFFFFFFFFFFFFFFFFFFFFFFFFFFFFFFFFFFFFFFFFFFFFFFFFFFFFFFFFFFAC
:20B4C000FFFFFFFFFFFFFFFFFFFFFFFFFFFFFFFFFFFFFFFFFFFFFFFFFFFFFFFFFFFFFFFF8C
:20B4E000FFFFFFFFFFFFFFFFFFFFFFFFFFFFFFFFFFFFFFFFFFFFFFFFFFFFFFFFFFFFFFFF6C
:20B50000FFFFFFFFFFFFFFFFFFFFFFFFFFFFFFFFFFFFFFFFFFFFFFFFFFFFFFFFFFFFFFFF4B
:20B52000FFFFFFFFFFFFFFFFFFFFFFFFFFFFFFFFFFFFFFFFFFFFFFFFFFFFFFFFFFFFFFFF2B
:20B54000FFFFFFFFFFFFFFFFFFFFFFFFFFFFFFFFFFFFFFFFFFFFFFFFFFFFFFFFFFFFFFFF0B
:20B56000FFFFFFFFFFFFFFFFFFFFFFFFFFFFFFFFFFFFFFFFFFFFFFFFFFFFFFFFFFFFFFFFEB
:20B58000FFFFFFFFFFFFFFFFFFFFFFFFFFFFFFFFFFFFFFFFFFFFFFFFFFFFFFFFFFFFFFFFCB
:20B5A000FFFFFFFFFFFFFFFFFFFFFFFFFFFFFFFFFFFFFFFFFFFFFFFFFFFFFFFFFFFFFFFFAB
:20B5C000FFFFFFFFFFFFFFFFFFFFFFFFFFFFFFFFFFFFFFFFFFFFFFFFFFFFFFFFFFFFFFFF8B
:20B5E000FFFFFFFFFFFFFFFFFFFFFFFFFFFFFFFFFFFFFFFFFFFFFFFFFFFFFFFFFFFFFFFF6B
:20B60000FFFFFFFFFFFFFFFFFFFFFFFFFFFFFFFFFFFFFFFFFFFFFFFFFFFFFFFFFFFFFFFF4A
:20B62000FFFFFFFFFFFFFFFFFFFFFFFFFFFFFFFFFFFFFFFFFFFFFFFFFFFFFFFFFFFFFFFF2A
:20B64000FFFFFFFFFFFFFFFFFFFFFFFFFFFFFFFFFFFFFFFFFFFFFFFFFFFFFFFFFFFFFFFF0A
:20B66000FFFFFFFFFFFFFFFFFFFFFFFFFFFFFFFFFFFFFFFFFFFFFFFFFFFFFFFFFFFFFFFFEA
:20B68000FFFFFFFFFFFFFFFFFFFFFFFFFFFFFFFFFFFFFFFFFFFFFFFFFFFFFFFFFFFFFFFFCA
:20B6A000FFFFFFFFFFFFFFFFFFFFFFFFFFFFFFFFFFFFFFFFFFFFFFFFFFFFFFFFFFFFFFFFAA
:20B6C000FFFFFFFFFFFFFFFFFFFFFFFFFFFFFFFFFFFFFFFFFFFFFFFFFFFFFFFFFFFFFFFF8A
:20B6E000FFFFFFFFFFFFFFFFFFFFFFFFFFFFFFFFFFFFFFFFFFFFFFFFFFFFFFFFFFFFFFFF6A
:20B70000FFFFFFFFFFFFFFFFFFFFFFFFFFFFFFFFFFFFFFFFFFFFFFFFFFFFFFFFFFFFFFFF49
:20B72000FFFFFFFFFFFFFFFFFFFFFFFFFFFFFFFFFFFFFFFFFFFFFFFFFFFFFFFFFFFFFFFF29
:20B74000FFFFFFFFFFFFFFFFFFFFFFFFFFFFFFFFFFFFFFFFFFFFFFFFFFFFFFFFFFFFFFFF09
:20B76000FFFFFFFFFFFFFFFFFFFFFFFFFFFFFFFFFFFFFFFFFFFFFFFFFFFFFFFFFFFFFFFFE9
:20B78000FFFFFFFFFFFFFFFFFFFFFFFFFFFFFFFFFFFFFFFFFFFFFFFFFFFFFFFFFFFFFFFFC9
:20B7A000FFFFFFFFFFFFFFFFFFFFFFFFFFFFFFFFFFFFFFFFFFFFFFFFFFFFFFFFFFFFFFFFA9
:20B7C000FFFFFFFFFFFFFFFFFFFFFFFFFFFFFFFFFFFFFFFFFFFFFFFFFFFFFFFFFFFFFFFF89
:20B7E000FFFFFFFFFFFFFFFFFFFFFFFFFFFFFFFFFFFFFFFFFFFFFFFFFFFFFFFFFFFFFFFF69
:20B80000FFFFFFFFFFFFFFFFFFFFFFFFFFFFFFFFFFFFFFFFFFFFFFFFFFFFFFFFFFFFFFFF48
:20B82000FFFFFFFFFFFFFFFFFFFFFFFFFFFFFFFFFFFFFFFFFFFFFFFFFFFFFFFFFFFFFFFF28
:20B84000FFFFFFFFFFFFFFFFFFFFFFFFFFFFFFFFFFFFFFFFFFFFFFFFFFFFFFFFFFFFFFFF08
:20B86000FFFFFFFFFFFFFFFFFFFFFFFFFFFFFFFFFFFFFFFFFFFFFFFFFFFFFFFFFFFFFFFFE8
:20B88000FFFFFFFFFFFFFFFFFFFFFFFFFFFFFFFFFFFFFFFFFFFFFFFFFFFFFFFFFFFFFFFFC8
:20B8A000FFFFFFFFFFFFFFFFFFFFFFFFFFFFFFFFFFFFFFFFFFFFFFFFFFFFFFFFFFFFFFFFA8
:20B8C000FFFFFFFFFFFFFFFFFFFFFFFFFFFFFFFFFFFFFFFFFFFFFFFFFFFFFFFFFFFFFFFF88
:20B8E000FFFFFFFFFFFFFFFFFFFFFFFFFFFFFFFFFFFFFFFFFFFFFFFFFFFFFFFFFFFFFFFF68
:20B90000FFFFFFFFFFFFFFFFFFFFFFFFFFFFFFFFFFFFFFFFFFFFFFFFFFFFFFFFFFFFFFFF47
:20B92000FFFFFFFFFFFFFFFFFFFFFFFFFFFFFFFFFFFFFFFFFFFFFFFFFFFFFFFFFFFFFFFF27
:20B94000FFFFFFFFFFFFFFFFFFFFFFFFFFFFFFFFFFFFFFFFFFFFFFFFFFFFFFFFFFFFFFFF07
:20B96000FFFFFFFFFFFFFFFFFFFFFFFFFFFFFFFFFFFFFFFFFFFFFFFFFFFFFFFFFFFFFFFFE7
:20B98000FFFFFFFFFFFFFFFFFFFFFFFFFFFFFFFFFFFFFFFFFFFFFFFFFFFFFFFFFFFFFFFFC7
:20B9A000FFFFFFFFFFFFFFFFFFFFFFFFFFFFFFFFFFFFFFFFFFFFFFFFFFFFFFFFFFFFFFFFA7
:20B9C000FFFFFFFFFFFFFFFFFFFFFFFFFFFFFFFFFFFFFFFFFFFFFFFFFFFFFFFFFFFFFFFF87
:20B9E000FFFFFFFFFFFFFFFFFFFFFFFFFFFFFFFFFFFFFFFFFFFFFFFFFFFFFFFFFFFFFFFF67
:20BA0000FFFFFFFFFFFFFFFFFFFFFFFFFFFFFFFFFFFFFFFFFFFFFFFFFFFFFFFFFFFFFFFF46
:20BA2000FFFFFFFFFFFFFFFFFFFFFFFFFFFFFFFFFFFFFFFFFFFFFFFFFFFFFFFFFFFFFFFF26
:20BA4000FFFFFFFFFFFFFFFFFFFFFFFFFFFFFFFFFFFFFFFFFFFFFFFFFFFFFFFFFFFFFFFF06
:20BA6000FFFFFFFFFFFFFFFFFFFFFFFFFFFFFFFFFFFFFFFFFFFFFFFFFFFFFFFFFFFFFFFFE6
:20BA8000FFFFFFFFFFFFFFFFFFFFFFFFFFFFFFFFFFFFFFFFFFFFFFFFFFFFFFFFFFFFFFFFC6
:20BAA000FFFFFFFFFFFFFFFFFFFFFFFFFFFFFFFFFFFFFFFFFFFFFFFFFFFFFFFFFFFFFFFFA6
:20BAC000FFFFFFFFFFFFFFFFFFFFFFFFFFFFFFFFFFFFFFFFFFFFFFFFFFFFFFFFFFFFFFFF86
:20BAE000FFFFFFFFFFFFFFFFFFFFFFFFFFFFFFFFFFFFFFFFFFFFFFFFFFFFFFFFFFFFFFFF66
:20BB0000FFFFFFFFFFFFFFFFFFFFFFFFFFFFFFFFFFFFFFFFFFFFFFFFFFFFFFFFFFFFFFFF45
:20BB2000FFFFFFFFFFFFFFFFFFFFFFFFFFFFFFFFFFFFFFFFFFFFFFFFFFFFFFFFFFFFFFFF25
:20BB4000FFFFFFFFFFFFFFFFFFFFFFFFFFFFFFFFFFFFFFFFFFFFFFFFFFFFFFFFFFFFFFFF05
:20BB6000FFFFFFFFFFFFFFFFFFFFFFFFFFFFFFFFFFFFFFFFFFFFFFFFFFFFFFFFFFFFFFFFE5
:20BB8000FFFFFFFFFFFFFFFFFFFFFFFFFFFFFFFFFFFFFFFFFFFFFFFFFFFFFFFFFFFFFFFFC5
:20BBA000FFFFFFFFFFFFFFFFFFFFFFFFFFFFFFFFFFFFFFFFFFFFFFFFFFFFFFFFFFFFFFFFA5
:20BBC000FFFFFFFFFFFFFFFFFFFFFFFFFFFFFFFFFFFFFFFFFFFFFFFFFFFFFFFFFFFFFFFF85
:20BBE000FFFFFFFFFFFFFFFFFFFFFFFFFFFFFFFFFFFFFFFFFFFFFFFFFFFFFFFFFFFFFFFF65
:20BC0000FFFFFFFFFFFFFFFFFFFFFFFFFFFFFFFFFFFFFFFFFFFFFFFFFFFFFFFFFFFFFFFF44
:20BC2000FFFFFFFFFFFFFFFFFFFFFFFFFFFFFFFFFFFFFFFFFFFFFFFFFFFFFFFFFFFFFFFF24
:20BC4000FFFFFFFFFFFFFFFFFFFFFFFFFFFFFFFFFFFFFFFFFFFFFFFFFFFFFFFFFFFFFFFF04
:20BC6000FFFFFFFFFFFFFFFFFFFFFFFFFFFFFFFFFFFFFFFFFFFFFFFFFFFFFFFFFFFFFFFFE4
:20BC8000FFFFFFFFFFFFFFFFFFFFFFFFFFFFFFFFFFFFFFFFFFFFFFFFFFFFFFFFFFFFFFFFC4
:20BCA000FFFFFFFFFFFFFFFFFFFFFFFFFFFFFFFFFFFFFFFFFFFFFFFFFFFFFFFFFFFFFFFFA4
:20BCC000FFFFFFFFFFFFFFFFFFFFFFFFFFFFFFFFFFFFFFFFFFFFFFFFFFFFFFFFFFFFFFFF84
:20BCE000FFFFFFFFFFFFFFFFFFFFFFFFFFFFFFFFFFFFFFFFFFFFFFFFFFFFFFFFFFFFFFFF64
:20BD0000FFFFFFFFFFFFFFFFFFFFFFFFFFFFFFFFFFFFFFFFFFFFFFFFFFFFFFFFFFFFFFFF43
:20BD2000FFFFFFFFFFFFFFFFFFFFFFFFFFFFFFFFFFFFFFFFFFFFFFFFFFFFFFFFFFFFFFFF23
:20BD4000FFFFFFFFFFFFFFFFFFFFFFFFFFFFFFFFFFFFFFFFFFFFFFFFFFFFFFFFFFFFFFFF03
:20BD6000FFFFFFFFFFFFFFFFFFFFFFFFFFFFFFFFFFFFFFFFFFFFFFFFFFFFFFFFFFFFFFFFE3
:20BD8000FFFFFFFFFFFFFFFFFFFFFFFFFFFFFFFFFFFFFFFFFFFFFFFFFFFFFFFFFFFFFFFFC3
:20BDA000FFFFFFFFFFFFFFFFFFFFFFFFFFFFFFFFFFFFFFFFFFFFFFFFFFFFFFFFFFFFFFFFA3
:20BDC000FFFFFFFFFFFFFFFFFFFFFFFFFFFFFFFFFFFFFFFFFFFFFFFFFFFFFFFFFFFFFFFF83
:20BDE000FFFFFFFFFFFFFFFFFFFFFFFFFFFFFFFFFFFFFFFFFFFFFFFFFFFFFFFFFFFFFFFF63
:20BE0000FFFFFFFFFFFFFFFFFFFFFFFFFFFFFFFFFFFFFFFFFFFFFFFFFFFFFFFFFFFFFFFF42
:20BE2000FFFFFFFFFFFFFFFFFFFFFFFFFFFFFFFFFFFFFFFFFFFFFFFFFFFFFFFFFFFFFFFF22
:20BE4000FFFFFFFFFFFFFFFFFFFFFFFFFFFFFFFFFFFFFFFFFFFFFFFFFFFFFFFFFFFFFFFF02
:20BE6000FFFFFFFFFFFFFFFFFFFFFFFFFFFFFFFFFFFFFFFFFFFFFFFFFFFFFFFFFFFFFFFFE2
:20BE8000FFFFFFFFFFFFFFFFFFFFFFFFFFFFFFFFFFFFFFFFFFFFFFFFFFFFFFFFFFFFFFFFC2
:20BEA000FFFFFFFFFFFFFFFFFFFFFFFFFFFFFFFFFFFFFFFFFFFFFFFFFFFFFFFFFFFFFFFFA2
:20BEC000FFFFFFFFFFFFFFFFFFFFFFFFFFFFFFFFFFFFFFFFFFFFFFFFFFFFFFFFFFFFFFFF82
:20BEE000FFFFFFFFFFFFFFFFFFFFFFFFFFFFFFFFFFFFFFFFFFFFFFFFFFFFFFFFFFFFFFFF62
:20BF0000FFFFFFFFFFFFFFFFFFFFFFFFFFFFFFFFFFFFFFFFFFFFFFFFFFFFFFFFFFFFFFFF41
:20BF2000FFFFFFFFFFFFFFFFFFFFFFFFFFFFFFFFFFFFFFFFFFFFFFFFFFFFFFFFFFFFFFFF21
:20BF4000FFFFFFFFFFFFFFFFFFFFFFFFFFFFFFFFFFFFFFFFFFFFFFFFFFFFFFFFFFFFFFFF01
:20BF6000FFFFFFFFFFFFFFFFFFFFFFFFFFFFFFFFFFFFFFFFFFFFFFFFFFFFFFFFFFFFFFFFE1
:20BF8000FFFFFFFFFFFFFFFFFFFFFFFFFFFFFFFFFFFFFFFFFFFFFFFFFFFFFFFFFFFFFFFFC1
:20BFA000FFFFFFFFFFFFFFFFFFFFFFFFFFFFFFFFFFFFFFFFFFFFFFFFFFFFFFFFFFFFFFFFA1
:20BFC000FFFFFFFFFFFFFFFFFFFFFFFFFFFFFFFFFFFFFFFFFFFFFFFFFFFFFFFFFFFFFFFF81
:20BFE000FFFFFFFFFFFFFFFFFFFFFFFFFFFFFFFFFFFFFFFFFFFFFFFFFFFFFFFFFFFFFFFF61
:20C00000FFFFFFFFFFFFFFFFFFFFFFFFFFFFFFFFFFFFFFFFFFFFFFFFFFFFFFFFFFFFFFFF40
:20C02000FFFFFFFFFFFFFFFFFFFFFFFFFFFFFFFFFFFFFFFFFFFFFFFFFFFFFFFFFFFFFFFF20
:20C04000FFFFFFFFFFFFFFFFFFFFFFFFFFFFFFFFFFFFFFFFFFFFFFFFFFFFFFFFFFFFFFFF00
:20C06000FFFFFFFFFFFFFFFFFFFFFFFFFFFFFFFFFFFFFFFFFFFFFFFFFFFFFFFFFFFFFFFFE0
:20C08000FFFFFFFFFFFFFFFFFFFFFFFFFFFFFFFFFFFFFFFFFFFFFFFFFFFFFFFFFFFFFFFFC0
:20C0A000FFFFFFFFFFFFFFFFFFFFFFFFFFFFFFFFFFFFFFFFFFFFFFFFFFFFFFFFFFFFFFFFA0
:20C0C000FFFFFFFFFFFFFFFFFFFFFFFFFFFFFFFFFFFFFFFFFFFFFFFFFFFFFFFFFFFFFFFF80
:20C0E000FFFFFFFFFFFFFFFFFFFFFFFFFFFFFFFFFFFFFFFFFFFFFFFFFFFFFFFFFFFFFFFF60
:20C10000FFFFFFFFFFFFFFFFFFFFFFFFFFFFFFFFFFFFFFFFFFFFFFFFFFFFFFFFFFFFFFFF3F
:20C12000FFFFFFFFFFFFFFFFFFFFFFFFFFFFFFFFFFFFFFFFFFFFFFFFFFFFFFFFFFFFFFFF1F
:20C14000FFFFFFFFFFFFFFFFFFFFFFFFFFFFFFFFFFFFFFFFFFFFFFFFFFFFFFFFFFFFFFFFFF
:20C16000FFFFFFFFFFFFFFFFFFFFFFFFFFFFFFFFFFFFFFFFFFFFFFFFFFFFFFFFFFFFFFFFDF
:20C18000FFFFFFFFFFFFFFFFFFFFFFFFFFFFFFFFFFFFFFFFFFFFFFFFFFFFFFFFFFFFFFFFBF
:20C1A000FFFFFFFFFFFFFFFFFFFFFFFFFFFFFFFFFFFFFFFFFFFFFFFFFFFFFFFFFFFFFFFF9F
:20C1C000FFFFFFFFFFFFFFFFFFFFFFFFFFFFFFFFFFFFFFFFFFFFFFFFFFFFFFFFFFFFFFFF7F
:20C1E000FFFFFFFFFFFFFFFFFFFFFFFFFFFFFFFFFFFFFFFFFFFFFFFFFFFFFFFFFFFFFFFF5F
:20C20000FFFFFFFFFFFFFFFFFFFFFFFFFFFFFFFFFFFFFFFFFFFFFFFFFFFFFFFFFFFFFFFF3E
:20C22000FFFFFFFFFFFFFFFFFFFFFFFFFFFFFFFFFFFFFFFFFFFFFFFFFFFFFFFFFFFFFFFF1E
:20C24000FFFFFFFFFFFFFFFFFFFFFFFFFFFFFFFFFFFFFFFFFFFFFFFFFFFFFFFFFFFFFFFFFE
:20C26000FFFFFFFFFFFFFFFFFFFFFFFFFFFFFFFFFFFFFFFFFFFFFFFFFFFFFFFFFFFFFFFFDE
:20C28000FFFFFFFFFFFFFFFFFFFFFFFFFFFFFFFFFFFFFFFFFFFFFFFFFFFFFFFFFFFFFFFFBE
:20C2A000FFFFFFFFFFFFFFFFFFFFFFFFFFFFFFFFFFFFFFFFFFFFFFFFFFFFFFFFFFFFFFFF9E
:20C2C000FFFFFFFFFFFFFFFFFFFFFFFFFFFFFFFFFFFFFFFFFFFFFFFFFFFFFFFFFFFFFFFF7E
:20C2E000FFFFFFFFFFFFFFFFFFFFFFFFFFFFFFFFFFFFFFFFFFFFFFFFFFFFFFFFFFFFFFFF5E
:20C30000FFFFFFFFFFFFFFFFFFFFFFFFFFFFFFFFFFFFFFFFFFFFFFFFFFFFFFFFFFFFFFFF3D
:20C32000FFFFFFFFFFFFFFFFFFFFFFFFFFFFFFFFFFFFFFFFFFFFFFFFFFFFFFFFFFFFFFFF1D
:20C34000FFFFFFFFFFFFFFFFFFFFFFFFFFFFFFFFFFFFFFFFFFFFFFFFFFFFFFFFFFFFFFFFFD
:20C36000FFFFFFFFFFFFFFFFFFFFFFFFFFFFFFFFFFFFFFFFFFFFFFFFFFFFFFFFFFFFFFFFDD
:20C38000FFFFFFFFFFFFFFFFFFFFFFFFFFFFFFFFFFFFFFFFFFFFFFFFFFFFFFFFFFFFFFFFBD
:20C3A000FFFFFFFFFFFFFFFFFFFFFFFFFFFFFFFFFFFFFFFFFFFFFFFFFFFFFFFFFFFFFFFF9D
:20C3C000FFFFFFFFFFFFFFFFFFFFFFFFFFFFFFFFFFFFFFFFFFFFFFFFFFFFFFFFFFFFFFFF7D
:20C3E000FFFFFFFFFFFFFFFFFFFFFFFFFFFFFFFFFFFFFFFFFFFFFFFFFFFFFFFFFFFFFFFF5D
:20C40000FFFFFFFFFFFFFFFFFFFFFFFFFFFFFFFFFFFFFFFFFFFFFFFFFFFFFFFFFFFFFFFF3C
:20C42000FFFFFFFFFFFFFFFFFFFFFFFFFFFFFFFFFFFFFFFFFFFFFFFFFFFFFFFFFFFFFFFF1C
:20C44000FFFFFFFFFFFFFFFFFFFFFFFFFFFFFFFFFFFFFFFFFFFFFFFFFFFFFFFFFFFFFFFFFC
:20C46000FFFFFFFFFFFFFFFFFFFFFFFFFFFFFFFFFFFFFFFFFFFFFFFFFFFFFFFFFFFFFFFFDC
:20C48000FFFFFFFFFFFFFFFFFFFFFFFFFFFFFFFFFFFFFFFFFFFFFFFFFFFFFFFFFFFFFFFFBC
:20C4A000FFFFFFFFFFFFFFFFFFFFFFFFFFFFFFFFFFFFFFFFFFFFFFFFFFFFFFFFFFFFFFFF9C
:20C4C000FFFFFFFFFFFFFFFFFFFFFFFFFFFFFFFFFFFFFFFFFFFFFFFFFFFFFFFFFFFFFFFF7C
:20C4E000FFFFFFFFFFFFFFFFFFFFFFFFFFFFFFFFFFFFFFFFFFFFFFFFFFFFFFFFFFFFFFFF5C
:20C50000FFFFFFFFFFFFFFFFFFFFFFFFFFFFFFFFFFFFFFFFFFFFFFFFFFFFFFFFFFFFFFFF3B
:20C52000FFFFFFFFFFFFFFFFFFFFFFFFFFFFFFFFFFFFFFFFFFFFFFFFFFFFFFFFFFFFFFFF1B
:20C54000FFFFFFFFFFFFFFFFFFFFFFFFFFFFFFFFFFFFFFFFFFFFFFFFFFFFFFFFFFFFFFFFFB
:20C56000FFFFFFFFFFFFFFFFFFFFFFFFFFFFFFFFFFFFFFFFFFFFFFFFFFFFFFFFFFFFFFFFDB
:20C58000FFFFFFFFFFFFFFFFFFFFFFFFFFFFFFFFFFFFFFFFFFFFFFFFFFFFFFFFFFFFFFFFBB
:20C5A000FFFFFFFFFFFFFFFFFFFFFFFFFFFFFFFFFFFFFFFFFFFFFFFFFFFFFFFFFFFFFFFF9B
:20C5C000FFFFFFFFFFFFFFFFFFFFFFFFFFFFFFFFFFFFFFFFFFFFFFFFFFFFFFFFFFFFFFFF7B
:20C5E000FFFFFFFFFFFFFFFFFFFFFFFFFFFFFFFFFFFFFFFFFFFFFFFFFFFFFFFFFFFFFFFF5B
:20C60000FFFFFFFFFFFFFFFFFFFFFFFFFFFFFFFFFFFFFFFFFFFFFFFFFFFFFFFFFFFFFFFF3A
:20C62000FFFFFFFFFFFFFFFFFFFFFFFFFFFFFFFFFFFFFFFFFFFFFFFFFFFFFFFFFFFFFFFF1A
:20C64000FFFFFFFFFFFFFFFFFFFFFFFFFFFFFFFFFFFFFFFFFFFFFFFFFFFFFFFFFFFFFFFFFA
:20C66000FFFFFFFFFFFFFFFFFFFFFFFFFFFFFFFFFFFFFFFFFFFFFFFFFFFFFFFFFFFFFFFFDA
:20C68000FFFFFFFFFFFFFFFFFFFFFFFFFFFFFFFFFFFFFFFFFFFFFFFFFFFFFFFFFFFFFFFFBA
:20C6A000FFFFFFFFFFFFFFFFFFFFFFFFFFFFFFFFFFFFFFFFFFFFFFFFFFFFFFFFFFFFFFFF9A
:20C6C000FFFFFFFFFFFFFFFFFFFFFFFFFFFFFFFFFFFFFFFFFFFFFFFFFFFFFFFFFFFFFFFF7A
:20C6E000FFFFFFFFFFFFFFFFFFFFFFFFFFFFFFFFFFFFFFFFFFFFFFFFFFFFFFFFFFFFFFFF5A
:20C70000FFFFFFFFFFFFFFFFFFFFFFFFFFFFFFFFFFFFFFFFFFFFFFFFFFFFFFFFFFFFFFFF39
:20C72000FFFFFFFFFFFFFFFFFFFFFFFFFFFFFFFFFFFFFFFFFFFFFFFFFFFFFFFFFFFFFFFF19
:20C74000FFFFFFFFFFFFFFFFFFFFFFFFFFFFFFFFFFFFFFFFFFFFFFFFFFFFFFFFFFFFFFFFF9
:20C76000FFFFFFFFFFFFFFFFFFFFFFFFFFFFFFFFFFFFFFFFFFFFFFFFFFFFFFFFFFFFFFFFD9
:20C78000FFFFFFFFFFFFFFFFFFFFFFFFFFFFFFFFFFFFFFFFFFFFFFFFFFFFFFFFFFFFFFFFB9
:20C7A000FFFFFFFFFFFFFFFFFFFFFFFFFFFFFFFFFFFFFFFFFFFFFFFFFFFFFFFFFFFFFFFF99
:20C7C000FFFFFFFFFFFFFFFFFFFFFFFFFFFFFFFFFFFFFFFFFFFFFFFFFFFFFFFFFFFFFFFF79
:20C7E000FFFFFFFFFFFFFFFFFFFFFFFFFFFFFFFFFFFFFFFFFFFFFFFFFFFFFFFFFFFFFFFF59
:20C80000FFFFFFFFFFFFFFFFFFFFFFFFFFFFFFFFFFFFFFFFFFFFFFFFFFFFFFFFFFFFFFFF38
:20C82000FFFFFFFFFFFFFFFFFFFFFFFFFFFFFFFFFFFFFFFFFFFFFFFFFFFFFFFFFFFFFFFF18
:20C84000FFFFFFFFFFFFFFFFFFFFFFFFFFFFFFFFFFFFFFFFFFFFFFFFFFFFFFFFFFFFFFFFF8
:20C86000FFFFFFFFFFFFFFFFFFFFFFFFFFFFFFFFFFFFFFFFFFFFFFFFFFFFFFFFFFFFFFFFD8
:20C88000FFFFFFFFFFFFFFFFFFFFFFFFFFFFFFFFFFFFFFFFFFFFFFFFFFFFFFFFFFFFFFFFB8
:20C8A000FFFFFFFFFFFFFFFFFFFFFFFFFFFFFFFFFFFFFFFFFFFFFFFFFFFFFFFFFFFFFFFF98
:20C8C000FFFFFFFFFFFFFFFFFFFFFFFFFFFFFFFFFFFFFFFFFFFFFFFFFFFFFFFFFFFFFFFF78
:20C8E000FFFFFFFFFFFFFFFFFFFFFFFFFFFFFFFFFFFFFFFFFFFFFFFFFFFFFFFFFFFFFFFF58
:20C90000FFFFFFFFFFFFFFFFFFFFFFFFFFFFFFFFFFFFFFFFFFFFFFFFFFFFFFFFFFFFFFFF37
:20C92000FFFFFFFFFFFFFFFFFFFFFFFFFFFFFFFFFFFFFFFFFFFFFFFFFFFFFFFFFFFFFFFF17
:20C94000FFFFFFFFFFFFFFFFFFFFFFFFFFFFFFFFFFFFFFFFFFFFFFFFFFFFFFFFFFFFFFFFF7
:20C96000FFFFFFFFFFFFFFFFFFFFFFFFFFFFFFFFFFFFFFFFFFFFFFFFFFFFFFFFFFFFFFFFD7
:20C98000FFFFFFFFFFFFFFFFFFFFFFFFFFFFFFFFFFFFFFFFFFFFFFFFFFFFFFFFFFFFFFFFB7
:20C9A000FFFFFFFFFFFFFFFFFFFFFFFFFFFFFFFFFFFFFFFFFFFFFFFFFFFFFFFFFFFFFFFF97
:20C9C000FFFFFFFFFFFFFFFFFFFFFFFFFFFFFFFFFFFFFFFFFFFFFFFFFFFFFFFFFFFFFFFF77
:20C9E000FFFFFFFFFFFFFFFFFFFFFFFFFFFFFFFFFFFFFFFFFFFFFFFFFFFFFFFFFFFFFFFF57
:20CA0000FFFFFFFFFFFFFFFFFFFFFFFFFFFFFFFFFFFFFFFFFFFFFFFFFFFFFFFFFFFFFFFF36
:20CA2000FFFFFFFFFFFFFFFFFFFFFFFFFFFFFFFFFFFFFFFFFFFFFFFFFFFFFFFFFFFFFFFF16
:20CA4000FFFFFFFFFFFFFFFFFFFFFFFFFFFFFFFFFFFFFFFFFFFFFFFFFFFFFFFFFFFFFFFFF6
:20CA6000FFFFFFFFFFFFFFFFFFFFFFFFFFFFFFFFFFFFFFFFFFFFFFFFFFFFFFFFFFFFFFFFD6
:20CA8000FFFFFFFFFFFFFFFFFFFFFFFFFFFFFFFFFFFFFFFFFFFFFFFFFFFFFFFFFFFFFFFFB6
:20CAA000FFFFFFFFFFFFFFFFFFFFFFFFFFFFFFFFFFFFFFFFFFFFFFFFFFFFFFFFFFFFFFFF96
:20CAC000FFFFFFFFFFFFFFFFFFFFFFFFFFFFFFFFFFFFFFFFFFFFFFFFFFFFFFFFFFFFFFFF76
:20CAE000FFFFFFFFFFFFFFFFFFFFFFFFFFFFFFFFFFFFFFFFFFFFFFFFFFFFFFFFFFFFFFFF56
:20CB0000FFFFFFFFFFFFFFFFFFFFFFFFFFFFFFFFFFFFFFFFFFFFFFFFFFFFFFFFFFFFFFFF35
:20CB2000FFFFFFFFFFFFFFFFFFFFFFFFFFFFFFFFFFFFFFFFFFFFFFFFFFFFFFFFFFFFFFFF15
:20CB4000FFFFFFFFFFFFFFFFFFFFFFFFFFFFFFFFFFFFFFFFFFFFFFFFFFFFFFFFFFFFFFFFF5
:20CB6000FFFFFFFFFFFFFFFFFFFFFFFFFFFFFFFFFFFFFFFFFFFFFFFFFFFFFFFFFFFFFFFFD5
:20CB8000FFFFFFFFFFFFFFFFFFFFFFFFFFFFFFFFFFFFFFFFFFFFFFFFFFFFFFFFFFFFFFFFB5
:20CBA000FFFFFFFFFFFFFFFFFFFFFFFFFFFFFFFFFFFFFFFFFFFFFFFFFFFFFFFFFFFFFFFF95
:20CBC000FFFFFFFFFFFFFFFFFFFFFFFFFFFFFFFFFFFFFFFFFFFFFFFFFFFFFFFFFFFFFFFF75
:20CBE000FFFFFFFFFFFFFFFFFFFFFFFFFFFFFFFFFFFFFFFFFFFFFFFFFFFFFFFFFFFFFFFF55
:20CC0000FFFFFFFFFFFFFFFFFFFFFFFFFFFFFFFFFFFFFFFFFFFFFFFFFFFFFFFFFFFFFFFF34
:20CC2000FFFFFFFFFFFFFFFFFFFFFFFFFFFFFFFFFFFFFFFFFFFFFFFFFFFFFFFFFFFFFFFF14
:20CC4000FFFFFFFFFFFFFFFFFFFFFFFFFFFFFFFFFFFFFFFFFFFFFFFFFFFFFFFFFFFFFFFFF4
:20CC6000FFFFFFFFFFFFFFFFFFFFFFFFFFFFFFFFFFFFFFFFFFFFFFFFFFFFFFFFFFFFFFFFD4
:20CC8000FFFFFFFFFFFFFFFFFFFFFFFFFFFFFFFFFFFFFFFFFFFFFFFFFFFFFFFFFFFFFFFFB4
:20CCA000FFFFFFFFFFFFFFFFFFFFFFFFFFFFFFFFFFFFFFFFFFFFFFFFFFFFFFFFFFFFFFFF94
:20CCC000FFFFFFFFFFFFFFFFFFFFFFFFFFFFFFFFFFFFFFFFFFFFFFFFFFFFFFFFFFFFFFFF74
:20CCE000FFFFFFFFFFFFFFFFFFFFFFFFFFFFFFFFFFFFFFFFFFFFFFFFFFFFFFFFFFFFFFFF54
:20CD0000FFFFFFFFFFFFFFFFFFFFFFFFFFFFFFFFFFFFFFFFFFFFFFFFFFFFFFFFFFFFFFFF33
:20CD2000FFFFFFFFFFFFFFFFFFFFFFFFFFFFFFFFFFFFFFFFFFFFFFFFFFFFFFFFFFFFFFFF13
:20CD4000FFFFFFFFFFFFFFFFFFFFFFFFFFFFFFFFFFFFFFFFFFFFFFFFFFFFFFFFFFFFFFFFF3
:20CD6000FFFFFFFFFFFFFFFFFFFFFFFFFFFFFFFFFFFFFFFFFFFFFFFFFFFFFFFFFFFFFFFFD3
:20CD8000FFFFFFFFFFFFFFFFFFFFFFFFFFFFFFFFFFFFFFFFFFFFFFFFFFFFFFFFFFFFFFFFB3
:20CDA000FFFFFFFFFFFFFFFFFFFFFFFFFFFFFFFFFFFFFFFFFFFFFFFFFFFFFFFFFFFFFFFF93
:20CDC000FFFFFFFFFFFFFFFFFFFFFFFFFFFFFFFFFFFFFFFFFFFFFFFFFFFFFFFFFFFFFFFF73
:20CDE000FFFFFFFFFFFFFFFFFFFFFFFFFFFFFFFFFFFFFFFFFFFFFFFFFFFFFFFFFFFFFFFF53
:20CE0000FFFFFFFFFFFFFFFFFFFFFFFFFFFFFFFFFFFFFFFFFFFFFFFFFFFFFFFFFFFFFFFF32
:20CE2000FFFFFFFFFFFFFFFFFFFFFFFFFFFFFFFFFFFFFFFFFFFFFFFFFFFFFFFFFFFFFFFF12
:20CE4000FFFFFFFFFFFFFFFFFFFFFFFFFFFFFFFFFFFFFFFFFFFFFFFFFFFFFFFFFFFFFFFFF2
:20CE6000FFFFFFFFFFFFFFFFFFFFFFFFFFFFFFFFFFFFFFFFFFFFFFFFFFFFFFFFFFFFFFFFD2
:20CE8000FFFFFFFFFFFFFFFFFFFFFFFFFFFFFFFFFFFFFFFFFFFFFFFFFFFFFFFFFFFFFFFFB2
:20CEA000FFFFFFFFFFFFFFFFFFFFFFFFFFFFFFFFFFFFFFFFFFFFFFFFFFFFFFFFFFFFFFFF92
:20CEC000FFFFFFFFFFFFFFFFFFFFFFFFFFFFFFFFFFFFFFFFFFFFFFFFFFFFFFFFFFFFFFFF72
:20CEE000FFFFFFFFFFFFFFFFFFFFFFFFFFFFFFFFFFFFFFFFFFFFFFFFFFFFFFFFFFFFFFFF52
:20CF0000FFFFFFFFFFFFFFFFFFFFFFFFFFFFFFFFFFFFFFFFFFFFFFFFFFFFFFFFFFFFFFFF31
:20CF2000FFFFFFFFFFFFFFFFFFFFFFFFFFFFFFFFFFFFFFFFFFFFFFFFFFFFFFFFFFFFFFFF11
:20CF4000FFFFFFFFFFFFFFFFFFFFFFFFFFFFFFFFFFFFFFFFFFFFFFFFFFFFFFFFFFFFFFFFF1
:20CF6000FFFFFFFFFFFFFFFFFFFFFFFFFFFFFFFFFFFFFFFFFFFFFFFFFFFFFFFFFFFFFFFFD1
:20CF8000FFFFFFFFFFFFFFFFFFFFFFFFFFFFFFFFFFFFFFFFFFFFFFFFFFFFFFFFFFFFFFFFB1
:20CFA000FFFFFFFFFFFFFFFFFFFFFFFFFFFFFFFFFFFFFFFFFFFFFFFFFFFFFFFFFFFFFFFF91
:20CFC000FFFFFFFFFFFFFFFFFFFFFFFFFFFFFFFFFFFFFFFFFFFFFFFFFFFFFFFFFFFFFFFF71
:20CFE000FFFFFFFFFFFFFFFFFFFFFFFFFFFFFFFFFFFFFFFFFFFFFFFFFFFFFFFFFFFFFFFF51
:20D00000FFFFFFFFFFFFFFFFFFFFFFFFFFFFFFFFFFFFFFFFFFFFFFFFFFFFFFFFFFFFFFFF30
:20D02000FFFFFFFFFFFFFFFFFFFFFFFFFFFFFFFFFFFFFFFFFFFFFFFFFFFFFFFFFFFFFFFF10
:20D04000FFFFFFFFFFFFFFFFFFFFFFFFFFFFFFFFFFFFFFFFFFFFFFFFFFFFFFFFFFFFFFFFF0
:20D06000FFFFFFFFFFFFFFFFFFFFFFFFFFFFFFFFFFFFFFFFFFFFFFFFFFFFFFFFFFFFFFFFD0
:20D08000FFFFFFFFFFFFFFFFFFFFFFFFFFFFFFFFFFFFFFFFFFFFFFFFFFFFFFFFFFFFFFFFB0
:20D0A000FFFFFFFFFFFFFFFFFFFFFFFFFFFFFFFFFFFFFFFFFFFFFFFFFFFFFFFFFFFFFFFF90
:20D0C000FFFFFFFFFFFFFFFFFFFFFFFFFFFFFFFFFFFFFFFFFFFFFFFFFFFFFFFFFFFFFFFF70
:20D0E000FFFFFFFFFFFFFFFFFFFFFFFFFFFFFFFFFFFFFFFFFFFFFFFFFFFFFFFFFFFFFFFF50
:20D10000FFFFFFFFFFFFFFFFFFFFFFFFFFFFFFFFFFFFFFFFFFFFFFFFFFFFFFFFFFFFFFFF2F
:20D12000FFFFFFFFFFFFFFFFFFFFFFFFFFFFFFFFFFFFFFFFFFFFFFFFFFFFFFFFFFFFFFFF0F
:20D14000FFFFFFFFFFFFFFFFFFFFFFFFFFFFFFFFFFFFFFFFFFFFFFFFFFFFFFFFFFFFFFFFEF
:20D16000FFFFFFFFFFFFFFFFFFFFFFFFFFFFFFFFFFFFFFFFFFFFFFFFFFFFFFFFFFFFFFFFCF
:20D18000FFFFFFFFFFFFFFFFFFFFFFFFFFFFFFFFFFFFFFFFFFFFFFFFFFFFFFFFFFFFFFFFAF
:20D1A000FFFFFFFFFFFFFFFFFFFFFFFFFFFFFFFFFFFFFFFFFFFFFFFFFFFFFFFFFFFFFFFF8F
:20D1C000FFFFFFFFFFFFFFFFFFFFFFFFFFFFFFFFFFFFFFFFFFFFFFFFFFFFFFFFFFFFFFFF6F
:20D1E000FFFFFFFFFFFFFFFFFFFFFFFFFFFFFFFFFFFFFFFFFFFFFFFFFFFFFFFFFFFFFFFF4F
:20D20000FFFFFFFFFFFFFFFFFFFFFFFFFFFFFFFFFFFFFFFFFFFFFFFFFFFFFFFFFFFFFFFF2E
:20D22000FFFFFFFFFFFFFFFFFFFFFFFFFFFFFFFFFFFFFFFFFFFFFFFFFFFFFFFFFFFFFFFF0E
:20D24000FFFFFFFFFFFFFFFFFFFFFFFFFFFFFFFFFFFFFFFFFFFFFFFFFFFFFFFFFFFFFFFFEE
:20D26000FFFFFFFFFFFFFFFFFFFFFFFFFFFFFFFFFFFFFFFFFFFFFFFFFFFFFFFFFFFFFFFFCE
:20D28000FFFFFFFFFFFFFFFFFFFFFFFFFFFFFFFFFFFFFFFFFFFFFFFFFFFFFFFFFFFFFFFFAE
:20D2A000FFFFFFFFFFFFFFFFFFFFFFFFFFFFFFFFFFFFFFFFFFFFFFFFFFFFFFFFFFFFFFFF8E
:20D2C000FFFFFFFFFFFFFFFFFFFFFFFFFFFFFFFFFFFFFFFFFFFFFFFFFFFFFFFFFFFFFFFF6E
:20D2E000FFFFFFFFFFFFFFFFFFFFFFFFFFFFFFFFFFFFFFFFFFFFFFFFFFFFFFFFFFFFFFFF4E
:20D30000FFFFFFFFFFFFFFFFFFFFFFFFFFFFFFFFFFFFFFFFFFFFFFFFFFFFFFFFFFFFFFFF2D
:20D32000FFFFFFFFFFFFFFFFFFFFFFFFFFFFFFFFFFFFFFFFFFFFFFFFFFFFFFFFFFFFFFFF0D
:20D34000FFFFFFFFFFFFFFFFFFFFFFFFFFFFFFFFFFFFFFFFFFFFFFFFFFFFFFFFFFFFFFFFED
:20D36000FFFFFFFFFFFFFFFFFFFFFFFFFFFFFFFFFFFFFFFFFFFFFFFFFFFFFFFFFFFFFFFFCD
:20D38000FFFFFFFFFFFFFFFFFFFFFFFFFFFFFFFFFFFFFFFFFFFFFFFFFFFFFFFFFFFFFFFFAD
:20D3A000FFFFFFFFFFFFFFFFFFFFFFFFFFFFFFFFFFFFFFFFFFFFFFFFFFFFFFFFFFFFFFFF8D
:20D3C000FFFFFFFFFFFFFFFFFFFFFFFFFFFFFFFFFFFFFFFFFFFFFFFFFFFFFFFFFFFFFFFF6D
:20D3E000FFFFFFFFFFFFFFFFFFFFFFFFFFFFFFFFFFFFFFFFFFFFFFFFFFFFFFFFFFFFFFFF4D
:20D40000FFFFFFFFFFFFFFFFFFFFFFFFFFFFFFFFFFFFFFFFFFFFFFFFFFFFFFFFFFFFFFFF2C
:20D42000FFFFFFFFFFFFFFFFFFFFFFFFFFFFFFFFFFFFFFFFFFFFFFFFFFFFFFFFFFFFFFFF0C
:20D44000FFFFFFFFFFFFFFFFFFFFFFFFFFFFFFFFFFFFFFFFFFFFFFFFFFFFFFFFFFFFFFFFEC
:20D46000FFFFFFFFFFFFFFFFFFFFFFFFFFFFFFFFFFFFFFFFFFFFFFFFFFFFFFFFFFFFFFFFCC
:20D48000FFFFFFFFFFFFFFFFFFFFFFFFFFFFFFFFFFFFFFFFFFFFFFFFFFFFFFFFFFFFFFFFAC
:20D4A000FFFFFFFFFFFFFFFFFFFFFFFFFFFFFFFFFFFFFFFFFFFFFFFFFFFFFFFFFFFFFFFF8C
:20D4C000FFFFFFFFFFFFFFFFFFFFFFFFFFFFFFFFFFFFFFFFFFFFFFFFFFFFFFFFFFFFFFFF6C
:20D4E000FFFFFFFFFFFFFFFFFFFFFFFFFFFFFFFFFFFFFFFFFFFFFFFFFFFFFFFFFFFFFFFF4C
:20D50000FFFFFFFFFFFFFFFFFFFFFFFFFFFFFFFFFFFFFFFFFFFFFFFFFFFFFFFFFFFFFFFF2B
:20D52000FFFFFFFFFFFFFFFFFFFFFFFFFFFFFFFFFFFFFFFFFFFFFFFFFFFFFFFFFFFFFFFF0B
:20D54000FFFFFFFFFFFFFFFFFFFFFFFFFFFFFFFFFFFFFFFFFFFFFFFFFFFFFFFFFFFFFFFFEB
:20D56000FFFFFFFFFFFFFFFFFFFFFFFFFFFFFFFFFFFFFFFFFFFFFFFFFFFFFFFFFFFFFFFFCB
:20D58000FFFFFFFFFFFFFFFFFFFFFFFFFFFFFFFFFFFFFFFFFFFFFFFFFFFFFFFFFFFFFFFFAB
:20D5A000FFFFFFFFFFFFFFFFFFFFFFFFFFFFFFFFFFFFFFFFFFFFFFFFFFFFFFFFFFFFFFFF8B
:20D5C000FFFFFFFFFFFFFFFFFFFFFFFFFFFFFFFFFFFFFFFFFFFFFFFFFFFFFFFFFFFFFFFF6B
:20D5E000FFFFFFFFFFFFFFFFFFFFFFFFFFFFFFFFFFFFFFFFFFFFFFFFFFFFFFFFFFFFFFFF4B
:20D60000FFFFFFFFFFFFFFFFFFFFFFFFFFFFFFFFFFFFFFFFFFFFFFFFFFFFFFFFFFFFFFFF2A
:20D62000FFFFFFFFFFFFFFFFFFFFFFFFFFFFFFFFFFFFFFFFFFFFFFFFFFFFFFFFFFFFFFFF0A
:20D64000FFFFFFFFFFFFFFFFFFFFFFFFFFFFFFFFFFFFFFFFFFFFFFFFFFFFFFFFFFFFFFFFEA
:20D66000FFFFFFFFFFFFFFFFFFFFFFFFFFFFFFFFFFFFFFFFFFFFFFFFFFFFFFFFFFFFFFFFCA
:20D68000FFFFFFFFFFFFFFFFFFFFFFFFFFFFFFFFFFFFFFFFFFFFFFFFFFFFFFFFFFFFFFFFAA
:20D6A000FFFFFFFFFFFFFFFFFFFFFFFFFFFFFFFFFFFFFFFFFFFFFFFFFFFFFFFFFFFFFFFF8A
:20D6C000FFFFFFFFFFFFFFFFFFFFFFFFFFFFFFFFFFFFFFFFFFFFFFFFFFFFFFFFFFFFFFFF6A
:20D6E000FFFFFFFFFFFFFFFFFFFFFFFFFFFFFFFFFFFFFFFFFFFFFFFFFFFFFFFFFFFFFFFF4A
:20D70000FFFFFFFFFFFFFFFFFFFFFFFFFFFFFFFFFFFFFFFFFFFFFFFFFFFFFFFFFFFFFFFF29
:20D72000FFFFFFFFFFFFFFFFFFFFFFFFFFFFFFFFFFFFFFFFFFFFFFFFFFFFFFFFFFFFFFFF09
:20D74000FFFFFFFFFFFFFFFFFFFFFFFFFFFFFFFFFFFFFFFFFFFFFFFFFFFFFFFFFFFFFFFFE9
:20D76000FFFFFFFFFFFFFFFFFFFFFFFFFFFFFFFFFFFFFFFFFFFFFFFFFFFFFFFFFFFFFFFFC9
:20D78000FFFFFFFFFFFFFFFFFFFFFFFFFFFFFFFFFFFFFFFFFFFFFFFFFFFFFFFFFFFFFFFFA9
:20D7A000FFFFFFFFFFFFFFFFFFFFFFFFFFFFFFFFFFFFFFFFFFFFFFFFFFFFFFFFFFFFFFFF89
:20D7C000FFFFFFFFFFFFFFFFFFFFFFFFFFFFFFFFFFFFFFFFFFFFFFFFFFFFFFFFFFFFFFFF69
:20D7E000FFFFFFFFFFFFFFFFFFFFFFFFFFFFFFFFFFFFFFFFFFFFFFFFFFFFFFFFFFFFFFFF49
:20D80000FFFFFFFFFFFFFFFFFFFFFFFFFFFFFFFFFFFFFFFFFFFFFFFFFFFFFFFFFFFFFFFF28
:20D82000FFFFFFFFFFFFFFFFFFFFFFFFFFFFFFFFFFFFFFFFFFFFFFFFFFFFFFFFFFFFFFFF08
:20D84000FFFFFFFFFFFFFFFFFFFFFFFFFFFFFFFFFFFFFFFFFFFFFFFFFFFFFFFFFFFFFFFFE8
:20D86000FFFFFFFFFFFFFFFFFFFFFFFFFFFFFFFFFFFFFFFFFFFFFFFFFFFFFFFFFFFFFFFFC8
:20D88000FFFFFFFFFFFFFFFFFFFFFFFFFFFFFFFFFFFFFFFFFFFFFFFFFFFFFFFFFFFFFFFFA8
:20D8A000FFFFFFFFFFFFFFFFFFFFFFFFFFFFFFFFFFFFFFFFFFFFFFFFFFFFFFFFFFFFFFFF88
:20D8C000FFFFFFFFFFFFFFFFFFFFFFFFFFFFFFFFFFFFFFFFFFFFFFFFFFFFFFFFFFFFFFFF68
:20D8E000FFFFFFFFFFFFFFFFFFFFFFFFFFFFFFFFFFFFFFFFFFFFFFFFFFFFFFFFFFFFFFFF48
:20D90000FFFFFFFFFFFFFFFFFFFFFFFFFFFFFFFFFFFFFFFFFFFFFFFFFFFFFFFFFFFFFFFF27
:20D92000FFFFFFFFFFFFFFFFFFFFFFFFFFFFFFFFFFFFFFFFFFFFFFFFFFFFFFFFFFFFFFFF07
:20D94000FFFFFFFFFFFFFFFFFFFFFFFFFFFFFFFFFFFFFFFFFFFFFFFFFFFFFFFFFFFFFFFFE7
:20D96000FFFFFFFFFFFFFFFFFFFFFFFFFFFFFFFFFFFFFFFFFFFFFFFFFFFFFFFFFFFFFFFFC7
:20D98000FFFFFFFFFFFFFFFFFFFFFFFFFFFFFFFFFFFFFFFFFFFFFFFFFFFFFFFFFFFFFFFFA7
:20D9A000FFFFFFFFFFFFFFFFFFFFFFFFFFFFFFFFFFFFFFFFFFFFFFFFFFFFFFFFFFFFFFFF87
:20D9C000FFFFFFFFFFFFFFFFFFFFFFFFFFFFFFFFFFFFFFFFFFFFFFFFFFFFFFFFFFFFFFFF67
:20D9E000FFFFFFFFFFFFFFFFFFFFFFFFFFFFFFFFFFFFFFFFFFFFFFFFFFFFFFFFFFFFFFFF47
:20DA0000FFFFFFFFFFFFFFFFFFFFFFFFFFFFFFFFFFFFFFFFFFFFFFFFFFFFFFFFFFFFFFFF26
:20DA2000FFFFFFFFFFFFFFFFFFFFFFFFFFFFFFFFFFFFFFFFFFFFFFFFFFFFFFFFFFFFFFFF06
:20DA4000FFFFFFFFFFFFFFFFFFFFFFFFFFFFFFFFFFFFFFFFFFFFFFFFFFFFFFFFFFFFFFFFE6
:20DA6000FFFFFFFFFFFFFFFFFFFFFFFFFFFFFFFFFFFFFFFFFFFFFFFFFFFFFFFFFFFFFFFFC6
:20DA8000FFFFFFFFFFFFFFFFFFFFFFFFFFFFFFFFFFFFFFFFFFFFFFFFFFFFFFFFFFFFFFFFA6
:20DAA000FFFFFFFFFFFFFFFFFFFFFFFFFFFFFFFFFFFFFFFFFFFFFFFFFFFFFFFFFFFFFFFF86
:20DAC000FFFFFFFFFFFFFFFFFFFFFFFFFFFFFFFFFFFFFFFFFFFFFFFFFFFFFFFFFFFFFFFF66
:20DAE000FFFFFFFFFFFFFFFFFFFFFFFFFFFFFFFFFFFFFFFFFFFFFFFFFFFFFFFFFFFFFFFF46
:20DB0000FFFFFFFFFFFFFFFFFFFFFFFFFFFFFFFFFFFFFFFFFFFFFFFFFFFFFFFFFFFFFFFF25
:20DB2000FFFFFFFFFFFFFFFFFFFFFFFFFFFFFFFFFFFFFFFFFFFFFFFFFFFFFFFFFFFFFFFF05
:20DB4000FFFFFFFFFFFFFFFFFFFFFFFFFFFFFFFFFFFFFFFFFFFFFFFFFFFFFFFFFFFFFFFFE5
:20DB6000FFFFFFFFFFFFFFFFFFFFFFFFFFFFFFFFFFFFFFFFFFFFFFFFFFFFFFFFFFFFFFFFC5
:20DB8000FFFFFFFFFFFFFFFFFFFFFFFFFFFFFFFFFFFFFFFFFFFFFFFFFFFFFFFFFFFFFFFFA5
:20DBA000FFFFFFFFFFFFFFFFFFFFFFFFFFFFFFFFFFFFFFFFFFFFFFFFFFFFFFFFFFFFFFFF85
:20DBC000FFFFFFFFFFFFFFFFFFFFFFFFFFFFFFFFFFFFFFFFFFFFFFFFFFFFFFFFFFFFFFFF65
:20DBE000FFFFFFFFFFFFFFFFFFFFFFFFFFFFFFFFFFFFFFFFFFFFFFFFFFFFFFFFFFFFFFFF45
:20DC0000FFFFFFFFFFFFFFFFFFFFFFFFFFFFFFFFFFFFFFFFFFFFFFFFFFFFFFFFFFFFFFFF24
:20DC2000FFFFFFFFFFFFFFFFFFFFFFFFFFFFFFFFFFFFFFFFFFFFFFFFFFFFFFFFFFFFFFFF04
:20DC4000FFFFFFFFFFFFFFFFFFFFFFFFFFFFFFFFFFFFFFFFFFFFFFFFFFFFFFFFFFFFFFFFE4
:20DC6000FFFFFFFFFFFFFFFFFFFFFFFFFFFFFFFFFFFFFFFFFFFFFFFFFFFFFFFFFFFFFFFFC4
:20DC8000FFFFFFFFFFFFFFFFFFFFFFFFFFFFFFFFFFFFFFFFFFFFFFFFFFFFFFFFFFFFFFFFA4
:20DCA000FFFFFFFFFFFFFFFFFFFFFFFFFFFFFFFFFFFFFFFFFFFFFFFFFFFFFFFFFFFFFFFF84
:20DCC000FFFFFFFFFFFFFFFFFFFFFFFFFFFFFFFFFFFFFFFFFFFFFFFFFFFFFFFFFFFFFFFF64
:20DCE000FFFFFFFFFFFFFFFFFFFFFFFFFFFFFFFFFFFFFFFFFFFFFFFFFFFFFFFFFFFFFFFF44
:20DD0000FFFFFFFFFFFFFFFFFFFFFFFFFFFFFFFFFFFFFFFFFFFFFFFFFFFFFFFFFFFFFFFF23
:20DD2000FFFFFFFFFFFFFFFFFFFFFFFFFFFFFFFFFFFFFFFFFFFFFFFFFFFFFFFFFFFFFFFF03
:20DD4000FFFFFFFFFFFFFFFFFFFFFFFFFFFFFFFFFFFFFFFFFFFFFFFFFFFFFFFFFFFFFFFFE3
:20DD6000FFFFFFFFFFFFFFFFFFFFFFFFFFFFFFFFFFFFFFFFFFFFFFFFFFFFFFFFFFFFFFFFC3
:20DD8000FFFFFFFFFFFFFFFFFFFFFFFFFFFFFFFFFFFFFFFFFFFFFFFFFFFFFFFFFFFFFFFFA3
:20DDA000FFFFFFFFFFFFFFFFFFFFFFFFFFFFFFFFFFFFFFFFFFFFFFFFFFFFFFFFFFFFFFFF83
:20DDC000FFFFFFFFFFFFFFFFFFFFFFFFFFFFFFFFFFFFFFFFFFFFFFFFFFFFFFFFFFFFFFFF63
:20DDE000FFFFFFFFFFFFFFFFFFFFFFFFFFFFFFFFFFFFFFFFFFFFFFFFFFFFFFFFFFFFFFFF43
:20DE0000FFFFFFFFFFFFFFFFFFFFFFFFFFFFFFFFFFFFFFFFFFFFFFFFFFFFFFFFFFFFFFFF22
:20DE2000FFFFFFFFFFFFFFFFFFFFFFFFFFFFFFFFFFFFFFFFFFFFFFFFFFFFFFFFFFFFFFFF02
:20DE4000FFFFFFFFFFFFFFFFFFFFFFFFFFFFFFFFFFFFFFFFFFFFFFFFFFFFFFFFFFFFFFFFE2
:20DE6000FFFFFFFFFFFFFFFFFFFFFFFFFFFFFFFFFFFFFFFFFFFFFFFFFFFFFFFFFFFFFFFFC2
:20DE8000FFFFFFFFFFFFFFFFFFFFFFFFFFFFFFFFFFFFFFFFFFFFFFFFFFFFFFFFFFFFFFFFA2
:20DEA000FFFFFFFFFFFFFFFFFFFFFFFFFFFFFFFFFFFFFFFFFFFFFFFFFFFFFFFFFFFFFFFF82
:20DEC000FFFFFFFFFFFFFFFFFFFFFFFFFFFFFFFFFFFFFFFFFFFFFFFFFFFFFFFFFFFFFFFF62
:20DEE000FFFFFFFFFFFFFFFFFFFFFFFFFFFFFFFFFFFFFFFFFFFFFFFFFFFFFFFFFFFFFFFF42
:20DF0000FFFFFFFFFFFFFFFFFFFFFFFFFFFFFFFFFFFFFFFFFFFFFFFFFFFFFFFFFFFFFFFF21
:20DF2000FFFFFFFFFFFFFFFFFFFFFFFFFFFFFFFFFFFFFFFFFFFFFFFFFFFFFFFFFFFFFFFF01
:20DF4000FFFFFFFFFFFFFFFFFFFFFFFFFFFFFFFFFFFFFFFFFFFFFFFFFFFFFFFFFFFFFFFFE1
:20DF6000FFFFFFFFFFFFFFFFFFFFFFFFFFFFFFFFFFFFFFFFFFFFFFFFFFFFFFFFFFFFFFFFC1
:20DF8000FFFFFFFFFFFFFFFFFFFFFFFFFFFFFFFFFFFFFFFFFFFFFFFFFFFFFFFFFFFFFFFFA1
:20DFA000FFFFFFFFFFFFFFFFFFFFFFFFFFFFFFFFFFFFFFFFFFFFFFFFFFFFFFFFFFFFFFFF81
:20DFC000FFFFFFFFFFFFFFFFFFFFFFFFFFFFFFFFFFFFFFFFFFFFFFFFFFFFFFFFFFFFFFFF61
:20DFE000FFFFFFFFFFFFFFFFFFFFFFFFFFFFFFFFFFFFFFFFFFFFFFFFFFFFFFFFFFFFFFFF41
:20E00000FFFFFFFFFFFFFFFFFFFFFFFFFFFFFFFFFFFFFFFFFFFFFFFFFFFFFFFFFFFFFFFF20
:20E02000FFFFFFFFFFFFFFFFFFFFFFFFFFFFFFFFFFFFFFFFFFFFFFFFFFFFFFFFFFFFFFFF00
:20E04000FFFFFFFFFFFFFFFFFFFFFFFFFFFFFFFFFFFFFFFFFFFFFFFFFFFFFFFFFFFFFFFFE0
:20E06000FFFFFFFFFFFFFFFFFFFFFFFFFFFFFFFFFFFFFFFFFFFFFFFFFFFFFFFFFFFFFFFFC0
:20E08000FFFFFFFFFFFFFFFFFFFFFFFFFFFFFFFFFFFFFFFFFFFFFFFFFFFFFFFFFFFFFFFFA0
:20E0A000FFFFFFFFFFFFFFFFFFFFFFFFFFFFFFFFFFFFFFFFFFFFFFFFFFFFFFFFFFFFFFFF80
:20E0C000FFFFFFFFFFFFFFFFFFFFFFFFFFFFFFFFFFFFFFFFFFFFFFFFFFFFFFFFFFFFFFFF60
:20E0E000FFFFFFFFFFFFFFFFFFFFFFFFFFFFFFFFFFFFFFFFFFFFFFFFFFFFFFFFFFFFFFFF40
:20E10000FFFFFFFFFFFFFFFFFFFFFFFFFFFFFFFFFFFFFFFFFFFFFFFFFFFFFFFFFFFFFFFF1F
:20E12000FFFFFFFFFFFFFFFFFFFFFFFFFFFFFFFFFFFFFFFFFFFFFFFFFFFFFFFFFFFFFFFFFF
:20E14000FFFFFFFFFFFFFFFFFFFFFFFFFFFFFFFFFFFFFFFFFFFFFFFFFFFFFFFFFFFFFFFFDF
:20E16000FFFFFFFFFFFFFFFFFFFFFFFFFFFFFFFFFFFFFFFFFFFFFFFFFFFFFFFFFFFFFFFFBF
:20E18000FFFFFFFFFFFFFFFFFFFFFFFFFFFFFFFFFFFFFFFFFFFFFFFFFFFFFFFFFFFFFFFF9F
:20E1A000FFFFFFFFFFFFFFFFFFFFFFFFFFFFFFFFFFFFFFFFFFFFFFFFFFFFFFFFFFFFFFFF7F
:20E1C000FFFFFFFFFFFFFFFFFFFFFFFFFFFFFFFFFFFFFFFFFFFFFFFFFFFFFFFFFFFFFFFF5F
:20E1E000FFFFFFFFFFFFFFFFFFFFFFFFFFFFFFFFFFFFFFFFFFFFFFFFFFFFFFFFFFFFFFFF3F
:20E20000FFFFFFFFFFFFFFFFFFFFFFFFFFFFFFFFFFFFFFFFFFFFFFFFFFFFFFFFFFFFFFFF1E
:20E22000FFFFFFFFFFFFFFFFFFFFFFFFFFFFFFFFFFFFFFFFFFFFFFFFFFFFFFFFFFFFFFFFFE
:20E24000FFFFFFFFFFFFFFFFFFFFFFFFFFFFFFFFFFFFFFFFFFFFFFFFFFFFFFFFFFFFFFFFDE
:20E26000FFFFFFFFFFFFFFFFFFFFFFFFFFFFFFFFFFFFFFFFFFFFFFFFFFFFFFFFFFFFFFFFBE
:20E28000FFFFFFFFFFFFFFFFFFFFFFFFFFFFFFFFFFFFFFFFFFFFFFFFFFFFFFFFFFFFFFFF9E
:20E2A000FFFFFFFFFFFFFFFFFFFFFFFFFFFFFFFFFFFFFFFFFFFFFFFFFFFFFFFFFFFFFFFF7E
:20E2C000FFFFFFFFFFFFFFFFFFFFFFFFFFFFFFFFFFFFFFFFFFFFFFFFFFFFFFFFFFFFFFFF5E
:20E2E000FFFFFFFFFFFFFFFFFFFFFFFFFFFFFFFFFFFFFFFFFFFFFFFFFFFFFFFFFFFFFFFF3E
:20E30000FFFFFFFFFFFFFFFFFFFFFFFFFFFFFFFFFFFFFFFFFFFFFFFFFFFFFFFFFFFFFFFF1D
:20E32000FFFFFFFFFFFFFFFFFFFFFFFFFFFFFFFFFFFFFFFFFFFFFFFFFFFFFFFFFFFFFFFFFD
:20E34000FFFFFFFFFFFFFFFFFFFFFFFFFFFFFFFFFFFFFFFFFFFFFFFFFFFFFFFFFFFFFFFFDD
:20E36000FFFFFFFFFFFFFFFFFFFFFFFFFFFFFFFFFFFFFFFFFFFFFFFFFFFFFFFFFFFFFFFFBD
:20E38000FFFFFFFFFFFFFFFFFFFFFFFFFFFFFFFFFFFFFFFFFFFFFFFFFFFFFFFFFFFFFFFF9D
:20E3A000FFFFFFFFFFFFFFFFFFFFFFFFFFFFFFFFFFFFFFFFFFFFFFFFFFFFFFFFFFFFFFFF7D
:20E3C000FFFFFFFFFFFFFFFFFFFFFFFFFFFFFFFFFFFFFFFFFFFFFFFFFFFFFFFFFFFFFFFF5D
:20E3E000FFFFFFFFFFFFFFFFFFFFFFFFFFFFFFFFFFFFFFFFFFFFFFFFFFFFFFFFFFFFFFFF3D
:20E40000FFFFFFFFFFFFFFFFFFFFFFFFFFFFFFFFFFFFFFFFFFFFFFFFFFFFFFFFFFFFFFFF1C
:20E42000FFFFFFFFFFFFFFFFFFFFFFFFFFFFFFFFFFFFFFFFFFFFFFFFFFFFFFFFFFFFFFFFFC
:20E44000FFFFFFFFFFFFFFFFFFFFFFFFFFFFFFFFFFFFFFFFFFFFFFFFFFFFFFFFFFFFFFFFDC
:20E46000FFFFFFFFFFFFFFFFFFFFFFFFFFFFFFFFFFFFFFFFFFFFFFFFFFFFFFFFFFFFFFFFBC
:20E48000FFFFFFFFFFFFFFFFFFFFFFFFFFFFFFFFFFFFFFFFFFFFFFFFFFFFFFFFFFFFFFFF9C
:20E4A000FFFFFFFFFFFFFFFFFFFFFFFFFFFFFFFFFFFFFFFFFFFFFFFFFFFFFFFFFFFFFFFF7C
:20E4C000FFFFFFFFFFFFFFFFFFFFFFFFFFFFFFFFFFFFFFFFFFFFFFFFFFFFFFFFFFFFFFFF5C
:20E4E000FFFFFFFFFFFFFFFFFFFFFFFFFFFFFFFFFFFFFFFFFFFFFFFFFFFFFFFFFFFFFFFF3C
:20E50000FFFFFFFFFFFFFFFFFFFFFFFFFFFFFFFFFFFFFFFFFFFFFFFFFFFFFFFFFFFFFFFF1B
:20E52000FFFFFFFFFFFFFFFFFFFFFFFFFFFFFFFFFFFFFFFFFFFFFFFFFFFFFFFFFFFFFFFFFB
:20E54000FFFFFFFFFFFFFFFFFFFFFFFFFFFFFFFFFFFFFFFFFFFFFFFFFFFFFFFFFFFFFFFFDB
:20E56000FFFFFFFFFFFFFFFFFFFFFFFFFFFFFFFFFFFFFFFFFFFFFFFFFFFFFFFFFFFFFFFFBB
:20E58000FFFFFFFFFFFFFFFFFFFFFFFFFFFFFFFFFFFFFFFFFFFFFFFFFFFFFFFFFFFFFFFF9B
:20E5A000FFFFFFFFFFFFFFFFFFFFFFFFFFFFFFFFFFFFFFFFFFFFFFFFFFFFFFFFFFFFFFFF7B
:20E5C000FFFFFFFFFFFFFFFFFFFFFFFFFFFFFFFFFFFFFFFFFFFFFFFFFFFFFFFFFFFFFFFF5B
:20E5E000FFFFFFFFFFFFFFFFFFFFFFFFFFFFFFFFFFFFFFFFFFFFFFFFFFFFFFFFFFFFFFFF3B
:20E60000FFFFFFFFFFFFFFFFFFFFFFFFFFFFFFFFFFFFFFFFFFFFFFFFFFFFFFFFFFFFFFFF1A
:20E62000FFFFFFFFFFFFFFFFFFFFFFFFFFFFFFFFFFFFFFFFFFFFFFFFFFFFFFFFFFFFFFFFFA
:20E64000FFFFFFFFFFFFFFFFFFFFFFFFFFFFFFFFFFFFFFFFFFFFFFFFFFFFFFFFFFFFFFFFDA
:20E66000FFFFFFFFFFFFFFFFFFFFFFFFFFFFFFFFFFFFFFFFFFFFFFFFFFFFFFFFFFFFFFFFBA
:20E68000FFFFFFFFFFFFFFFFFFFFFFFFFFFFFFFFFFFFFFFFFFFFFFFFFFFFFFFFFFFFFFFF9A
:20E6A000FFFFFFFFFFFFFFFFFFFFFFFFFFFFFFFFFFFFFFFFFFFFFFFFFFFFFFFFFFFFFFFF7A
:20E6C000FFFFFFFFFFFFFFFFFFFFFFFFFFFFFFFFFFFFFFFFFFFFFFFFFFFFFFFFFFFFFFFF5A
:20E6E000FFFFFFFFFFFFFFFFFFFFFFFFFFFFFFFFFFFFFFFFFFFFFFFFFFFFFFFFFFFFFFFF3A
:20E70000FFFFFFFFFFFFFFFFFFFFFFFFFFFFFFFFFFFFFFFFFFFFFFFFFFFFFFFFFFFFFFFF19
:20E72000FFFFFFFFFFFFFFFFFFFFFFFFFFFFFFFFFFFFFFFFFFFFFFFFFFFFFFFFFFFFFFFFF9
:20E74000FFFFFFFFFFFFFFFFFFFFFFFFFFFFFFFFFFFFFFFFFFFFFFFFFFFFFFFFFFFFFFFFD9
:20E76000FFFFFFFFFFFFFFFFFFFFFFFFFFFFFFFFFFFFFFFFFFFFFFFFFFFFFFFFFFFFFFFFB9
:20E78000FFFFFFFFFFFFFFFFFFFFFFFFFFFFFFFFFFFFFFFFFFFFFFFFFFFFFFFFFFFFFFFF99
:20E7A000FFFFFFFFFFFFFFFFFFFFFFFFFFFFFFFFFFFFFFFFFFFFFFFFFFFFFFFFFFFFFFFF79
:20E7C000FFFFFFFFFFFFFFFFFFFFFFFFFFFFFFFFFFFFFFFFFFFFFFFFFFFFFFFFFFFFFFFF59
:20E7E000FFFFFFFFFFFFFFFFFFFFFFFFFFFFFFFFFFFFFFFFFFFFFFFFFFFFFFFFFFFFFFFF39
:20E80000FFFFFFFFFFFFFFFFFFFFFFFFFFFFFFFFFFFFFFFFFFFFFFFFFFFFFFFFFFFFFFFF18
:20E82000FFFFFFFFFFFFFFFFFFFFFFFFFFFFFFFFFFFFFFFFFFFFFFFFFFFFFFFFFFFFFFFFF8
:20E84000FFFFFFFFFFFFFFFFFFFFFFFFFFFFFFFFFFFFFFFFFFFFFFFFFFFFFFFFFFFFFFFFD8
:20E86000FFFFFFFFFFFFFFFFFFFFFFFFFFFFFFFFFFFFFFFFFFFFFFFFFFFFFFFFFFFFFFFFB8
:20E88000FFFFFFFFFFFFFFFFFFFFFFFFFFFFFFFFFFFFFFFFFFFFFFFFFFFFFFFFFFFFFFFF98
:20E8A000FFFFFFFFFFFFFFFFFFFFFFFFFFFFFFFFFFFFFFFFFFFFFFFFFFFFFFFFFFFFFFFF78
:20E8C000FFFFFFFFFFFFFFFFFFFFFFFFFFFFFFFFFFFFFFFFFFFFFFFFFFFFFFFFFFFFFFFF58
:20E8E000FFFFFFFFFFFFFFFFFFFFFFFFFFFFFFFFFFFFFFFFFFFFFFFFFFFFFFFFFFFFFFFF38
:20E90000FFFFFFFFFFFFFFFFFFFFFFFFFFFFFFFFFFFFFFFFFFFFFFFFFFFFFFFFFFFFFFFF17
:20E92000FFFFFFFFFFFFFFFFFFFFFFFFFFFFFFFFFFFFFFFFFFFFFFFFFFFFFFFFFFFFFFFFF7
:20E94000FFFFFFFFFFFFFFFFFFFFFFFFFFFFFFFFFFFFFFFFFFFFFFFFFFFFFFFFFFFFFFFFD7
:20E96000FFFFFFFFFFFFFFFFFFFFFFFFFFFFFFFFFFFFFFFFFFFFFFFFFFFFFFFFFFFFFFFFB7
:20E98000FFFFFFFFFFFFFFFFFFFFFFFFFFFFFFFFFFFFFFFFFFFFFFFFFFFFFFFFFFFFFFFF97
:20E9A000FFFFFFFFFFFFFFFFFFFFFFFFFFFFFFFFFFFFFFFFFFFFFFFFFFFFFFFFFFFFFFFF77
:20E9C000FFFFFFFFFFFFFFFFFFFFFFFFFFFFFFFFFFFFFFFFFFFFFFFFFFFFFFFFFFFFFFFF57
:20E9E000FFFFFFFFFFFFFFFFFFFFFFFFFFFFFFFFFFFFFFFFFFFFFFFFFFFFFFFFFFFFFFFF37
:20EA0000FFFFFFFFFFFFFFFFFFFFFFFFFFFFFFFFFFFFFFFFFFFFFFFFFFFFFFFFFFFFFFFF16
:20EA2000FFFFFFFFFFFFFFFFFFFFFFFFFFFFFFFFFFFFFFFFFFFFFFFFFFFFFFFFFFFFFFFFF6
:20EA4000FFFFFFFFFFFFFFFFFFFFFFFFFFFFFFFFFFFFFFFFFFFFFFFFFFFFFFFFFFFFFFFFD6
:20EA6000FFFFFFFFFFFFFFFFFFFFFFFFFFFFFFFFFFFFFFFFFFFFFFFFFFFFFFFFFFFFFFFFB6
:20EA8000FFFFFFFFFFFFFFFFFFFFFFFFFFFFFFFFFFFFFFFFFFFFFFFFFFFFFFFFFFFFFFFF96
:20EAA000FFFFFFFFFFFFFFFFFFFFFFFFFFFFFFFFFFFFFFFFFFFFFFFFFFFFFFFFFFFFFFFF76
:20EAC000FFFFFFFFFFFFFFFFFFFFFFFFFFFFFFFFFFFFFFFFFFFFFFFFFFFFFFFFFFFFFFFF56
:20EAE000FFFFFFFFFFFFFFFFFFFFFFFFFFFFFFFFFFFFFFFFFFFFFFFFFFFFFFFFFFFFFFFF36
:20EB0000FFFFFFFFFFFFFFFFFFFFFFFFFFFFFFFFFFFFFFFFFFFFFFFFFFFFFFFFFFFFFFFF15
:20EB2000FFFFFFFFFFFFFFFFFFFFFFFFFFFFFFFFFFFFFFFFFFFFFFFFFFFFFFFFFFFFFFFFF5
:20EB4000FFFFFFFFFFFFFFFFFFFFFFFFFFFFFFFFFFFFFFFFFFFFFFFFFFFFFFFFFFFFFFFFD5
:20EB6000FFFFFFFFFFFFFFFFFFFFFFFFFFFFFFFFFFFFFFFFFFFFFFFFFFFFFFFFFFFFFFFFB5
:20EB8000FFFFFFFFFFFFFFFFFFFFFFFFFFFFFFFFFFFFFFFFFFFFFFFFFFFFFFFFFFFFFFFF95
:20EBA000FFFFFFFFFFFFFFFFFFFFFFFFFFFFFFFFFFFFFFFFFFFFFFFFFFFFFFFFFFFFFFFF75
:20EBC000FFFFFFFFFFFFFFFFFFFFFFFFFFFFFFFFFFFFFFFFFFFFFFFFFFFFFFFFFFFFFFFF55
:20EBE000FFFFFFFFFFFFFFFFFFFFFFFFFFFFFFFFFFFFFFFFFFFFFFFFFFFFFFFFFFFFFFFF35
:20EC0000FFFFFFFFFFFFFFFFFFFFFFFFFFFFFFFFFFFFFFFFFFFFFFFFFFFFFFFFFFFFFFFF14
:20EC2000FFFFFFFFFFFFFFFFFFFFFFFFFFFFFFFFFFFFFFFFFFFFFFFFFFFFFFFFFFFFFFFFF4
:20EC4000FFFFFFFFFFFFFFFFFFFFFFFFFFFFFFFFFFFFFFFFFFFFFFFFFFFFFFFFFFFFFFFFD4
:20EC6000FFFFFFFFFFFFFFFFFFFFFFFFFFFFFFFFFFFFFFFFFFFFFFFFFFFFFFFFFFFFFFFFB4
:20EC8000FFFFFFFFFFFFFFFFFFFFFFFFFFFFFFFFFFFFFFFFFFFFFFFFFFFFFFFFFFFFFFFF94
:20ECA000FFFFFFFFFFFFFFFFFFFFFFFFFFFFFFFFFFFFFFFFFFFFFFFFFFFFFFFFFFFFFFFF74
:20ECC000FFFFFFFFFFFFFFFFFFFFFFFFFFFFFFFFFFFFFFFFFFFFFFFFFFFFFFFFFFFFFFFF54
:20ECE000FFFFFFFFFFFFFFFFFFFFFFFFFFFFFFFFFFFFFFFFFFFFFFFFFFFFFFFFFFFFFFFF34
:20ED0000FFFFFFFFFFFFFFFFFFFFFFFFFFFFFFFFFFFFFFFFFFFFFFFFFFFFFFFFFFFFFFFF13
:20ED2000FFFFFFFFFFFFFFFFFFFFFFFFFFFFFFFFFFFFFFFFFFFFFFFFFFFFFFFFFFFFFFFFF3
:20ED4000FFFFFFFFFFFFFFFFFFFFFFFFFFFFFFFFFFFFFFFFFFFFFFFFFFFFFFFFFFFFFFFFD3
:20ED6000FFFFFFFFFFFFFFFFFFFFFFFFFFFFFFFFFFFFFFFFFFFFFFFFFFFFFFFFFFFFFFFFB3
:20ED8000FFFFFFFFFFFFFFFFFFFFFFFFFFFFFFFFFFFFFFFFFFFFFFFFFFFFFFFFFFFFFFFF93
:20EDA000FFFFFFFFFFFFFFFFFFFFFFFFFFFFFFFFFFFFFFFFFFFFFFFFFFFFFFFFFFFFFFFF73
:20EDC000FFFFFFFFFFFFFFFFFFFFFFFFFFFFFFFFFFFFFFFFFFFFFFFFFFFFFFFFFFFFFFFF53
:20EDE000FFFFFFFFFFFFFFFFFFFFFFFFFFFFFFFFFFFFFFFFFFFFFFFFFFFFFFFFFFFFFFFF33
:20EE0000FFFFFFFFFFFFFFFFFFFFFFFFFFFFFFFFFFFFFFFFFFFFFFFFFFFFFFFFFFFFFFFF12
:20EE2000FFFFFFFFFFFFFFFFFFFFFFFFFFFFFFFFFFFFFFFFFFFFFFFFFFFFFFFFFFFFFFFFF2
:20EE4000FFFFFFFFFFFFFFFFFFFFFFFFFFFFFFFFFFFFFFFFFFFFFFFFFFFFFFFFFFFFFFFFD2
:20EE6000FFFFFFFFFFFFFFFFFFFFFFFFFFFFFFFFFFFFFFFFFFFFFFFFFFFFFFFFFFFFFFFFB2
:20EE8000FFFFFFFFFFFFFFFFFFFFFFFFFFFFFFFFFFFFFFFFFFFFFFFFFFFFFFFFFFFFFFFF92
:20EEA000FFFFFFFFFFFFFFFFFFFFFFFFFFFFFFFFFFFFFFFFFFFFFFFFFFFFFFFFFFFFFFFF72
:20EEC000FFFFFFFFFFFFFFFFFFFFFFFFFFFFFFFFFFFFFFFFFFFFFFFFFFFFFFFFFFFFFFFF52
:20EEE000FFFFFFFFFFFFFFFFFFFFFFFFFFFFFFFFFFFFFFFFFFFFFFFFFFFFFFFFFFFFFFFF32
:20EF0000FFFFFFFFFFFFFFFFFFFFFFFFFFFFFFFFFFFFFFFFFFFFFFFFFFFFFFFFFFFFFFFF11
:20EF2000FFFFFFFFFFFFFFFFFFFFFFFFFFFFFFFFFFFFFFFFFFFFFFFFFFFFFFFFFFFFFFFFF1
:20EF4000FFFFFFFFFFFFFFFFFFFFFFFFFFFFFFFFFFFFFFFFFFFFFFFFFFFFFFFFFFFFFFFFD1
:20EF6000FFFFFFFFFFFFFFFFFFFFFFFFFFFFFFFFFFFFFFFFFFFFFFFFFFFFFFFFFFFFFFFFB1
:20EF8000FFFFFFFFFFFFFFFFFFFFFFFFFFFFFFFFFFFFFFFFFFFFFFFFFFFFFFFFFFFFFFFF91
:20EFA000FFFFFFFFFFFFFFFFFFFFFFFFFFFFFFFFFFFFFFFFFFFFFFFFFFFFFFFFFFFFFFFF71
:20EFC000FFFFFFFFFFFFFFFFFFFFFFFFFFFFFFFFFFFFFFFFFFFFFFFFFFFFFFFFFFFFFFFF51
:20EFE000FFFFFFFFFFFFFFFFFFFFFFFFFFFFFFFFFFFFFFFFFFFFFFFFFFFFFFFFFFFFFFFF31
:20F00000FFFFFFFFFFFFFFFFFFFFFFFFFFFFFFFFFFFFFFFFFFFFFFFFFFFFFFFFFFFFFFFF10
:20F02000FFFFFFFFFFFFFFFFFFFFFFFFFFFFFFFFFFFFFFFFFFFFFFFFFFFFFFFFFFFFFFFFF0
:20F04000FFFFFFFFFFFFFFFFFFFFFFFFFFFFFFFFFFFFFFFFFFFFFFFFFFFFFFFFFFFFFFFFD0
:20F06000FFFFFFFFFFFFFFFFFFFFFFFFFFFFFFFFFFFFFFFFFFFFFFFFFFFFFFFFFFFFFFFFB0
:20F08000FFFFFFFFFFFFFFFFFFFFFFFFFFFFFFFFFFFFFFFFFFFFFFFFFFFFFFFFFFFFFFFF90
:20F0A000FFFFFFFFFFFFFFFFFFFFFFFFFFFFFFFFFFFFFFFFFFFFFFFFFFFFFFFFFFFFFFFF70
:20F0C000FFFFFFFFFFFFFFFFFFFFFFFFFFFFFFFFFFFFFFFFFFFFFFFFFFFFFFFFFFFFFFFF50
:20F0E000FFFFFFFFFFFFFFFFFFFFFFFFFFFFFFFFFFFFFFFFFFFFFFFFFFFFFFFFFFFFFFFF30
:20F10000FFFFFFFFFFFFFFFFFFFFFFFFFFFFFFFFFFFFFFFFFFFFFFFFFFFFFFFFFFFFFFFF0F
:20F12000FFFFFFFFFFFFFFFFFFFFFFFFFFFFFFFFFFFFFFFFFFFFFFFFFFFFFFFFFFFFFFFFEF
:20F14000FFFFFFFFFFFFFFFFFFFFFFFFFFFFFFFFFFFFFFFFFFFFFFFFFFFFFFFFFFFFFFFFCF
:20F16000FFFFFFFFFFFFFFFFFFFFFFFFFFFFFFFFFFFFFFFFFFFFFFFFFFFFFFFFFFFFFFFFAF
:20F18000FFFFFFFFFFFFFFFFFFFFFFFFFFFFFFFFFFFFFFFFFFFFFFFFFFFFFFFFFFFFFFFF8F
:20F1A000FFFFFFFFFFFFFFFFFFFFFFFFFFFFFFFFFFFFFFFFFFFFFFFFFFFFFFFFFFFFFFFF6F
:20F1C000FFFFFFFFFFFFFFFFFFFFFFFFFFFFFFFFFFFFFFFFFFFFFFFFFFFFFFFFFFFFFFFF4F
:20F1E000FFFFFFFFFFFFFFFFFFFFFFFFFFFFFFFFFFFFFFFFFFFFFFFFFFFFFFFFFFFFFFFF2F
:20F20000FFFFFFFFFFFFFFFFFFFFFFFFFFFFFFFFFFFFFFFFFFFFFFFFFFFFFFFFFFFFFFFF0E
:20F22000FFFFFFFFFFFFFFFFFFFFFFFFFFFFFFFFFFFFFFFFFFFFFFFFFFFFFFFFFFFFFFFFEE
:20F24000FFFFFFFFFFFFFFFFFFFFFFFFFFFFFFFFFFFFFFFFFFFFFFFFFFFFFFFFFFFFFFFFCE
:20F26000FFFFFFFFFFFFFFFFFFFFFFFFFFFFFFFFFFFFFFFFFFFFFFFFFFFFFFFFFFFFFFFFAE
:20F28000FFFFFFFFFFFFFFFFFFFFFFFFFFFFFFFFFFFFFFFFFFFFFFFFFFFFFFFFFFFFFFFF8E
:20F2A000FFFFFFFFFFFFFFFFFFFFFFFFFFFFFFFFFFFFFFFFFFFFFFFFFFFFFFFFFFFFFFFF6E
:20F2C000FFFFFFFFFFFFFFFFFFFFFFFFFFFFFFFFFFFFFFFFFFFFFFFFFFFFFFFFFFFFFFFF4E
:20F2E000FFFFFFFFFFFFFFFFFFFFFFFFFFFFFFFFFFFFFFFFFFFFFFFFFFFFFFFFFFFFFFFF2E
:20F30000FFFFFFFFFFFFFFFFFFFFFFFFFFFFFFFFFFFFFFFFFFFFFFFFFFFFFFFFFFFFFFFF0D
:20F32000FFFFFFFFFFFFFFFFFFFFFFFFFFFFFFFFFFFFFFFFFFFFFFFFFFFFFFFFFFFFFFFFED
:20F34000FFFFFFFFFFFFFFFFFFFFFFFFFFFFFFFFFFFFFFFFFFFFFFFFFFFFFFFFFFFFFFFFCD
:20F36000FFFFFFFFFFFFFFFFFFFFFFFFFFFFFFFFFFFFFFFFFFFFFFFFFFFFFFFFFFFFFFFFAD
:20F38000FFFFFFFFFFFFFFFFFFFFFFFFFFFFFFFFFFFFFFFFFFFFFFFFFFFFFFFFFFFFFFFF8D
:20F3A000FFFFFFFFFFFFFFFFFFFFFFFFFFFFFFFFFFFFFFFFFFFFFFFFFFFFFFFFFFFFFFFF6D
:20F3C000FFFFFFFFFFFFFFFFFFFFFFFFFFFFFFFFFFFFFFFFFFFFFFFFFFFFFFFFFFFFFFFF4D
:20F3E000FFFFFFFFFFFFFFFFFFFFFFFFFFFFFFFFFFFFFFFFFFFFFFFFFFFFFFFFFFFFFFFF2D
:20F40000FFFFFFFFFFFFFFFFFFFFFFFFFFFFFFFFFFFFFFFFFFFFFFFFFFFFFFFFFFFFFFFF0C
:20F42000FFFFFFFFFFFFFFFFFFFFFFFFFFFFFFFFFFFFFFFFFFFFFFFFFFFFFFFFFFFFFFFFEC
:20F44000FFFFFFFFFFFFFFFFFFFFFFFFFFFFFFFFFFFFFFFFFFFFFFFFFFFFFFFFFFFFFFFFCC
:20F46000FFFFFFFFFFFFFFFFFFFFFFFFFFFFFFFFFFFFFFFFFFFFFFFFFFFFFFFFFFFFFFFFAC
:20F48000FFFFFFFFFFFFFFFFFFFFFFFFFFFFFFFFFFFFFFFFFFFFFFFFFFFFFFFFFFFFFFFF8C
:20F4A000FFFFFFFFFFFFFFFFFFFFFFFFFFFFFFFFFFFFFFFFFFFFFFFFFFFFFFFFFFFFFFFF6C
:20F4C000FFFFFFFFFFFFFFFFFFFFFFFFFFFFFFFFFFFFFFFFFFFFFFFFFFFFFFFFFFFFFFFF4C
:20F4E000FFFFFFFFFFFFFFFFFFFFFFFFFFFFFFFFFFFFFFFFFFFFFFFFFFFFFFFFFFFFFFFF2C
:20F50000FFFFFFFFFFFFFFFFFFFFFFFFFFFFFFFFFFFFFFFFFFFFFFFFFFFFFFFFFFFFFFFF0B
:20F52000FFFFFFFFFFFFFFFFFFFFFFFFFFFFFFFFFFFFFFFFFFFFFFFFFFFFFFFFFFFFFFFFEB
:20F54000FFFFFFFFFFFFFFFFFFFFFFFFFFFFFFFFFFFFFFFFFFFFFFFFFFFFFFFFFFFFFFFFCB
:20F56000FFFFFFFFFFFFFFFFFFFFFFFFFFFFFFFFFFFFFFFFFFFFFFFFFFFFFFFFFFFFFFFFAB
:20F58000FFFFFFFFFFFFFFFFFFFFFFFFFFFFFFFFFFFFFFFFFFFFFFFFFFFFFFFFFFFFFFFF8B
:20F5A000FFFFFFFFFFFFFFFFFFFFFFFFFFFFFFFFFFFFFFFFFFFFFFFFFFFFFFFFFFFFFFFF6B
:20F5C000FFFFFFFFFFFFFFFFFFFFFFFFFFFFFFFFFFFFFFFFFFFFFFFFFFFFFFFFFFFFFFFF4B
:20F5E000FFFFFFFFFFFFFFFFFFFFFFFFFFFFFFFFFFFFFFFFFFFFFFFFFFFFFFFFFFFFFFFF2B
:20F60000FFFFFFFFFFFFFFFFFFFFFFFFFFFFFFFFFFFFFFFFFFFFFFFFFFFFFFFFFFFFFFFF0A
:20F62000FFFFFFFFFFFFFFFFFFFFFFFFFFFFFFFFFFFFFFFFFFFFFFFFFFFFFFFFFFFFFFFFEA
:20F64000FFFFFFFFFFFFFFFFFFFFFFFFFFFFFFFFFFFFFFFFFFFFFFFFFFFFFFFFFFFFFFFFCA
:20F66000FFFFFFFFFFFFFFFFFFFFFFFFFFFFFFFFFFFFFFFFFFFFFFFFFFFFFFFFFFFFFFFFAA
:20F68000FFFFFFFFFFFFFFFFFFFFFFFFFFFFFFFFFFFFFFFFFFFFFFFFFFFFFFFFFFFFFFFF8A
:20F6A000FFFFFFFFFFFFFFFFFFFFFFFFFFFFFFFFFFFFFFFFFFFFFFFFFFFFFFFFFFFFFFFF6A
:20F6C000FFFFFFFFFFFFFFFFFFFFFFFFFFFFFFFFFFFFFFFFFFFFFFFFFFFFFFFFFFFFFFFF4A
:20F6E000FFFFFFFFFFFFFFFFFFFFFFFFFFFFFFFFFFFFFFFFFFFFFFFFFFFFFFFFFFFFFFFF2A
:20F70000FFFFFFFFFFFFFFFFFFFFFFFFFFFFFFFFFFFFFFFFFFFFFFFFFFFFFFFFFFFFFFFF09
:20F72000FFFFFFFFFFFFFFFFFFFFFFFFFFFFFFFFFFFFFFFFFFFFFFFFFFFFFFFFFFFFFFFFE9
:20F74000FFFFFFFFFFFFFFFFFFFFFFFFFFFFFFFFFFFFFFFFFFFFFFFFFFFFFFFFFFFFFFFFC9
:20F76000FFFFFFFFFFFFFFFFFFFFFFFFFFFFFFFFFFFFFFFFFFFFFFFFFFFFFFFFFFFFFFFFA9
:20F78000FFFFFFFFFFFFFFFFFFFFFFFFFFFFFFFFFFFFFFFFFFFFFFFFFFFFFFFFFFFFFFFF89
:20F7A000FFFFFFFFFFFFFFFFFFFFFFFFFFFFFFFFFFFFFFFFFFFFFFFFFFFFFFFFFFFFFFFF69
:20F7C000FFFFFFFFFFFFFFFFFFFFFFFFFFFFFFFFFFFFFFFFFFFFFFFFFFFFFFFFFFFFFFFF49
:20F7E000FFFFFFFFFFFFFFFFFFFFFFFFFFFFFFFFFFFFFFFFFFFFFFFFFFFFFFFFFFFFFFFF29
:20F80000FFFFFFFFFFFFFFFFFFFFFFFFFFFFFFFFFFFFFFFFFFFFFFFFFFFFFFFFFFFFFFFF08
:20F82000FFFFFFFFFFFFFFFFFFFFFFFFFFFFFFFFFFFFFFFFFFFFFFFFFFFFFFFFFFFFFFFFE8
:20F84000FFFFFFFFFFFFFFFFFFFFFFFFFFFFFFFFFFFFFFFFFFFFFFFFFFFFFFFFFFFFFFFFC8
:20F86000FFFFFFFFFFFFFFFFFFFFFFFFFFFFFFFFFFFFFFFFFFFFFFFFFFFFFFFFFFFFFFFFA8
:20F88000FFFFFFFFFFFFFFFFFFFFFFFFFFFFFFFFFFFFFFFFFFFFFFFFFFFFFFFFFFFFFFFF88
:20F8A000FFFFFFFFFFFFFFFFFFFFFFFFFFFFFFFFFFFFFFFFFFFFFFFFFFFFFFFFFFFFFFFF68
:20F8C000FFFFFFFFFFFFFFFFFFFFFFFFFFFFFFFFFFFFFFFFFFFFFFFFFFFFFFFFFFFFFFFF48
:20F8E000FFFFFFFFFFFFFFFFFFFFFFFFFFFFFFFFFFFFFFFFFFFFFFFFFFFFFFFFFFFFFFFF28
:20F90000FFFFFFFFFFFFFFFFFFFFFFFFFFFFFFFFFFFFFFFFFFFFFFFFFFFFFFFFFFFFFFFF07
:20F92000FFFFFFFFFFFFFFFFFFFFFFFFFFFFFFFFFFFFFFFFFFFFFFFFFFFFFFFFFFFFFFFFE7
:20F94000FFFFFFFFFFFFFFFFFFFFFFFFFFFFFFFFFFFFFFFFFFFFFFFFFFFFFFFFFFFFFFFFC7
:20F96000FFFFFFFFFFFFFFFFFFFFFFFFFFFFFFFFFFFFFFFFFFFFFFFFFFFFFFFFFFFFFFFFA7
:20F98000FFFFFFFFFFFFFFFFFFFFFFFFFFFFFFFFFFFFFFFFFFFFFFFFFFFFFFFFFFFFFFFF87
:20F9A000FFFFFFFFFFFFFFFFFFFFFFFFFFFFFFFFFFFFFFFFFFFFFFFFFFFFFFFFFFFFFFFF67
:20F9C000FFFFFFFFFFFFFFFFFFFFFFFFFFFFFFFFFFFFFFFFFFFFFFFFFFFFFFFFFFFFFFFF47
:20F9E000FFFFFFFFFFFFFFFFFFFFFFFFFFFFFFFFFFFFFFFFFFFFFFFFFFFFFFFFFFFFFFFF27
:20FA0000FFFFFFFFFFFFFFFFFFFFFFFFFFFFFFFFFFFFFFFFFFFFFFFFFFFFFFFFFFFFFFFF06
:20FA2000FFFFFFFFFFFFFFFFFFFFFFFFFFFFFFFFFFFFFFFFFFFFFFFFFFFFFFFFFFFFFFFFE6
:20FA4000FFFFFFFFFFFFFFFFFFFFFFFFFFFFFFFFFFFFFFFFFFFFFFFFFFFFFFFFFFFFFFFFC6
:20FA6000FFFFFFFFFFFFFFFFFFFFFFFFFFFFFFFFFFFFFFFFFFFFFFFFFFFFFFFFFFFFFFFFA6
:20FA8000FFFFFFFFFFFFFFFFFFFFFFFFFFFFFFFFFFFFFFFFFFFFFFFFFFFFFFFFFFFFFFFF86
:20FAA000FFFFFFFFFFFFFFFFFFFFFFFFFFFFFFFFFFFFFFFFFFFFFFFFFFFFFFFFFFFFFFFF66
:20FAC000FFFFFFFFFFFFFFFFFFFFFFFFFFFFFFFFFFFFFFFFFFFFFFFFFFFFFFFFFFFFFFFF46
:20FAE000FFFFFFFFFFFFFFFFFFFFFFFFFFFFFFFFFFFFFFFFFFFFFFFFFFFFFFFFFFFFFFFF26
:20FB0000FFFFFFFFFFFFFFFFFFFFFFFFFFFFFFFFFFFFFFFFFFFFFFFFFFFFFFFFFFFFFFFF05
:20FB2000FFFFFFFFFFFFFFFFFFFFFFFFFFFFFFFFFFFFFFFFFFFFFFFFFFFFFFFFFFFFFFFFE5
:20FB4000FFFFFFFFFFFFFFFFFFFFFFFFFFFFFFFFFFFFFFFFFFFFFFFFFFFFFFFFFFFFFFFFC5
:20FB6000FFFFFFFFFFFFFFFFFFFFFFFFFFFFFFFFFFFFFFFFFFFFFFFFFFFFFFFFFFFFFFFFA5
:20FB8000FFFFFFFFFFFFFFFFFFFFFFFFFFFFFFFFFFFFFFFFFFFFFFFFFFFFFFFFFFFFFFFF85
:20FBA000FFFFFFFFFFFFFFFFFFFFFFFFFFFFFFFFFFFFFFFFFFFFFFFFFFFFFFFFFFFFFFFF65
:20FBC000FFFFFFFFFFFFFFFFFFFFFFFFFFFFFFFFFFFFFFFFFFFFFFFFFFFFFFFFFFFFFFFF45
:20FBE000FFFFFFFFFFFFFFFFFFFFFFFFFFFFFFFFFFFFFFFFFFFFFFFFFFFFFFFFFFFFFFFF25
:20FC0000FFFFFFFFFFFFFFFFFFFFFFFFFFFFFFFFFFFFFFFFFFFFFFFFFFFFFFFFFFFFFFFF04
:20FC2000FFFFFFFFFFFFFFFFFFFFFFFFFFFFFFFFFFFFFFFFFFFFFFFFFFFFFFFFFFFFFFFFE4
:20FC4000FFFFFFFFFFFFFFFFFFFFFFFFFFFFFFFFFFFFFFFFFFFFFFFFFFFFFFFFFFFFFFFFC4
:20FC6000FFFFFFFFFFFFFFFFFFFFFFFFFFFFFFFFFFFFFFFFFFFFFFFFFFFFFFFFFFFFFFFFA4
:20FC8000FFFFFFFFFFFFFFFFFFFFFFFFFFFFFFFFFFFFFFFFFFFFFFFFFFFFFFFFFFFFFFFF84
:20FCA000FFFFFFFFFFFFFFFFFFFFFFFFFFFFFFFFFFFFFFFFFFFFFFFFFFFFFFFFFFFFFFFF64
:20FCC000FFFFFFFFFFFFFFFFFFFFFFFFFFFFFFFFFFFFFFFFFFFFFFFFFFFFFFFFFFFFFFFF44
:20FCE000FFFFFFFFFFFFFFFFFFFFFFFFFFFFFFFFFFFFFFFFFFFFFFFFFFFFFFFFFFFFFFFF24
:20FD0000FFFFFFFFFFFFFFFFFFFFFFFFFFFFFFFFFFFFFFFFFFFFFFFFFFFFFFFFFFFFFFFF03
:20FD2000FFFFFFFFFFFFFFFFFFFFFFFFFFFFFFFFFFFFFFFFFFFFFFFFFFFFFFFFFFFFFFFFE3
:20FD4000FFFFFFFFFFFFFFFFFFFFFFFFFFFFFFFFFFFFFFFFFFFFFFFFFFFFFFFFFFFFFFFFC3
:20FD6000FFFFFFFFFFFFFFFFFFFFFFFFFFFFFFFFFFFFFFFFFFFFFFFFFFFFFFFFFFFFFFFFA3
:20FD8000FFFFFFFFFFFFFFFFFFFFFFFFFFFFFFFFFFFFFFFFFFFFFFFFFFFFFFFFFFFFFFFF83
:20FDA000FFFFFFFFFFFFFFFFFFFFFFFFFFFFFFFFFFFFFFFFFFFFFFFFFFFFFFFFFFFFFFFF63
:20FDC000FFFFFFFFFFFFFFFFFFFFFFFFFFFFFFFFFFFFFFFFFFFFFFFFFFFFFFFFFFFFFFFF43
:20FDE000FFFFFFFFFFFFFFFFFFFFFFFFFFFFFFFFFFFFFFFFFFFFFFFFFFFFFFFFFFFFFFFF23
:20FE0000FFFFFFFFFFFFFFFFFFFFFFFFFFFFFFFFFFFFFFFFFFFFFFFFFFFFFFFFFFFFFFFF02
:20FE2000FFFFFFFFFFFFFFFFFFFFFFFFFFFFFFFFFFFFFFFFFFFFFFFFFFFFFFFFFFFFFFFFE2
:20FE4000FFFFFFFFFFFFFFFFFFFFFFFFFFFFFFFFFFFFFFFFFFFFFFFFFFFFFFFFFFFFFFFFC2
:20FE6000FFFFFFFFFFFFFFFFFFFFFFFFFFFFFFFFFFFFFFFFFFFFFFFFFFFFFFFFFFFFFFFFA2
:20FE8000FFFFFFFFFFFFFFFFFFFFFFFFFFFFFFFFFFFFFFFFFFFFFFFFFFFFFFFFFFFFFFFF82
:20FEA000FFFFFFFFFFFFFFFFFFFFFFFFFFFFFFFFFFFFFFFFFFFFFFFFFFFFFFFFFFFFFFFF62
:20FEC000FFFFFFFFFFFFFFFFFFFFFFFFFFFFFFFFFFFFFFFFFFFFFFFFFFFFFFFFFFFFFFFF42
:20FEE000FFFFFFFFFFFFFFFFFFFFFFFFFFFFFFFFFFFFFFFFFFFFFFFFFFFFFFFFFFFFFFFF22
:20FF0000FFFFFFFFFFFFFFFFFFFFFFFFFFFFFFFFFFFFFFFFFFFFFFFFFFFFFFFFFFFFFFFF01
:20FF2000FFFFFFFFFFFFFFFFFFFFFFFFFFFFFFFFFFFFFFFFFFFFFFFFFFFFFFFFFFFFFFFFE1
:20FF4000FFFFFFFFFFFFFFFFFFFFFFFFFFFFFFFFFFFFFFFFFFFFFFFFFFFFFFFFFFFFFFFFC1
:20FF6000FFFFFFFFFFFFFFFFFFFFFFFFFFFFFFFFFFFFFFFFFFFFFFFFFFFFFFFFFFFFFFFFA1
:20FF8000FFFFFFFFFFFFFFFFFFFFFFFFFFFFFFFFFFFFFFFFFFFFFFFFFFFFFFFFFFFFFFFF81
:20FFA000FFFFFFFFFFFFFFFFFFFFFFFFFFFFFFFFFFFFFFFFFFFFFFFFFFFFFFFFFFFFFFFF61
:20FFC000FFFFFFFFFFFFFFFFFFFFFFFFFFFFFFFFFFFFFFFFFFFFFFFFFFFFFFFFFFFFFFFF41
:20FFE000FFFFFFFFFFFFFFFFFFFFFFFFFFFFFFFFFFFFFFFFFFFFFFFFFFFFFFFFFFFFFFFF21
:020000040003F7
:20000000FFFFFFFFFFFFFFFFFFFFFFFFFFFFFFFFFFFFFFFFFFFFFFFFFFFFFFFFFFFFFFFF00
:20002000FFFFFFFFFFFFFFFFFFFFFFFFFFFFFFFFFFFFFFFFFFFFFFFFFFFFFFFFFFFFFFFFE0
:20004000FFFFFFFFFFFFFFFFFFFFFFFFFFFFFFFFFFFFFFFFFFFFFFFFFFFFFFFFFFFFFFFFC0
:20006000FFFFFFFFFFFFFFFFFFFFFFFFFFFFFFFFFFFFFFFFFFFFFFFFFFFFFFFFFFFFFFFFA0
:20008000FFFFFFFFFFFFFFFFFFFFFFFFFFFFFFFFFFFFFFFFFFFFFFFFFFFFFFFFFFFFFFFF80
:2000A000FFFFFFFFFFFFFFFFFFFFFFFFFFFFFFFFFFFFFFFFFFFFFFFFFFFFFFFFFFFFFFFF60
:2000C000FFFFFFFFFFFFFFFFFFFFFFFFFFFFFFFFFFFFFFFFFFFFFFFFFFFFFFFFFFFFFFFF40
:2000E000FFFFFFFFFFFFFFFFFFFFFFFFFFFFFFFFFFFFFFFFFFFFFFFFFFFFFFFFFFFFFFFF20
:20010000FFFFFFFFFFFFFFFFFFFFFFFFFFFFFFFFFFFFFFFFFFFFFFFFFFFFFFFFFFFFFFFFFF
:20012000FFFFFFFFFFFFFFFFFFFFFFFFFFFFFFFFFFFFFFFFFFFFFFFFFFFFFFFFFFFFFFFFDF
:20014000FFFFFFFFFFFFFFFFFFFFFFFFFFFFFFFFFFFFFFFFFFFFFFFFFFFFFFFFFFFFFFFFBF
:20016000FFFFFFFFFFFFFFFFFFFFFFFFFFFFFFFFFFFFFFFFFFFFFFFFFFFFFFFFFFFFFFFF9F
:20018000FFFFFFFFFFFFFFFFFFFFFFFFFFFFFFFFFFFFFFFFFFFFFFFFFFFFFFFFFFFFFFFF7F
:2001A000FFFFFFFFFFFFFFFFFFFFFFFFFFFFFFFFFFFFFFFFFFFFFFFFFFFFFFFFFFFFFFFF5F
:2001C000FFFFFFFFFFFFFFFFFFFFFFFFFFFFFFFFFFFFFFFFFFFFFFFFFFFFFFFFFFFFFFFF3F
:2001E000FFFFFFFFFFFFFFFFFFFFFFFFFFFFFFFFFFFFFFFFFFFFFFFFFFFFFFFFFFFFFFFF1F
:20020000FFFFFFFFFFFFFFFFFFFFFFFFFFFFFFFFFFFFFFFFFFFFFFFFFFFFFFFFFFFFFFFFFE
:20022000FFFFFFFFFFFFFFFFFFFFFFFFFFFFFFFFFFFFFFFFFFFFFFFFFFFFFFFFFFFFFFFFDE
:20024000FFFFFFFFFFFFFFFFFFFFFFFFFFFFFFFFFFFFFFFFFFFFFFFFFFFFFFFFFFFFFFFFBE
:20026000FFFFFFFFFFFFFFFFFFFFFFFFFFFFFFFFFFFFFFFFFFFFFFFFFFFFFFFFFFFFFFFF9E
:20028000FFFFFFFFFFFFFFFFFFFFFFFFFFFFFFFFFFFFFFFFFFFFFFFFFFFFFFFFFFFFFFFF7E
:2002A000FFFFFFFFFFFFFFFFFFFFFFFFFFFFFFFFFFFFFFFFFFFFFFFFFFFFFFFFFFFFFFFF5E
:2002C000FFFFFFFFFFFFFFFFFFFFFFFFFFFFFFFFFFFFFFFFFFFFFFFFFFFFFFFFFFFFFFFF3E
:2002E000FFFFFFFFFFFFFFFFFFFFFFFFFFFFFFFFFFFFFFFFFFFFFFFFFFFFFFFFFFFFFFFF1E
:20030000FFFFFFFFFFFFFFFFFFFFFFFFFFFFFFFFFFFFFFFFFFFFFFFFFFFFFFFFFFFFFFFFFD
:20032000FFFFFFFFFFFFFFFFFFFFFFFFFFFFFFFFFFFFFFFFFFFFFFFFFFFFFFFFFFFFFFFFDD
:20034000FFFFFFFFFFFFFFFFFFFFFFFFFFFFFFFFFFFFFFFFFFFFFFFFFFFFFFFFFFFFFFFFBD
:20036000FFFFFFFFFFFFFFFFFFFFFFFFFFFFFFFFFFFFFFFFFFFFFFFFFFFFFFFFFFFFFFFF9D
:20038000FFFFFFFFFFFFFFFFFFFFFFFFFFFFFFFFFFFFFFFFFFFFFFFFFFFFFFFFFFFFFFFF7D
:2003A000FFFFFFFFFFFFFFFFFFFFFFFFFFFFFFFFFFFFFFFFFFFFFFFFFFFFFFFFFFFFFFFF5D
:2003C000FFFFFFFFFFFFFFFFFFFFFFFFFFFFFFFFFFFFFFFFFFFFFFFFFFFFFFFFFFFFFFFF3D
:2003E000FFFFFFFFFFFFFFFFFFFFFFFFFFFFFFFFFFFFFFFFFFFFFFFFFFFFFFFFFFFFFFFF1D
:20040000FFFFFFFFFFFFFFFFFFFFFFFFFFFFFFFFFFFFFFFFFFFFFFFFFFFFFFFFFFFFFFFFFC
:20042000FFFFFFFFFFFFFFFFFFFFFFFFFFFFFFFFFFFFFFFFFFFFFFFFFFFFFFFFFFFFFFFFDC
:20044000FFFFFFFFFFFFFFFFFFFFFFFFFFFFFFFFFFFFFFFFFFFFFFFFFFFFFFFFFFFFFFFFBC
:20046000FFFFFFFFFFFFFFFFFFFFFFFFFFFFFFFFFFFFFFFFFFFFFFFFFFFFFFFFFFFFFFFF9C
:20048000FFFFFFFFFFFFFFFFFFFFFFFFFFFFFFFFFFFFFFFFFFFFFFFFFFFFFFFFFFFFFFFF7C
:2004A000FFFFFFFFFFFFFFFFFFFFFFFFFFFFFFFFFFFFFFFFFFFFFFFFFFFFFFFFFFFFFFFF5C
:2004C000FFFFFFFFFFFFFFFFFFFFFFFFFFFFFFFFFFFFFFFFFFFFFFFFFFFFFFFFFFFFFFFF3C
:2004E000FFFFFFFFFFFFFFFFFFFFFFFFFFFFFFFFFFFFFFFFFFFFFFFFFFFFFFFFFFFFFFFF1C
:20050000FFFFFFFFFFFFFFFFFFFFFFFFFFFFFFFFFFFFFFFFFFFFFFFFFFFFFFFFFFFFFFFFFB
:20052000FFFFFFFFFFFFFFFFFFFFFFFFFFFFFFFFFFFFFFFFFFFFFFFFFFFFFFFFFFFFFFFFDB
:20054000FFFFFFFFFFFFFFFFFFFFFFFFFFFFFFFFFFFFFFFFFFFFFFFFFFFFFFFFFFFFFFFFBB
:20056000FFFFFFFFFFFFFFFFFFFFFFFFFFFFFFFFFFFFFFFFFFFFFFFFFFFFFFFFFFFFFFFF9B
:20058000FFFFFFFFFFFFFFFFFFFFFFFFFFFFFFFFFFFFFFFFFFFFFFFFFFFFFFFFFFFFFFFF7B
:2005A000FFFFFFFFFFFFFFFFFFFFFFFFFFFFFFFFFFFFFFFFFFFFFFFFFFFFFFFFFFFFFFFF5B
:2005C000FFFFFFFFFFFFFFFFFFFFFFFFFFFFFFFFFFFFFFFFFFFFFFFFFFFFFFFFFFFFFFFF3B
:2005E000FFFFFFFFFFFFFFFFFFFFFFFFFFFFFFFFFFFFFFFFFFFFFFFFFFFFFFFFFFFFFFFF1B
:20060000FFFFFFFFFFFFFFFFFFFFFFFFFFFFFFFFFFFFFFFFFFFFFFFFFFFFFFFFFFFFFFFFFA
:20062000FFFFFFFFFFFFFFFFFFFFFFFFFFFFFFFFFFFFFFFFFFFFFFFFFFFFFFFFFFFFFFFFDA
:20064000FFFFFFFFFFFFFFFFFFFFFFFFFFFFFFFFFFFFFFFFFFFFFFFFFFFFFFFFFFFFFFFFBA
:20066000FFFFFFFFFFFFFFFFFFFFFFFFFFFFFFFFFFFFFFFFFFFFFFFFFFFFFFFFFFFFFFFF9A
:20068000FFFFFFFFFFFFFFFFFFFFFFFFFFFFFFFFFFFFFFFFFFFFFFFFFFFFFFFFFFFFFFFF7A
:2006A000FFFFFFFFFFFFFFFFFFFFFFFFFFFFFFFFFFFFFFFFFFFFFFFFFFFFFFFFFFFFFFFF5A
:2006C000FFFFFFFFFFFFFFFFFFFFFFFFFFFFFFFFFFFFFFFFFFFFFFFFFFFFFFFFFFFFFFFF3A
:2006E000FFFFFFFFFFFFFFFFFFFFFFFFFFFFFFFFFFFFFFFFFFFFFFFFFFFFFFFFFFFFFFFF1A
:20070000FFFFFFFFFFFFFFFFFFFFFFFFFFFFFFFFFFFFFFFFFFFFFFFFFFFFFFFFFFFFFFFFF9
:20072000FFFFFFFFFFFFFFFFFFFFFFFFFFFFFFFFFFFFFFFFFFFFFFFFFFFFFFFFFFFFFFFFD9
:20074000FFFFFFFFFFFFFFFFFFFFFFFFFFFFFFFFFFFFFFFFFFFFFFFFFFFFFFFFFFFFFFFFB9
:20076000FFFFFFFFFFFFFFFFFFFFFFFFFFFFFFFFFFFFFFFFFFFFFFFFFFFFFFFFFFFFFFFF99
:20078000FFFFFFFFFFFFFFFFFFFFFFFFFFFFFFFFFFFFFFFFFFFFFFFFFFFFFFFFFFFFFFFF79
:2007A000FFFFFFFFFFFFFFFFFFFFFFFFFFFFFFFFFFFFFFFFFFFFFFFFFFFFFFFFFFFFFFFF59
:2007C000FFFFFFFFFFFFFFFFFFFFFFFFFFFFFFFFFFFFFFFFFFFFFFFFFFFFFFFFFFFFFFFF39
:2007E000FFFFFFFFFFFFFFFFFFFFFFFFFFFFFFFFFFFFFFFFFFFFFFFFFFFFFFFFFFFFFFFF19
:20080000FFFFFFFFFFFFFFFFFFFFFFFFFFFFFFFFFFFFFFFFFFFFFFFFFFFFFFFFFFFFFFFFF8
:20082000FFFFFFFFFFFFFFFFFFFFFFFFFFFFFFFFFFFFFFFFFFFFFFFFFFFFFFFFFFFFFFFFD8
:20084000FFFFFFFFFFFFFFFFFFFFFFFFFFFFFFFFFFFFFFFFFFFFFFFFFFFFFFFFFFFFFFFFB8
:20086000FFFFFFFFFFFFFFFFFFFFFFFFFFFFFFFFFFFFFFFFFFFFFFFFFFFFFFFFFFFFFFFF98
:20088000FFFFFFFFFFFFFFFFFFFFFFFFFFFFFFFFFFFFFFFFFFFFFFFFFFFFFFFFFFFFFFFF78
:2008A000FFFFFFFFFFFFFFFFFFFFFFFFFFFFFFFFFFFFFFFFFFFFFFFFFFFFFFFFFFFFFFFF58
:2008C000FFFFFFFFFFFFFFFFFFFFFFFFFFFFFFFFFFFFFFFFFFFFFFFFFFFFFFFFFFFFFFFF38
:2008E000FFFFFFFFFFFFFFFFFFFFFFFFFFFFFFFFFFFFFFFFFFFFFFFFFFFFFFFFFFFFFFFF18
:20090000FFFFFFFFFFFFFFFFFFFFFFFFFFFFFFFFFFFFFFFFFFFFFFFFFFFFFFFFFFFFFFFFF7
:20092000FFFFFFFFFFFFFFFFFFFFFFFFFFFFFFFFFFFFFFFFFFFFFFFFFFFFFFFFFFFFFFFFD7
:20094000FFFFFFFFFFFFFFFFFFFFFFFFFFFFFFFFFFFFFFFFFFFFFFFFFFFFFFFFFFFFFFFFB7
:20096000FFFFFFFFFFFFFFFFFFFFFFFFFFFFFFFFFFFFFFFFFFFFFFFFFFFFFFFFFFFFFFFF97
:20098000FFFFFFFFFFFFFFFFFFFFFFFFFFFFFFFFFFFFFFFFFFFFFFFFFFFFFFFFFFFFFFFF77
:2009A000FFFFFFFFFFFFFFFFFFFFFFFFFFFFFFFFFFFFFFFFFFFFFFFFFFFFFFFFFFFFFFFF57
:2009C000FFFFFFFFFFFFFFFFFFFFFFFFFFFFFFFFFFFFFFFFFFFFFFFFFFFFFFFFFFFFFFFF37
:2009E000FFFFFFFFFFFFFFFFFFFFFFFFFFFFFFFFFFFFFFFFFFFFFFFFFFFFFFFFFFFFFFFF17
:200A0000FFFFFFFFFFFFFFFFFFFFFFFFFFFFFFFFFFFFFFFFFFFFFFFFFFFFFFFFFFFFFFFFF6
:200A2000FFFFFFFFFFFFFFFFFFFFFFFFFFFFFFFFFFFFFFFFFFFFFFFFFFFFFFFFFFFFFFFFD6
:200A4000FFFFFFFFFFFFFFFFFFFFFFFFFFFFFFFFFFFFFFFFFFFFFFFFFFFFFFFFFFFFFFFFB6
:200A6000FFFFFFFFFFFFFFFFFFFFFFFFFFFFFFFFFFFFFFFFFFFFFFFFFFFFFFFFFFFFFFFF96
:200A8000FFFFFFFFFFFFFFFFFFFFFFFFFFFFFFFFFFFFFFFFFFFFFFFFFFFFFFFFFFFFFFFF76
:200AA000FFFFFFFFFFFFFFFFFFFFFFFFFFFFFFFFFFFFFFFFFFFFFFFFFFFFFFFFFFFFFFFF56
:200AC000FFFFFFFFFFFFFFFFFFFFFFFFFFFFFFFFFFFFFFFFFFFFFFFFFFFFFFFFFFFFFFFF36
:200AE000FFFFFFFFFFFFFFFFFFFFFFFFFFFFFFFFFFFFFFFFFFFFFFFFFFFFFFFFFFFFFFFF16
:200B0000FFFFFFFFFFFFFFFFFFFFFFFFFFFFFFFFFFFFFFFFFFFFFFFFFFFFFFFFFFFFFFFFF5
:200B2000FFFFFFFFFFFFFFFFFFFFFFFFFFFFFFFFFFFFFFFFFFFFFFFFFFFFFFFFFFFFFFFFD5
:200B4000FFFFFFFFFFFFFFFFFFFFFFFFFFFFFFFFFFFFFFFFFFFFFFFFFFFFFFFFFFFFFFFFB5
:200B6000FFFFFFFFFFFFFFFFFFFFFFFFFFFFFFFFFFFFFFFFFFFFFFFFFFFFFFFFFFFFFFFF95
:200B8000FFFFFFFFFFFFFFFFFFFFFFFFFFFFFFFFFFFFFFFFFFFFFFFFFFFFFFFFFFFFFFFF75
:200BA000FFFFFFFFFFFFFFFFFFFFFFFFFFFFFFFFFFFFFFFFFFFFFFFFFFFFFFFFFFFFFFFF55
:200BC000FFFFFFFFFFFFFFFFFFFFFFFFFFFFFFFFFFFFFFFFFFFFFFFFFFFFFFFFFFFFFFFF35
:200BE000FFFFFFFFFFFFFFFFFFFFFFFFFFFFFFFFFFFFFFFFFFFFFFFFFFFFFFFFFFFFFFFF15
:200C0000FFFFFFFFFFFFFFFFFFFFFFFFFFFFFFFFFFFFFFFFFFFFFFFFFFFFFFFFFFFFFFFFF4
:200C2000FFFFFFFFFFFFFFFFFFFFFFFFFFFFFFFFFFFFFFFFFFFFFFFFFFFFFFFFFFFFFFFFD4
:200C4000FFFFFFFFFFFFFFFFFFFFFFFFFFFFFFFFFFFFFFFFFFFFFFFFFFFFFFFFFFFFFFFFB4
:200C6000FFFFFFFFFFFFFFFFFFFFFFFFFFFFFFFFFFFFFFFFFFFFFFFFFFFFFFFFFFFFFFFF94
:200C8000FFFFFFFFFFFFFFFFFFFFFFFFFFFFFFFFFFFFFFFFFFFFFFFFFFFFFFFFFFFFFFFF74
:200CA000FFFFFFFFFFFFFFFFFFFFFFFFFFFFFFFFFFFFFFFFFFFFFFFFFFFFFFFFFFFFFFFF54
:200CC000FFFFFFFFFFFFFFFFFFFFFFFFFFFFFFFFFFFFFFFFFFFFFFFFFFFFFFFFFFFFFFFF34
:200CE000FFFFFFFFFFFFFFFFFFFFFFFFFFFFFFFFFFFFFFFFFFFFFFFFFFFFFFFFFFFFFFFF14
:200D0000FFFFFFFFFFFFFFFFFFFFFFFFFFFFFFFFFFFFFFFFFFFFFFFFFFFFFFFFFFFFFFFFF3
:200D2000FFFFFFFFFFFFFFFFFFFFFFFFFFFFFFFFFFFFFFFFFFFFFFFFFFFFFFFFFFFFFFFFD3
:200D4000FFFFFFFFFFFFFFFFFFFFFFFFFFFFFFFFFFFFFFFFFFFFFFFFFFFFFFFFFFFFFFFFB3
:200D6000FFFFFFFFFFFFFFFFFFFFFFFFFFFFFFFFFFFFFFFFFFFFFFFFFFFFFFFFFFFFFFFF93
:200D8000FFFFFFFFFFFFFFFFFFFFFFFFFFFFFFFFFFFFFFFFFFFFFFFFFFFFFFFFFFFFFFFF73
:200DA000FFFFFFFFFFFFFFFFFFFFFFFFFFFFFFFFFFFFFFFFFFFFFFFFFFFFFFFFFFFFFFFF53
:200DC000FFFFFFFFFFFFFFFFFFFFFFFFFFFFFFFFFFFFFFFFFFFFFFFFFFFFFFFFFFFFFFFF33
:200DE000FFFFFFFFFFFFFFFFFFFFFFFFFFFFFFFFFFFFFFFFFFFFFFFFFFFFFFFFFFFFFFFF13
:200E0000FFFFFFFFFFFFFFFFFFFFFFFFFFFFFFFFFFFFFFFFFFFFFFFFFFFFFFFFFFFFFFFFF2
:200E2000FFFFFFFFFFFFFFFFFFFFFFFFFFFFFFFFFFFFFFFFFFFFFFFFFFFFFFFFFFFFFFFFD2
:200E4000FFFFFFFFFFFFFFFFFFFFFFFFFFFFFFFFFFFFFFFFFFFFFFFFFFFFFFFFFFFFFFFFB2
:200E6000FFFFFFFFFFFFFFFFFFFFFFFFFFFFFFFFFFFFFFFFFFFFFFFFFFFFFFFFFFFFFFFF92
:200E8000FFFFFFFFFFFFFFFFFFFFFFFFFFFFFFFFFFFFFFFFFFFFFFFFFFFFFFFFFFFFFFFF72
:200EA000FFFFFFFFFFFFFFFFFFFFFFFFFFFFFFFFFFFFFFFFFFFFFFFFFFFFFFFFFFFFFFFF52
:200EC000FFFFFFFFFFFFFFFFFFFFFFFFFFFFFFFFFFFFFFFFFFFFFFFFFFFFFFFFFFFFFFFF32
:200EE000FFFFFFFFFFFFFFFFFFFFFFFFFFFFFFFFFFFFFFFFFFFFFFFFFFFFFFFFFFFFFFFF12
:200F0000FFFFFFFFFFFFFFFFFFFFFFFFFFFFFFFFFFFFFFFFFFFFFFFFFFFFFFFFFFFFFFFFF1
:200F2000FFFFFFFFFFFFFFFFFFFFFFFFFFFFFFFFFFFFFFFFFFFFFFFFFFFFFFFFFFFFFFFFD1
:200F4000FFFFFFFFFFFFFFFFFFFFFFFFFFFFFFFFFFFFFFFFFFFFFFFFFFFFFFFFFFFFFFFFB1
:200F6000FFFFFFFFFFFFFFFFFFFFFFFFFFFFFFFFFFFFFFFFFFFFFFFFFFFFFFFFFFFFFFFF91
:200F8000FFFFFFFFFFFFFFFFFFFFFFFFFFFFFFFFFFFFFFFFFFFFFFFFFFFFFFFFFFFFFFFF71
:200FA000FFFFFFFFFFFFFFFFFFFFFFFFFFFFFFFFFFFFFFFFFFFFFFFFFFFFFFFFFFFFFFFF51
:200FC000FFFFFFFFFFFFFFFFFFFFFFFFFFFFFFFFFFFFFFFFFFFFFFFFFFFFFFFFFFFFFFFF31
:200FE000FFFFFFFFFFFFFFFFFFFFFFFFFFFFFFFFFFFFFFFFFFFFFFFFFFFFFFFFFFFFFFFF11
:20100000FFFFFFFFFFFFFFFFFFFFFFFFFFFFFFFFFFFFFFFFFFFFFFFFFFFFFFFFFFFFFFFFF0
:20102000FFFFFFFFFFFFFFFFFFFFFFFFFFFFFFFFFFFFFFFFFFFFFFFFFFFFFFFFFFFFFFFFD0
:20104000FFFFFFFFFFFFFFFFFFFFFFFFFFFFFFFFFFFFFFFFFFFFFFFFFFFFFFFFFFFFFFFFB0
:20106000FFFFFFFFFFFFFFFFFFFFFFFFFFFFFFFFFFFFFFFFFFFFFFFFFFFFFFFFFFFFFFFF90
:20108000FFFFFFFFFFFFFFFFFFFFFFFFFFFFFFFFFFFFFFFFFFFFFFFFFFFFFFFFFFFFFFFF70
:2010A000FFFFFFFFFFFFFFFFFFFFFFFFFFFFFFFFFFFFFFFFFFFFFFFFFFFFFFFFFFFFFFFF50
:2010C000FFFFFFFFFFFFFFFFFFFFFFFFFFFFFFFFFFFFFFFFFFFFFFFFFFFFFFFFFFFFFFFF30
:2010E000FFFFFFFFFFFFFFFFFFFFFFFFFFFFFFFFFFFFFFFFFFFFFFFFFFFFFFFFFFFFFFFF10
:20110000FFFFFFFFFFFFFFFFFFFFFFFFFFFFFFFFFFFFFFFFFFFFFFFFFFFFFFFFFFFFFFFFEF
:20112000FFFFFFFFFFFFFFFFFFFFFFFFFFFFFFFFFFFFFFFFFFFFFFFFFFFFFFFFFFFFFFFFCF
:20114000FFFFFFFFFFFFFFFFFFFFFFFFFFFFFFFFFFFFFFFFFFFFFFFFFFFFFFFFFFFFFFFFAF
:20116000FFFFFFFFFFFFFFFFFFFFFFFFFFFFFFFFFFFFFFFFFFFFFFFFFFFFFFFFFFFFFFFF8F
:20118000FFFFFFFFFFFFFFFFFFFFFFFFFFFFFFFFFFFFFFFFFFFFFFFFFFFFFFFFFFFFFFFF6F
:2011A000FFFFFFFFFFFFFFFFFFFFFFFFFFFFFFFFFFFFFFFFFFFFFFFFFFFFFFFFFFFFFFFF4F
:2011C000FFFFFFFFFFFFFFFFFFFFFFFFFFFFFFFFFFFFFFFFFFFFFFFFFFFFFFFFFFFFFFFF2F
:2011E000FFFFFFFFFFFFFFFFFFFFFFFFFFFFFFFFFFFFFFFFFFFFFFFFFFFFFFFFFFFFFFFF0F
:20120000FFFFFFFFFFFFFFFFFFFFFFFFFFFFFFFFFFFFFFFFFFFFFFFFFFFFFFFFFFFFFFFFEE
:20122000FFFFFFFFFFFFFFFFFFFFFFFFFFFFFFFFFFFFFFFFFFFFFFFFFFFFFFFFFFFFFFFFCE
:20124000FFFFFFFFFFFFFFFFFFFFFFFFFFFFFFFFFFFFFFFFFFFFFFFFFFFFFFFFFFFFFFFFAE
:20126000FFFFFFFFFFFFFFFFFFFFFFFFFFFFFFFFFFFFFFFFFFFFFFFFFFFFFFFFFFFFFFFF8E
:20128000FFFFFFFFFFFFFFFFFFFFFFFFFFFFFFFFFFFFFFFFFFFFFFFFFFFFFFFFFFFFFFFF6E
:2012A000FFFFFFFFFFFFFFFFFFFFFFFFFFFFFFFFFFFFFFFFFFFFFFFFFFFFFFFFFFFFFFFF4E
:2012C000FFFFFFFFFFFFFFFFFFFFFFFFFFFFFFFFFFFFFFFFFFFFFFFFFFFFFFFFFFFFFFFF2E
:2012E000FFFFFFFFFFFFFFFFFFFFFFFFFFFFFFFFFFFFFFFFFFFFFFFFFFFFFFFFFFFFFFFF0E
:20130000FFFFFFFFFFFFFFFFFFFFFFFFFFFFFFFFFFFFFFFFFFFFFFFFFFFFFFFFFFFFFFFFED
:20132000FFFFFFFFFFFFFFFFFFFFFFFFFFFFFFFFFFFFFFFFFFFFFFFFFFFFFFFFFFFFFFFFCD
:20134000FFFFFFFFFFFFFFFFFFFFFFFFFFFFFFFFFFFFFFFFFFFFFFFFFFFFFFFFFFFFFFFFAD
:20136000FFFFFFFFFFFFFFFFFFFFFFFFFFFFFFFFFFFFFFFFFFFFFFFFFFFFFFFFFFFFFFFF8D
:20138000FFFFFFFFFFFFFFFFFFFFFFFFFFFFFFFFFFFFFFFFFFFFFFFFFFFFFFFFFFFFFFFF6D
:2013A000FFFFFFFFFFFFFFFFFFFFFFFFFFFFFFFFFFFFFFFFFFFFFFFFFFFFFFFFFFFFFFFF4D
:2013C000FFFFFFFFFFFFFFFFFFFFFFFFFFFFFFFFFFFFFFFFFFFFFFFFFFFFFFFFFFFFFFFF2D
:2013E000FFFFFFFFFFFFFFFFFFFFFFFFFFFFFFFFFFFFFFFFFFFFFFFFFFFFFFFFFFFFFFFF0D
:20140000FFFFFFFFFFFFFFFFFFFFFFFFFFFFFFFFFFFFFFFFFFFFFFFFFFFFFFFFFFFFFFFFEC
:20142000FFFFFFFFFFFFFFFFFFFFFFFFFFFFFFFFFFFFFFFFFFFFFFFFFFFFFFFFFFFFFFFFCC
:20144000FFFFFFFFFFFFFFFFFFFFFFFFFFFFFFFFFFFFFFFFFFFFFFFFFFFFFFFFFFFFFFFFAC
:20146000FFFFFFFFFFFFFFFFFFFFFFFFFFFFFFFFFFFFFFFFFFFFFFFFFFFFFFFFFFFFFFFF8C
:20148000FFFFFFFFFFFFFFFFFFFFFFFFFFFFFFFFFFFFFFFFFFFFFFFFFFFFFFFFFFFFFFFF6C
:2014A000FFFFFFFFFFFFFFFFFFFFFFFFFFFFFFFFFFFFFFFFFFFFFFFFFFFFFFFFFFFFFFFF4C
:2014C000FFFFFFFFFFFFFFFFFFFFFFFFFFFFFFFFFFFFFFFFFFFFFFFFFFFFFFFFFFFFFFFF2C
:2014E000FFFFFFFFFFFFFFFFFFFFFFFFFFFFFFFFFFFFFFFFFFFFFFFFFFFFFFFFFFFFFFFF0C
:20150000FFFFFFFFFFFFFFFFFFFFFFFFFFFFFFFFFFFFFFFFFFFFFFFFFFFFFFFFFFFFFFFFEB
:20152000FFFFFFFFFFFFFFFFFFFFFFFFFFFFFFFFFFFFFFFFFFFFFFFFFFFFFFFFFFFFFFFFCB
:20154000FFFFFFFFFFFFFFFFFFFFFFFFFFFFFFFFFFFFFFFFFFFFFFFFFFFFFFFFFFFFFFFFAB
:20156000FFFFFFFFFFFFFFFFFFFFFFFFFFFFFFFFFFFFFFFFFFFFFFFFFFFFFFFFFFFFFFFF8B
:20158000FFFFFFFFFFFFFFFFFFFFFFFFFFFFFFFFFFFFFFFFFFFFFFFFFFFFFFFFFFFFFFFF6B
:2015A000FFFFFFFFFFFFFFFFFFFFFFFFFFFFFFFFFFFFFFFFFFFFFFFFFFFFFFFFFFFFFFFF4B
:2015C000FFFFFFFFFFFFFFFFFFFFFFFFFFFFFFFFFFFFFFFFFFFFFFFFFFFFFFFFFFFFFFFF2B
:2015E000FFFFFFFFFFFFFFFFFFFFFFFFFFFFFFFFFFFFFFFFFFFFFFFFFFFFFFFFFFFFFFFF0B
:20160000FFFFFFFFFFFFFFFFFFFFFFFFFFFFFFFFFFFFFFFFFFFFFFFFFFFFFFFFFFFFFFFFEA
:20162000FFFFFFFFFFFFFFFFFFFFFFFFFFFFFFFFFFFFFFFFFFFFFFFFFFFFFFFFFFFFFFFFCA
:20164000FFFFFFFFFFFFFFFFFFFFFFFFFFFFFFFFFFFFFFFFFFFFFFFFFFFFFFFFFFFFFFFFAA
:20166000FFFFFFFFFFFFFFFFFFFFFFFFFFFFFFFFFFFFFFFFFFFFFFFFFFFFFFFFFFFFFFFF8A
:20168000FFFFFFFFFFFFFFFFFFFFFFFFFFFFFFFFFFFFFFFFFFFFFFFFFFFFFFFFFFFFFFFF6A
:2016A000FFFFFFFFFFFFFFFFFFFFFFFFFFFFFFFFFFFFFFFFFFFFFFFFFFFFFFFFFFFFFFFF4A
:2016C000FFFFFFFFFFFFFFFFFFFFFFFFFFFFFFFFFFFFFFFFFFFFFFFFFFFFFFFFFFFFFFFF2A
:2016E000FFFFFFFFFFFFFFFFFFFFFFFFFFFFFFFFFFFFFFFFFFFFFFFFFFFFFFFFFFFFFFFF0A
:20170000FFFFFFFFFFFFFFFFFFFFFFFFFFFFFFFFFFFFFFFFFFFFFFFFFFFFFFFFFFFFFFFFE9
:20172000FFFFFFFFFFFFFFFFFFFFFFFFFFFFFFFFFFFFFFFFFFFFFFFFFFFFFFFFFFFFFFFFC9
:20174000FFFFFFFFFFFFFFFFFFFFFFFFFFFFFFFFFFFFFFFFFFFFFFFFFFFFFFFFFFFFFFFFA9
:20176000FFFFFFFFFFFFFFFFFFFFFFFFFFFFFFFFFFFFFFFFFFFFFFFFFFFFFFFFFFFFFFFF89
:20178000FFFFFFFFFFFFFFFFFFFFFFFFFFFFFFFFFFFFFFFFFFFFFFFFFFFFFFFFFFFFFFFF69
:2017A000FFFFFFFFFFFFFFFFFFFFFFFFFFFFFFFFFFFFFFFFFFFFFFFFFFFFFFFFFFFFFFFF49
:2017C000FFFFFFFFFFFFFFFFFFFFFFFFFFFFFFFFFFFFFFFFFFFFFFFFFFFFFFFFFFFFFFFF29
:2017E000FFFFFFFFFFFFFFFFFFFFFFFFFFFFFFFFFFFFFFFFFFFFFFFFFFFFFFFFFFFFFFFF09
:20180000FFFFFFFFFFFFFFFFFFFFFFFFFFFFFFFFFFFFFFFFFFFFFFFFFFFFFFFFFFFFFFFFE8
:20182000FFFFFFFFFFFFFFFFFFFFFFFFFFFFFFFFFFFFFFFFFFFFFFFFFFFFFFFFFFFFFFFFC8
:20184000FFFFFFFFFFFFFFFFFFFFFFFFFFFFFFFFFFFFFFFFFFFFFFFFFFFFFFFFFFFFFFFFA8
:20186000FFFFFFFFFFFFFFFFFFFFFFFFFFFFFFFFFFFFFFFFFFFFFFFFFFFFFFFFFFFFFFFF88
:20188000FFFFFFFFFFFFFFFFFFFFFFFFFFFFFFFFFFFFFFFFFFFFFFFFFFFFFFFFFFFFFFFF68
:2018A000FFFFFFFFFFFFFFFFFFFFFFFFFFFFFFFFFFFFFFFFFFFFFFFFFFFFFFFFFFFFFFFF48
:2018C000FFFFFFFFFFFFFFFFFFFFFFFFFFFFFFFFFFFFFFFFFFFFFFFFFFFFFFFFFFFFFFFF28
:2018E000FFFFFFFFFFFFFFFFFFFFFFFFFFFFFFFFFFFFFFFFFFFFFFFFFFFFFFFFFFFFFFFF08
:20190000FFFFFFFFFFFFFFFFFFFFFFFFFFFFFFFFFFFFFFFFFFFFFFFFFFFFFFFFFFFFFFFFE7
:20192000FFFFFFFFFFFFFFFFFFFFFFFFFFFFFFFFFFFFFFFFFFFFFFFFFFFFFFFFFFFFFFFFC7
:20194000FFFFFFFFFFFFFFFFFFFFFFFFFFFFFFFFFFFFFFFFFFFFFFFFFFFFFFFFFFFFFFFFA7
:20196000FFFFFFFFFFFFFFFFFFFFFFFFFFFFFFFFFFFFFFFFFFFFFFFFFFFFFFFFFFFFFFFF87
:20198000FFFFFFFFFFFFFFFFFFFFFFFFFFFFFFFFFFFFFFFFFFFFFFFFFFFFFFFFFFFFFFFF67
:2019A000FFFFFFFFFFFFFFFFFFFFFFFFFFFFFFFFFFFFFFFFFFFFFFFFFFFFFFFFFFFFFFFF47
:2019C000FFFFFFFFFFFFFFFFFFFFFFFFFFFFFFFFFFFFFFFFFFFFFFFFFFFFFFFFFFFFFFFF27
:2019E000FFFFFFFFFFFFFFFFFFFFFFFFFFFFFFFFFFFFFFFFFFFFFFFFFFFFFFFFFFFFFFFF07
:201A0000FFFFFFFFFFFFFFFFFFFFFFFFFFFFFFFFFFFFFFFFFFFFFFFFFFFFFFFFFFFFFFFFE6
:201A2000FFFFFFFFFFFFFFFFFFFFFFFFFFFFFFFFFFFFFFFFFFFFFFFFFFFFFFFFFFFFFFFFC6
:201A4000FFFFFFFFFFFFFFFFFFFFFFFFFFFFFFFFFFFFFFFFFFFFFFFFFFFFFFFFFFFFFFFFA6
:201A6000FFFFFFFFFFFFFFFFFFFFFFFFFFFFFFFFFFFFFFFFFFFFFFFFFFFFFFFFFFFFFFFF86
:201A8000FFFFFFFFFFFFFFFFFFFFFFFFFFFFFFFFFFFFFFFFFFFFFFFFFFFFFFFFFFFFFFFF66
:201AA000FFFFFFFFFFFFFFFFFFFFFFFFFFFFFFFFFFFFFFFFFFFFFFFFFFFFFFFFFFFFFFFF46
:201AC000FFFFFFFFFFFFFFFFFFFFFFFFFFFFFFFFFFFFFFFFFFFFFFFFFFFFFFFFFFFFFFFF26
:201AE000FFFFFFFFFFFFFFFFFFFFFFFFFFFFFFFFFFFFFFFFFFFFFFFFFFFFFFFFFFFFFFFF06
:201B0000FFFFFFFFFFFFFFFFFFFFFFFFFFFFFFFFFFFFFFFFFFFFFFFFFFFFFFFFFFFFFFFFE5
:201B2000FFFFFFFFFFFFFFFFFFFFFFFFFFFFFFFFFFFFFFFFFFFFFFFFFFFFFFFFFFFFFFFFC5
:201B4000FFFFFFFFFFFFFFFFFFFFFFFFFFFFFFFFFFFFFFFFFFFFFFFFFFFFFFFFFFFFFFFFA5
:201B6000FFFFFFFFFFFFFFFFFFFFFFFFFFFFFFFFFFFFFFFFFFFFFFFFFFFFFFFFFFFFFFFF85
:201B8000FFFFFFFFFFFFFFFFFFFFFFFFFFFFFFFFFFFFFFFFFFFFFFFFFFFFFFFFFFFFFFFF65
:201BA000FFFFFFFFFFFFFFFFFFFFFFFFFFFFFFFFFFFFFFFFFFFFFFFFFFFFFFFFFFFFFFFF45
:201BC000FFFFFFFFFFFFFFFFFFFFFFFFFFFFFFFFFFFFFFFFFFFFFFFFFFFFFFFFFFFFFFFF25
:201BE000FFFFFFFFFFFFFFFFFFFFFFFFFFFFFFFFFFFFFFFFFFFFFFFFFFFFFFFFFFFFFFFF05
:201C0000FFFFFFFFFFFFFFFFFFFFFFFFFFFFFFFFFFFFFFFFFFFFFFFFFFFFFFFFFFFFFFFFE4
:201C2000FFFFFFFFFFFFFFFFFFFFFFFFFFFFFFFFFFFFFFFFFFFFFFFFFFFFFFFFFFFFFFFFC4
:201C4000FFFFFFFFFFFFFFFFFFFFFFFFFFFFFFFFFFFFFFFFFFFFFFFFFFFFFFFFFFFFFFFFA4
:201C6000FFFFFFFFFFFFFFFFFFFFFFFFFFFFFFFFFFFFFFFFFFFFFFFFFFFFFFFFFFFFFFFF84
:201C8000FFFFFFFFFFFFFFFFFFFFFFFFFFFFFFFFFFFFFFFFFFFFFFFFFFFFFFFFFFFFFFFF64
:201CA000FFFFFFFFFFFFFFFFFFFFFFFFFFFFFFFFFFFFFFFFFFFFFFFFFFFFFFFFFFFFFFFF44
:201CC000FFFFFFFFFFFFFFFFFFFFFFFFFFFFFFFFFFFFFFFFFFFFFFFFFFFFFFFFFFFFFFFF24
:201CE000FFFFFFFFFFFFFFFFFFFFFFFFFFFFFFFFFFFFFFFFFFFFFFFFFFFFFFFFFFFFFFFF04
:201D0000FFFFFFFFFFFFFFFFFFFFFFFFFFFFFFFFFFFFFFFFFFFFFFFFFFFFFFFFFFFFFFFFE3
:201D2000FFFFFFFFFFFFFFFFFFFFFFFFFFFFFFFFFFFFFFFFFFFFFFFFFFFFFFFFFFFFFFFFC3
:201D4000FFFFFFFFFFFFFFFFFFFFFFFFFFFFFFFFFFFFFFFFFFFFFFFFFFFFFFFFFFFFFFFFA3
:201D6000FFFFFFFFFFFFFFFFFFFFFFFFFFFFFFFFFFFFFFFFFFFFFFFFFFFFFFFFFFFFFFFF83
:201D8000FFFFFFFFFFFFFFFFFFFFFFFFFFFFFFFFFFFFFFFFFFFFFFFFFFFFFFFFFFFFFFFF63
:201DA000FFFFFFFFFFFFFFFFFFFFFFFFFFFFFFFFFFFFFFFFFFFFFFFFFFFFFFFFFFFFFFFF43
:201DC000FFFFFFFFFFFFFFFFFFFFFFFFFFFFFFFFFFFFFFFFFFFFFFFFFFFFFFFFFFFFFFFF23
:201DE000FFFFFFFFFFFFFFFFFFFFFFFFFFFFFFFFFFFFFFFFFFFFFFFFFFFFFFFFFFFFFFFF03
:201E0000FFFFFFFFFFFFFFFFFFFFFFFFFFFFFFFFFFFFFFFFFFFFFFFFFFFFFFFFFFFFFFFFE2
:201E2000FFFFFFFFFFFFFFFFFFFFFFFFFFFFFFFFFFFFFFFFFFFFFFFFFFFFFFFFFFFFFFFFC2
:201E4000FFFFFFFFFFFFFFFFFFFFFFFFFFFFFFFFFFFFFFFFFFFFFFFFFFFFFFFFFFFFFFFFA2
:201E6000FFFFFFFFFFFFFFFFFFFFFFFFFFFFFFFFFFFFFFFFFFFFFFFFFFFFFFFFFFFFFFFF82
:201E8000FFFFFFFFFFFFFFFFFFFFFFFFFFFFFFFFFFFFFFFFFFFFFFFFFFFFFFFFFFFFFFFF62
:201EA000FFFFFFFFFFFFFFFFFFFFFFFFFFFFFFFFFFFFFFFFFFFFFFFFFFFFFFFFFFFFFFFF42
:201EC000FFFFFFFFFFFFFFFFFFFFFFFFFFFFFFFFFFFFFFFFFFFFFFFFFFFFFFFFFFFFFFFF22
:201EE000FFFFFFFFFFFFFFFFFFFFFFFFFFFFFFFFFFFFFFFFFFFFFFFFFFFFFFFFFFFFFFFF02
:201F0000FFFFFFFFFFFFFFFFFFFFFFFFFFFFFFFFFFFFFFFFFFFFFFFFFFFFFFFFFFFFFFFFE1
:201F2000FFFFFFFFFFFFFFFFFFFFFFFFFFFFFFFFFFFFFFFFFFFFFFFFFFFFFFFFFFFFFFFFC1
:201F4000FFFFFFFFFFFFFFFFFFFFFFFFFFFFFFFFFFFFFFFFFFFFFFFFFFFFFFFFFFFFFFFFA1
:201F6000FFFFFFFFFFFFFFFFFFFFFFFFFFFFFFFFFFFFFFFFFFFFFFFFFFFFFFFFFFFFFFFF81
:201F8000FFFFFFFFFFFFFFFFFFFFFFFFFFFFFFFFFFFFFFFFFFFFFFFFFFFFFFFFFFFFFFFF61
:201FA000FFFFFFFFFFFFFFFFFFFFFFFFFFFFFFFFFFFFFFFFFFFFFFFFFFFFFFFFFFFFFFFF41
:201FC000FFFFFFFFFFFFFFFFFFFFFFFFFFFFFFFFFFFFFFFFFFFFFFFFFFFFFFFFFFFFFFFF21
:201FE000FFFFFFFFFFFFFFFFFFFFFFFFFFFFFFFFFFFFFFFFFFFFFFFFFFFFFFFFFFFFFFFF01
:20200000FFFFFFFFFFFFFFFFFFFFFFFFFFFFFFFFFFFFFFFFFFFFFFFFFFFFFFFFFFFFFFFFE0
:20202000FFFFFFFFFFFFFFFFFFFFFFFFFFFFFFFFFFFFFFFFFFFFFFFFFFFFFFFFFFFFFFFFC0
:20204000FFFFFFFFFFFFFFFFFFFFFFFFFFFFFFFFFFFFFFFFFFFFFFFFFFFFFFFFFFFFFFFFA0
:20206000FFFFFFFFFFFFFFFFFFFFFFFFFFFFFFFFFFFFFFFFFFFFFFFFFFFFFFFFFFFFFFFF80
:20208000FFFFFFFFFFFFFFFFFFFFFFFFFFFFFFFFFFFFFFFFFFFFFFFFFFFFFFFFFFFFFFFF60
:2020A000FFFFFFFFFFFFFFFFFFFFFFFFFFFFFFFFFFFFFFFFFFFFFFFFFFFFFFFFFFFFFFFF40
:2020C000FFFFFFFFFFFFFFFFFFFFFFFFFFFFFFFFFFFFFFFFFFFFFFFFFFFFFFFFFFFFFFFF20
:2020E000FFFFFFFFFFFFFFFFFFFFFFFFFFFFFFFFFFFFFFFFFFFFFFFFFFFFFFFFFFFFFFFF00
:20210000FFFFFFFFFFFFFFFFFFFFFFFFFFFFFFFFFFFFFFFFFFFFFFFFFFFFFFFFFFFFFFFFDF
:20212000FFFFFFFFFFFFFFFFFFFFFFFFFFFFFFFFFFFFFFFFFFFFFFFFFFFFFFFFFFFFFFFFBF
:20214000FFFFFFFFFFFFFFFFFFFFFFFFFFFFFFFFFFFFFFFFFFFFFFFFFFFFFFFFFFFFFFFF9F
:20216000FFFFFFFFFFFFFFFFFFFFFFFFFFFFFFFFFFFFFFFFFFFFFFFFFFFFFFFFFFFFFFFF7F
:20218000FFFFFFFFFFFFFFFFFFFFFFFFFFFFFFFFFFFFFFFFFFFFFFFFFFFFFFFFFFFFFFFF5F
:2021A000FFFFFFFFFFFFFFFFFFFFFFFFFFFFFFFFFFFFFFFFFFFFFFFFFFFFFFFFFFFFFFFF3F
:2021C000FFFFFFFFFFFFFFFFFFFFFFFFFFFFFFFFFFFFFFFFFFFFFFFFFFFFFFFFFFFFFFFF1F
:2021E000FFFFFFFFFFFFFFFFFFFFFFFFFFFFFFFFFFFFFFFFFFFFFFFFFFFFFFFFFFFFFFFFFF
:20220000FFFFFFFFFFFFFFFFFFFFFFFFFFFFFFFFFFFFFFFFFFFFFFFFFFFFFFFFFFFFFFFFDE
:20222000FFFFFFFFFFFFFFFFFFFFFFFFFFFFFFFFFFFFFFFFFFFFFFFFFFFFFFFFFFFFFFFFBE
:20224000FFFFFFFFFFFFFFFFFFFFFFFFFFFFFFFFFFFFFFFFFFFFFFFFFFFFFFFFFFFFFFFF9E
:20226000FFFFFFFFFFFFFFFFFFFFFFFFFFFFFFFFFFFFFFFFFFFFFFFFFFFFFFFFFFFFFFFF7E
:20228000FFFFFFFFFFFFFFFFFFFFFFFFFFFFFFFFFFFFFFFFFFFFFFFFFFFFFFFFFFFFFFFF5E
:2022A000FFFFFFFFFFFFFFFFFFFFFFFFFFFFFFFFFFFFFFFFFFFFFFFFFFFFFFFFFFFFFFFF3E
:2022C000FFFFFFFFFFFFFFFFFFFFFFFFFFFFFFFFFFFFFFFFFFFFFFFFFFFFFFFFFFFFFFFF1E
:2022E000FFFFFFFFFFFFFFFFFFFFFFFFFFFFFFFFFFFFFFFFFFFFFFFFFFFFFFFFFFFFFFFFFE
:20230000FFFFFFFFFFFFFFFFFFFFFFFFFFFFFFFFFFFFFFFFFFFFFFFFFFFFFFFFFFFFFFFFDD
:20232000FFFFFFFFFFFFFFFFFFFFFFFFFFFFFFFFFFFFFFFFFFFFFFFFFFFFFFFFFFFFFFFFBD
:20234000FFFFFFFFFFFFFFFFFFFFFFFFFFFFFFFFFFFFFFFFFFFFFFFFFFFFFFFFFFFFFFFF9D
:20236000FFFFFFFFFFFFFFFFFFFFFFFFFFFFFFFFFFFFFFFFFFFFFFFFFFFFFFFFFFFFFFFF7D
:20238000FFFFFFFFFFFFFFFFFFFFFFFFFFFFFFFFFFFFFFFFFFFFFFFFFFFFFFFFFFFFFFFF5D
:2023A000FFFFFFFFFFFFFFFFFFFFFFFFFFFFFFFFFFFFFFFFFFFFFFFFFFFFFFFFFFFFFFFF3D
:2023C000FFFFFFFFFFFFFFFFFFFFFFFFFFFFFFFFFFFFFFFFFFFFFFFFFFFFFFFFFFFFFFFF1D
:2023E000FFFFFFFFFFFFFFFFFFFFFFFFFFFFFFFFFFFFFFFFFFFFFFFFFFFFFFFFFFFFFFFFFD
:20240000FFFFFFFFFFFFFFFFFFFFFFFFFFFFFFFFFFFFFFFFFFFFFFFFFFFFFFFFFFFFFFFFDC
:20242000FFFFFFFFFFFFFFFFFFFFFFFFFFFFFFFFFFFFFFFFFFFFFFFFFFFFFFFFFFFFFFFFBC
:20244000FFFFFFFFFFFFFFFFFFFFFFFFFFFFFFFFFFFFFFFFFFFFFFFFFFFFFFFFFFFFFFFF9C
:20246000FFFFFFFFFFFFFFFFFFFFFFFFFFFFFFFFFFFFFFFFFFFFFFFFFFFFFFFFFFFFFFFF7C
:20248000FFFFFFFFFFFFFFFFFFFFFFFFFFFFFFFFFFFFFFFFFFFFFFFFFFFFFFFFFFFFFFFF5C
:2024A000FFFFFFFFFFFFFFFFFFFFFFFFFFFFFFFFFFFFFFFFFFFFFFFFFFFFFFFFFFFFFFFF3C
:2024C000FFFFFFFFFFFFFFFFFFFFFFFFFFFFFFFFFFFFFFFFFFFFFFFFFFFFFFFFFFFFFFFF1C
:2024E000FFFFFFFFFFFFFFFFFFFFFFFFFFFFFFFFFFFFFFFFFFFFFFFFFFFFFFFFFFFFFFFFFC
:20250000FFFFFFFFFFFFFFFFFFFFFFFFFFFFFFFFFFFFFFFFFFFFFFFFFFFFFFFFFFFFFFFFDB
:20252000FFFFFFFFFFFFFFFFFFFFFFFFFFFFFFFFFFFFFFFFFFFFFFFFFFFFFFFFFFFFFFFFBB
:20254000FFFFFFFFFFFFFFFFFFFFFFFFFFFFFFFFFFFFFFFFFFFFFFFFFFFFFFFFFFFFFFFF9B
:20256000FFFFFFFFFFFFFFFFFFFFFFFFFFFFFFFFFFFFFFFFFFFFFFFFFFFFFFFFFFFFFFFF7B
:20258000FFFFFFFFFFFFFFFFFFFFFFFFFFFFFFFFFFFFFFFFFFFFFFFFFFFFFFFFFFFFFFFF5B
:2025A000FFFFFFFFFFFFFFFFFFFFFFFFFFFFFFFFFFFFFFFFFFFFFFFFFFFFFFFFFFFFFFFF3B
:2025C000FFFFFFFFFFFFFFFFFFFFFFFFFFFFFFFFFFFFFFFFFFFFFFFFFFFFFFFFFFFFFFFF1B
:2025E000FFFFFFFFFFFFFFFFFFFFFFFFFFFFFFFFFFFFFFFFFFFFFFFFFFFFFFFFFFFFFFFFFB
:20260000FFFFFFFFFFFFFFFFFFFFFFFFFFFFFFFFFFFFFFFFFFFFFFFFFFFFFFFFFFFFFFFFDA
:20262000FFFFFFFFFFFFFFFFFFFFFFFFFFFFFFFFFFFFFFFFFFFFFFFFFFFFFFFFFFFFFFFFBA
:20264000FFFFFFFFFFFFFFFFFFFFFFFFFFFFFFFFFFFFFFFFFFFFFFFFFFFFFFFFFFFFFFFF9A
:20266000FFFFFFFFFFFFFFFFFFFFFFFFFFFFFFFFFFFFFFFFFFFFFFFFFFFFFFFFFFFFFFFF7A
:20268000FFFFFFFFFFFFFFFFFFFFFFFFFFFFFFFFFFFFFFFFFFFFFFFFFFFFFFFFFFFFFFFF5A
:2026A000FFFFFFFFFFFFFFFFFFFFFFFFFFFFFFFFFFFFFFFFFFFFFFFFFFFFFFFFFFFFFFFF3A
:2026C000FFFFFFFFFFFFFFFFFFFFFFFFFFFFFFFFFFFFFFFFFFFFFFFFFFFFFFFFFFFFFFFF1A
:2026E000FFFFFFFFFFFFFFFFFFFFFFFFFFFFFFFFFFFFFFFFFFFFFFFFFFFFFFFFFFFFFFFFFA
:20270000FFFFFFFFFFFFFFFFFFFFFFFFFFFFFFFFFFFFFFFFFFFFFFFFFFFFFFFFFFFFFFFFD9
:20272000FFFFFFFFFFFFFFFFFFFFFFFFFFFFFFFFFFFFFFFFFFFFFFFFFFFFFFFFFFFFFFFFB9
:20274000FFFFFFFFFFFFFFFFFFFFFFFFFFFFFFFFFFFFFFFFFFFFFFFFFFFFFFFFFFFFFFFF99
:20276000FFFFFFFFFFFFFFFFFFFFFFFFFFFFFFFFFFFFFFFFFFFFFFFFFFFFFFFFFFFFFFFF79
:20278000FFFFFFFFFFFFFFFFFFFFFFFFFFFFFFFFFFFFFFFFFFFFFFFFFFFFFFFFFFFFFFFF59
:2027A000FFFFFFFFFFFFFFFFFFFFFFFFFFFFFFFFFFFFFFFFFFFFFFFFFFFFFFFFFFFFFFFF39
:2027C000FFFFFFFFFFFFFFFFFFFFFFFFFFFFFFFFFFFFFFFFFFFFFFFFFFFFFFFFFFFFFFFF19
:2027E000FFFFFFFFFFFFFFFFFFFFFFFFFFFFFFFFFFFFFFFFFFFFFFFFFFFFFFFFFFFFFFFFF9
:20280000FFFFFFFFFFFFFFFFFFFFFFFFFFFFFFFFFFFFFFFFFFFFFFFFFFFFFFFFFFFFFFFFD8
:20282000FFFFFFFFFFFFFFFFFFFFFFFFFFFFFFFFFFFFFFFFFFFFFFFFFFFFFFFFFFFFFFFFB8
:20284000FFFFFFFFFFFFFFFFFFFFFFFFFFFFFFFFFFFFFFFFFFFFFFFFFFFFFFFFFFFFFFFF98
:20286000FFFFFFFFFFFFFFFFFFFFFFFFFFFFFFFFFFFFFFFFFFFFFFFFFFFFFFFFFFFFFFFF78
:20288000FFFFFFFFFFFFFFFFFFFFFFFFFFFFFFFFFFFFFFFFFFFFFFFFFFFFFFFFFFFFFFFF58
:2028A000FFFFFFFFFFFFFFFFFFFFFFFFFFFFFFFFFFFFFFFFFFFFFFFFFFFFFFFFFFFFFFFF38
:2028C000FFFFFFFFFFFFFFFFFFFFFFFFFFFFFFFFFFFFFFFFFFFFFFFFFFFFFFFFFFFFFFFF18
:2028E000FFFFFFFFFFFFFFFFFFFFFFFFFFFFFFFFFFFFFFFFFFFFFFFFFFFFFFFFFFFFFFFFF8
:20290000FFFFFFFFFFFFFFFFFFFFFFFFFFFFFFFFFFFFFFFFFFFFFFFFFFFFFFFFFFFFFFFFD7
:20292000FFFFFFFFFFFFFFFFFFFFFFFFFFFFFFFFFFFFFFFFFFFFFFFFFFFFFFFFFFFFFFFFB7
:20294000FFFFFFFFFFFFFFFFFFFFFFFFFFFFFFFFFFFFFFFFFFFFFFFFFFFFFFFFFFFFFFFF97
:20296000FFFFFFFFFFFFFFFFFFFFFFFFFFFFFFFFFFFFFFFFFFFFFFFFFFFFFFFFFFFFFFFF77
:20298000FFFFFFFFFFFFFFFFFFFFFFFFFFFFFFFFFFFFFFFFFFFFFFFFFFFFFFFFFFFFFFFF57
:2029A000FFFFFFFFFFFFFFFFFFFFFFFFFFFFFFFFFFFFFFFFFFFFFFFFFFFFFFFFFFFFFFFF37
:2029C000FFFFFFFFFFFFFFFFFFFFFFFFFFFFFFFFFFFFFFFFFFFFFFFFFFFFFFFFFFFFFFFF17
:2029E000FFFFFFFFFFFFFFFFFFFFFFFFFFFFFFFFFFFFFFFFFFFFFFFFFFFFFFFFFFFFFFFFF7
:202A0000FFFFFFFFFFFFFFFFFFFFFFFFFFFFFFFFFFFFFFFFFFFFFFFFFFFFFFFFFFFFFFFFD6
:202A2000FFFFFFFFFFFFFFFFFFFFFFFFFFFFFFFFFFFFFFFFFFFFFFFFFFFFFFFFFFFFFFFFB6
:202A4000FFFFFFFFFFFFFFFFFFFFFFFFFFFFFFFFFFFFFFFFFFFFFFFFFFFFFFFFFFFFFFFF96
:202A6000FFFFFFFFFFFFFFFFFFFFFFFFFFFFFFFFFFFFFFFFFFFFFFFFFFFFFFFFFFFFFFFF76
:202A8000FFFFFFFFFFFFFFFFFFFFFFFFFFFFFFFFFFFFFFFFFFFFFFFFFFFFFFFFFFFFFFFF56
:202AA000FFFFFFFFFFFFFFFFFFFFFFFFFFFFFFFFFFFFFFFFFFFFFFFFFFFFFFFFFFFFFFFF36
:202AC000FFFFFFFFFFFFFFFFFFFFFFFFFFFFFFFFFFFFFFFFFFFFFFFFFFFFFFFFFFFFFFFF16
:202AE000FFFFFFFFFFFFFFFFFFFFFFFFFFFFFFFFFFFFFFFFFFFFFFFFFFFFFFFFFFFFFFFFF6
:202B0000FFFFFFFFFFFFFFFFFFFFFFFFFFFFFFFFFFFFFFFFFFFFFFFFFFFFFFFFFFFFFFFFD5
:202B2000FFFFFFFFFFFFFFFFFFFFFFFFFFFFFFFFFFFFFFFFFFFFFFFFFFFFFFFFFFFFFFFFB5
:202B4000FFFFFFFFFFFFFFFFFFFFFFFFFFFFFFFFFFFFFFFFFFFFFFFFFFFFFFFFFFFFFFFF95
:202B6000FFFFFFFFFFFFFFFFFFFFFFFFFFFFFFFFFFFFFFFFFFFFFFFFFFFFFFFFFFFFFFFF75
:202B8000FFFFFFFFFFFFFFFFFFFFFFFFFFFFFFFFFFFFFFFFFFFFFFFFFFFFFFFFFFFFFFFF55
:202BA000FFFFFFFFFFFFFFFFFFFFFFFFFFFFFFFFFFFFFFFFFFFFFFFFFFFFFFFFFFFFFFFF35
:202BC000FFFFFFFFFFFFFFFFFFFFFFFFFFFFFFFFFFFFFFFFFFFFFFFFFFFFFFFFFFFFFFFF15
:202BE000FFFFFFFFFFFFFFFFFFFFFFFFFFFFFFFFFFFFFFFFFFFFFFFFFFFFFFFFFFFFFFFFF5
:202C0000FFFFFFFFFFFFFFFFFFFFFFFFFFFFFFFFFFFFFFFFFFFFFFFFFFFFFFFFFFFFFFFFD4
:202C2000FFFFFFFFFFFFFFFFFFFFFFFFFFFFFFFFFFFFFFFFFFFFFFFFFFFFFFFFFFFFFFFFB4
:202C4000FFFFFFFFFFFFFFFFFFFFFFFFFFFFFFFFFFFFFFFFFFFFFFFFFFFFFFFFFFFFFFFF94
:202C6000FFFFFFFFFFFFFFFFFFFFFFFFFFFFFFFFFFFFFFFFFFFFFFFFFFFFFFFFFFFFFFFF74
:202C8000FFFFFFFFFFFFFFFFFFFFFFFFFFFFFFFFFFFFFFFFFFFFFFFFFFFFFFFFFFFFFFFF54
:202CA000FFFFFFFFFFFFFFFFFFFFFFFFFFFFFFFFFFFFFFFFFFFFFFFFFFFFFFFFFFFFFFFF34
:202CC000FFFFFFFFFFFFFFFFFFFFFFFFFFFFFFFFFFFFFFFFFFFFFFFFFFFFFFFFFFFFFFFF14
:202CE000FFFFFFFFFFFFFFFFFFFFFFFFFFFFFFFFFFFFFFFFFFFFFFFFFFFFFFFFFFFFFFFFF4
:202D0000FFFFFFFFFFFFFFFFFFFFFFFFFFFFFFFFFFFFFFFFFFFFFFFFFFFFFFFFFFFFFFFFD3
:202D2000FFFFFFFFFFFFFFFFFFFFFFFFFFFFFFFFFFFFFFFFFFFFFFFFFFFFFFFFFFFFFFFFB3
:202D4000FFFFFFFFFFFFFFFFFFFFFFFFFFFFFFFFFFFFFFFFFFFFFFFFFFFFFFFFFFFFFFFF93
:202D6000FFFFFFFFFFFFFFFFFFFFFFFFFFFFFFFFFFFFFFFFFFFFFFFFFFFFFFFFFFFFFFFF73
:202D8000FFFFFFFFFFFFFFFFFFFFFFFFFFFFFFFFFFFFFFFFFFFFFFFFFFFFFFFFFFFFFFFF53
:202DA000FFFFFFFFFFFFFFFFFFFFFFFFFFFFFFFFFFFFFFFFFFFFFFFFFFFFFFFFFFFFFFFF33
:202DC000FFFFFFFFFFFFFFFFFFFFFFFFFFFFFFFFFFFFFFFFFFFFFFFFFFFFFFFFFFFFFFFF13
:202DE000FFFFFFFFFFFFFFFFFFFFFFFFFFFFFFFFFFFFFFFFFFFFFFFFFFFFFFFFFFFFFFFFF3
:202E0000FFFFFFFFFFFFFFFFFFFFFFFFFFFFFFFFFFFFFFFFFFFFFFFFFFFFFFFFFFFFFFFFD2
:202E2000FFFFFFFFFFFFFFFFFFFFFFFFFFFFFFFFFFFFFFFFFFFFFFFFFFFFFFFFFFFFFFFFB2
:202E4000FFFFFFFFFFFFFFFFFFFFFFFFFFFFFFFFFFFFFFFFFFFFFFFFFFFFFFFFFFFFFFFF92
:202E6000FFFFFFFFFFFFFFFFFFFFFFFFFFFFFFFFFFFFFFFFFFFFFFFFFFFFFFFFFFFFFFFF72
:202E8000FFFFFFFFFFFFFFFFFFFFFFFFFFFFFFFFFFFFFFFFFFFFFFFFFFFFFFFFFFFFFFFF52
:202EA000FFFFFFFFFFFFFFFFFFFFFFFFFFFFFFFFFFFFFFFFFFFFFFFFFFFFFFFFFFFFFFFF32
:202EC000FFFFFFFFFFFFFFFFFFFFFFFFFFFFFFFFFFFFFFFFFFFFFFFFFFFFFFFFFFFFFFFF12
:202EE000FFFFFFFFFFFFFFFFFFFFFFFFFFFFFFFFFFFFFFFFFFFFFFFFFFFFFFFFFFFFFFFFF2
:202F0000FFFFFFFFFFFFFFFFFFFFFFFFFFFFFFFFFFFFFFFFFFFFFFFFFFFFFFFFFFFFFFFFD1
:202F2000FFFFFFFFFFFFFFFFFFFFFFFFFFFFFFFFFFFFFFFFFFFFFFFFFFFFFFFFFFFFFFFFB1
:202F4000FFFFFFFFFFFFFFFFFFFFFFFFFFFFFFFFFFFFFFFFFFFFFFFFFFFFFFFFFFFFFFFF91
:202F6000FFFFFFFFFFFFFFFFFFFFFFFFFFFFFFFFFFFFFFFFFFFFFFFFFFFFFFFFFFFFFFFF71
:202F8000FFFFFFFFFFFFFFFFFFFFFFFFFFFFFFFFFFFFFFFFFFFFFFFFFFFFFFFFFFFFFFFF51
:202FA000FFFFFFFFFFFFFFFFFFFFFFFFFFFFFFFFFFFFFFFFFFFFFFFFFFFFFFFFFFFFFFFF31
:202FC000FFFFFFFFFFFFFFFFFFFFFFFFFFFFFFFFFFFFFFFFFFFFFFFFFFFFFFFFFFFFFFFF11
:202FE000FFFFFFFFFFFFFFFFFFFFFFFFFFFFFFFFFFFFFFFFFFFFFFFFFFFFFFFFFFFFFFFFF1
:20300000FFFFFFFFFFFFFFFFFFFFFFFFFFFFFFFFFFFFFFFFFFFFFFFFFFFFFFFFFFFFFFFFD0
:20302000FFFFFFFFFFFFFFFFFFFFFFFFFFFFFFFFFFFFFFFFFFFFFFFFFFFFFFFFFFFFFFFFB0
:20304000FFFFFFFFFFFFFFFFFFFFFFFFFFFFFFFFFFFFFFFFFFFFFFFFFFFFFFFFFFFFFFFF90
:20306000FFFFFFFFFFFFFFFFFFFFFFFFFFFFFFFFFFFFFFFFFFFFFFFFFFFFFFFFFFFFFFFF70
:20308000FFFFFFFFFFFFFFFFFFFFFFFFFFFFFFFFFFFFFFFFFFFFFFFFFFFFFFFFFFFFFFFF50
:2030A000FFFFFFFFFFFFFFFFFFFFFFFFFFFFFFFFFFFFFFFFFFFFFFFFFFFFFFFFFFFFFFFF30
:2030C000FFFFFFFFFFFFFFFFFFFFFFFFFFFFFFFFFFFFFFFFFFFFFFFFFFFFFFFFFFFFFFFF10
:2030E000FFFFFFFFFFFFFFFFFFFFFFFFFFFFFFFFFFFFFFFFFFFFFFFFFFFFFFFFFFFFFFFFF0
:20310000FFFFFFFFFFFFFFFFFFFFFFFFFFFFFFFFFFFFFFFFFFFFFFFFFFFFFFFFFFFFFFFFCF
:20312000FFFFFFFFFFFFFFFFFFFFFFFFFFFFFFFFFFFFFFFFFFFFFFFFFFFFFFFFFFFFFFFFAF
:20314000FFFFFFFFFFFFFFFFFFFFFFFFFFFFFFFFFFFFFFFFFFFFFFFFFFFFFFFFFFFFFFFF8F
:20316000FFFFFFFFFFFFFFFFFFFFFFFFFFFFFFFFFFFFFFFFFFFFFFFFFFFFFFFFFFFFFFFF6F
:20318000FFFFFFFFFFFFFFFFFFFFFFFFFFFFFFFFFFFFFFFFFFFFFFFFFFFFFFFFFFFFFFFF4F
:2031A000FFFFFFFFFFFFFFFFFFFFFFFFFFFFFFFFFFFFFFFFFFFFFFFFFFFFFFFFFFFFFFFF2F
:2031C000FFFFFFFFFFFFFFFFFFFFFFFFFFFFFFFFFFFFFFFFFFFFFFFFFFFFFFFFFFFFFFFF0F
:2031E000FFFFFFFFFFFFFFFFFFFFFFFFFFFFFFFFFFFFFFFFFFFFFFFFFFFFFFFFFFFFFFFFEF
:20320000FFFFFFFFFFFFFFFFFFFFFFFFFFFFFFFFFFFFFFFFFFFFFFFFFFFFFFFFFFFFFFFFCE
:20322000FFFFFFFFFFFFFFFFFFFFFFFFFFFFFFFFFFFFFFFFFFFFFFFFFFFFFFFFFFFFFFFFAE
:20324000FFFFFFFFFFFFFFFFFFFFFFFFFFFFFFFFFFFFFFFFFFFFFFFFFFFFFFFFFFFFFFFF8E
:20326000FFFFFFFFFFFFFFFFFFFFFFFFFFFFFFFFFFFFFFFFFFFFFFFFFFFFFFFFFFFFFFFF6E
:20328000FFFFFFFFFFFFFFFFFFFFFFFFFFFFFFFFFFFFFFFFFFFFFFFFFFFFFFFFFFFFFFFF4E
:2032A000FFFFFFFFFFFFFFFFFFFFFFFFFFFFFFFFFFFFFFFFFFFFFFFFFFFFFFFFFFFFFFFF2E
:2032C000FFFFFFFFFFFFFFFFFFFFFFFFFFFFFFFFFFFFFFFFFFFFFFFFFFFFFFFFFFFFFFFF0E
:2032E000FFFFFFFFFFFFFFFFFFFFFFFFFFFFFFFFFFFFFFFFFFFFFFFFFFFFFFFFFFFFFFFFEE
:20330000FFFFFFFFFFFFFFFFFFFFFFFFFFFFFFFFFFFFFFFFFFFFFFFFFFFFFFFFFFFFFFFFCD
:20332000FFFFFFFFFFFFFFFFFFFFFFFFFFFFFFFFFFFFFFFFFFFFFFFFFFFFFFFFFFFFFFFFAD
:20334000FFFFFFFFFFFFFFFFFFFFFFFFFFFFFFFFFFFFFFFFFFFFFFFFFFFFFFFFFFFFFFFF8D
:20336000FFFFFFFFFFFFFFFFFFFFFFFFFFFFFFFFFFFFFFFFFFFFFFFFFFFFFFFFFFFFFFFF6D
:20338000FFFFFFFFFFFFFFFFFFFFFFFFFFFFFFFFFFFFFFFFFFFFFFFFFFFFFFFFFFFFFFFF4D
:2033A000FFFFFFFFFFFFFFFFFFFFFFFFFFFFFFFFFFFFFFFFFFFFFFFFFFFFFFFFFFFFFFFF2D
:2033C000FFFFFFFFFFFFFFFFFFFFFFFFFFFFFFFFFFFFFFFFFFFFFFFFFFFFFFFFFFFFFFFF0D
:2033E000FFFFFFFFFFFFFFFFFFFFFFFFFFFFFFFFFFFFFFFFFFFFFFFFFFFFFFFFFFFFFFFFED
:20340000FFFFFFFFFFFFFFFFFFFFFFFFFFFFFFFFFFFFFFFFFFFFFFFFFFFFFFFFFFFFFFFFCC
:20342000FFFFFFFFFFFFFFFFFFFFFFFFFFFFFFFFFFFFFFFFFFFFFFFFFFFFFFFFFFFFFFFFAC
:20344000FFFFFFFFFFFFFFFFFFFFFFFFFFFFFFFFFFFFFFFFFFFFFFFFFFFFFFFFFFFFFFFF8C
:20346000FFFFFFFFFFFFFFFFFFFFFFFFFFFFFFFFFFFFFFFFFFFFFFFFFFFFFFFFFFFFFFFF6C
:20348000FFFFFFFFFFFFFFFFFFFFFFFFFFFFFFFFFFFFFFFFFFFFFFFFFFFFFFFFFFFFFFFF4C
:2034A000FFFFFFFFFFFFFFFFFFFFFFFFFFFFFFFFFFFFFFFFFFFFFFFFFFFFFFFFFFFFFFFF2C
:2034C000FFFFFFFFFFFFFFFFFFFFFFFFFFFFFFFFFFFFFFFFFFFFFFFFFFFFFFFFFFFFFFFF0C
:2034E000FFFFFFFFFFFFFFFFFFFFFFFFFFFFFFFFFFFFFFFFFFFFFFFFFFFFFFFFFFFFFFFFEC
:20350000FFFFFFFFFFFFFFFFFFFFFFFFFFFFFFFFFFFFFFFFFFFFFFFFFFFFFFFFFFFFFFFFCB
:20352000FFFFFFFFFFFFFFFFFFFFFFFFFFFFFFFFFFFFFFFFFFFFFFFFFFFFFFFFFFFFFFFFAB
:20354000FFFFFFFFFFFFFFFFFFFFFFFFFFFFFFFFFFFFFFFFFFFFFFFFFFFFFFFFFFFFFFFF8B
:20356000FFFFFFFFFFFFFFFFFFFFFFFFFFFFFFFFFFFFFFFFFFFFFFFFFFFFFFFFFFFFFFFF6B
:20358000FFFFFFFFFFFFFFFFFFFFFFFFFFFFFFFFFFFFFFFFFFFFFFFFFFFFFFFFFFFFFFFF4B
:2035A000FFFFFFFFFFFFFFFFFFFFFFFFFFFFFFFFFFFFFFFFFFFFFFFFFFFFFFFFFFFFFFFF2B
:2035C000FFFFFFFFFFFFFFFFFFFFFFFFFFFFFFFFFFFFFFFFFFFFFFFFFFFFFFFFFFFFFFFF0B
:2035E000FFFFFFFFFFFFFFFFFFFFFFFFFFFFFFFFFFFFFFFFFFFFFFFFFFFFFFFFFFFFFFFFEB
:20360000FFFFFFFFFFFFFFFFFFFFFFFFFFFFFFFFFFFFFFFFFFFFFFFFFFFFFFFFFFFFFFFFCA
:20362000FFFFFFFFFFFFFFFFFFFFFFFFFFFFFFFFFFFFFFFFFFFFFFFFFFFFFFFFFFFFFFFFAA
:20364000FFFFFFFFFFFFFFFFFFFFFFFFFFFFFFFFFFFFFFFFFFFFFFFFFFFFFFFFFFFFFFFF8A
:20366000FFFFFFFFFFFFFFFFFFFFFFFFFFFFFFFFFFFFFFFFFFFFFFFFFFFFFFFFFFFFFFFF6A
:20368000FFFFFFFFFFFFFFFFFFFFFFFFFFFFFFFFFFFFFFFFFFFFFFFFFFFFFFFFFFFFFFFF4A
:2036A000FFFFFFFFFFFFFFFFFFFFFFFFFFFFFFFFFFFFFFFFFFFFFFFFFFFFFFFFFFFFFFFF2A
:2036C000FFFFFFFFFFFFFFFFFFFFFFFFFFFFFFFFFFFFFFFFFFFFFFFFFFFFFFFFFFFFFFFF0A
:2036E000FFFFFFFFFFFFFFFFFFFFFFFFFFFFFFFFFFFFFFFFFFFFFFFFFFFFFFFFFFFFFFFFEA
:20370000FFFFFFFFFFFFFFFFFFFFFFFFFFFFFFFFFFFFFFFFFFFFFFFFFFFFFFFFFFFFFFFFC9
:20372000FFFFFFFFFFFFFFFFFFFFFFFFFFFFFFFFFFFFFFFFFFFFFFFFFFFFFFFFFFFFFFFFA9
:20374000FFFFFFFFFFFFFFFFFFFFFFFFFFFFFFFFFFFFFFFFFFFFFFFFFFFFFFFFFFFFFFFF89
:20376000FFFFFFFFFFFFFFFFFFFFFFFFFFFFFFFFFFFFFFFFFFFFFFFFFFFFFFFFFFFFFFFF69
:20378000FFFFFFFFFFFFFFFFFFFFFFFFFFFFFFFFFFFFFFFFFFFFFFFFFFFFFFFFFFFFFFFF49
:2037A000FFFFFFFFFFFFFFFFFFFFFFFFFFFFFFFFFFFFFFFFFFFFFFFFFFFFFFFFFFFFFFFF29
:2037C000FFFFFFFFFFFFFFFFFFFFFFFFFFFFFFFFFFFFFFFFFFFFFFFFFFFFFFFFFFFFFFFF09
:2037E000FFFFFFFFFFFFFFFFFFFFFFFFFFFFFFFFFFFFFFFFFFFFFFFFFFFFFFFFFFFFFFFFE9
:20380000FFFFFFFFFFFFFFFFFFFFFFFFFFFFFFFFFFFFFFFFFFFFFFFFFFFFFFFFFFFFFFFFC8
:20382000FFFFFFFFFFFFFFFFFFFFFFFFFFFFFFFFFFFFFFFFFFFFFFFFFFFFFFFFFFFFFFFFA8
:20384000FFFFFFFFFFFFFFFFFFFFFFFFFFFFFFFFFFFFFFFFFFFFFFFFFFFFFFFFFFFFFFFF88
:20386000FFFFFFFFFFFFFFFFFFFFFFFFFFFFFFFFFFFFFFFFFFFFFFFFFFFFFFFFFFFFFFFF68
:20388000FFFFFFFFFFFFFFFFFFFFFFFFFFFFFFFFFFFFFFFFFFFFFFFFFFFFFFFFFFFFFFFF48
:2038A000FFFFFFFFFFFFFFFFFFFFFFFFFFFFFFFFFFFFFFFFFFFFFFFFFFFFFFFFFFFFFFFF28
:2038C000FFFFFFFFFFFFFFFFFFFFFFFFFFFFFFFFFFFFFFFFFFFFFFFFFFFFFFFFFFFFFFFF08
:2038E000FFFFFFFFFFFFFFFFFFFFFFFFFFFFFFFFFFFFFFFFFFFFFFFFFFFFFFFFFFFFFFFFE8
:20390000FFFFFFFFFFFFFFFFFFFFFFFFFFFFFFFFFFFFFFFFFFFFFFFFFFFFFFFFFFFFFFFFC7
:20392000FFFFFFFFFFFFFFFFFFFFFFFFFFFFFFFFFFFFFFFFFFFFFFFFFFFFFFFFFFFFFFFFA7
:20394000FFFFFFFFFFFFFFFFFFFFFFFFFFFFFFFFFFFFFFFFFFFFFFFFFFFFFFFFFFFFFFFF87
:20396000FFFFFFFFFFFFFFFFFFFFFFFFFFFFFFFFFFFFFFFFFFFFFFFFFFFFFFFFFFFFFFFF67
:20398000FFFFFFFFFFFFFFFFFFFFFFFFFFFFFFFFFFFFFFFFFFFFFFFFFFFFFFFFFFFFFFFF47
:2039A000FFFFFFFFFFFFFFFFFFFFFFFFFFFFFFFFFFFFFFFFFFFFFFFFFFFFFFFFFFFFFFFF27
:2039C000FFFFFFFFFFFFFFFFFFFFFFFFFFFFFFFFFFFFFFFFFFFFFFFFFFFFFFFFFFFFFFFF07
:2039E000FFFFFFFFFFFFFFFFFFFFFFFFFFFFFFFFFFFFFFFFFFFFFFFFFFFFFFFFFFFFFFFFE7
:203A0000FFFFFFFFFFFFFFFFFFFFFFFFFFFFFFFFFFFFFFFFFFFFFFFFFFFFFFFFFFFFFFFFC6
:203A2000FFFFFFFFFFFFFFFFFFFFFFFFFFFFFFFFFFFFFFFFFFFFFFFFFFFFFFFFFFFFFFFFA6
:203A4000FFFFFFFFFFFFFFFFFFFFFFFFFFFFFFFFFFFFFFFFFFFFFFFFFFFFFFFFFFFFFFFF86
:203A6000FFFFFFFFFFFFFFFFFFFFFFFFFFFFFFFFFFFFFFFFFFFFFFFFFFFFFFFFFFFFFFFF66
:203A8000FFFFFFFFFFFFFFFFFFFFFFFFFFFFFFFFFFFFFFFFFFFFFFFFFFFFFFFFFFFFFFFF46
:203AA000FFFFFFFFFFFFFFFFFFFFFFFFFFFFFFFFFFFFFFFFFFFFFFFFFFFFFFFFFFFFFFFF26
:203AC000FFFFFFFFFFFFFFFFFFFFFFFFFFFFFFFFFFFFFFFFFFFFFFFFFFFFFFFFFFFFFFFF06
:203AE000FFFFFFFFFFFFFFFFFFFFFFFFFFFFFFFFFFFFFFFFFFFFFFFFFFFFFFFFFFFFFFFFE6
:203B0000FFFFFFFFFFFFFFFFFFFFFFFFFFFFFFFFFFFFFFFFFFFFFFFFFFFFFFFFFFFFFFFFC5
:203B2000FFFFFFFFFFFFFFFFFFFFFFFFFFFFFFFFFFFFFFFFFFFFFFFFFFFFFFFFFFFFFFFFA5
:203B4000FFFFFFFFFFFFFFFFFFFFFFFFFFFFFFFFFFFFFFFFFFFFFFFFFFFFFFFFFFFFFFFF85
:203B6000FFFFFFFFFFFFFFFFFFFFFFFFFFFFFFFFFFFFFFFFFFFFFFFFFFFFFFFFFFFFFFFF65
:203B8000FFFFFFFFFFFFFFFFFFFFFFFFFFFFFFFFFFFFFFFFFFFFFFFFFFFFFFFFFFFFFFFF45
:203BA000FFFFFFFFFFFFFFFFFFFFFFFFFFFFFFFFFFFFFFFFFFFFFFFFFFFFFFFFFFFFFFFF25
:203BC000FFFFFFFFFFFFFFFFFFFFFFFFFFFFFFFFFFFFFFFFFFFFFFFFFFFFFFFFFFFFFFFF05
:203BE000FFFFFFFFFFFFFFFFFFFFFFFFFFFFFFFFFFFFFFFFFFFFFFFFFFFFFFFFFFFFFFFFE5
:203C0000FFFFFFFFFFFFFFFFFFFFFFFFFFFFFFFFFFFFFFFFFFFFFFFFFFFFFFFFFFFFFFFFC4
:203C2000FFFFFFFFFFFFFFFFFFFFFFFFFFFFFFFFFFFFFFFFFFFFFFFFFFFFFFFFFFFFFFFFA4
:203C4000FFFFFFFFFFFFFFFFFFFFFFFFFFFFFFFFFFFFFFFFFFFFFFFFFFFFFFFFFFFFFFFF84
:203C6000FFFFFFFFFFFFFFFFFFFFFFFFFFFFFFFFFFFFFFFFFFFFFFFFFFFFFFFFFFFFFFFF64
:203C8000FFFFFFFFFFFFFFFFFFFFFFFFFFFFFFFFFFFFFFFFFFFFFFFFFFFFFFFFFFFFFFFF44
:203CA000FFFFFFFFFFFFFFFFFFFFFFFFFFFFFFFFFFFFFFFFFFFFFFFFFFFFFFFFFFFFFFFF24
:203CC000FFFFFFFFFFFFFFFFFFFFFFFFFFFFFFFFFFFFFFFFFFFFFFFFFFFFFFFFFFFFFFFF04
:203CE000FFFFFFFFFFFFFFFFFFFFFFFFFFFFFFFFFFFFFFFFFFFFFFFFFFFFFFFFFFFFFFFFE4
:203D0000FFFFFFFFFFFFFFFFFFFFFFFFFFFFFFFFFFFFFFFFFFFFFFFFFFFFFFFFFFFFFFFFC3
:203D2000FFFFFFFFFFFFFFFFFFFFFFFFFFFFFFFFFFFFFFFFFFFFFFFFFFFFFFFFFFFFFFFFA3
:203D4000FFFFFFFFFFFFFFFFFFFFFFFFFFFFFFFFFFFFFFFFFFFFFFFFFFFFFFFFFFFFFFFF83
:203D6000FFFFFFFFFFFFFFFFFFFFFFFFFFFFFFFFFFFFFFFFFFFFFFFFFFFFFFFFFFFFFFFF63
:203D8000FFFFFFFFFFFFFFFFFFFFFFFFFFFFFFFFFFFFFFFFFFFFFFFFFFFFFFFFFFFFFFFF43
:203DA000FFFFFFFFFFFFFFFFFFFFFFFFFFFFFFFFFFFFFFFFFFFFFFFFFFFFFFFFFFFFFFFF23
:203DC000FFFFFFFFFFFFFFFFFFFFFFFFFFFFFFFFFFFFFFFFFFFFFFFFFFFFFFFFFFFFFFFF03
:203DE000FFFFFFFFFFFFFFFFFFFFFFFFFFFFFFFFFFFFFFFFFFFFFFFFFFFFFFFFFFFFFFFFE3
:203E0000FFFFFFFFFFFFFFFFFFFFFFFFFFFFFFFFFFFFFFFFFFFFFFFFFFFFFFFFFFFFFFFFC2
:203E2000FFFFFFFFFFFFFFFFFFFFFFFFFFFFFFFFFFFFFFFFFFFFFFFFFFFFFFFFFFFFFFFFA2
:203E4000FFFFFFFFFFFFFFFFFFFFFFFFFFFFFFFFFFFFFFFFFFFFFFFFFFFFFFFFFFFFFFFF82
:203E6000FFFFFFFFFFFFFFFFFFFFFFFFFFFFFFFFFFFFFFFFFFFFFFFFFFFFFFFFFFFFFFFF62
:203E8000FFFFFFFFFFFFFFFFFFFFFFFFFFFFFFFFFFFFFFFFFFFFFFFFFFFFFFFFFFFFFFFF42
:203EA000FFFFFFFFFFFFFFFFFFFFFFFFFFFFFFFFFFFFFFFFFFFFFFFFFFFFFFFFFFFFFFFF22
:203EC000FFFFFFFFFFFFFFFFFFFFFFFFFFFFFFFFFFFFFFFFFFFFFFFFFFFFFFFFFFFFFFFF02
:203EE000FFFFFFFFFFFFFFFFFFFFFFFFFFFFFFFFFFFFFFFFFFFFFFFFFFFFFFFFFFFFFFFFE2
:203F0000FFFFFFFFFFFFFFFFFFFFFFFFFFFFFFFFFFFFFFFFFFFFFFFFFFFFFFFFFFFFFFFFC1
:203F2000FFFFFFFFFFFFFFFFFFFFFFFFFFFFFFFFFFFFFFFFFFFFFFFFFFFFFFFFFFFFFFFFA1
:203F4000FFFFFFFFFFFFFFFFFFFFFFFFFFFFFFFFFFFFFFFFFFFFFFFFFFFFFFFFFFFFFFFF81
:203F6000FFFFFFFFFFFFFFFFFFFFFFFFFFFFFFFFFFFFFFFFFFFFFFFFFFFFFFFFFFFFFFFF61
:203F8000FFFFFFFFFFFFFFFFFFFFFFFFFFFFFFFFFFFFFFFFFFFFFFFFFFFFFFFFFFFFFFFF41
:203FA000FFFFFFFFFFFFFFFFFFFFFFFFFFFFFFFFFFFFFFFFFFFFFFFFFFFFFFFFFFFFFFFF21
:203FC000FFFFFFFFFFFFFFFFFFFFFFFFFFFFFFFFFFFFFFFFFFFFFFFFFFFFFFFFFFFFFFFF01
:203FE000FFFFFFFFFFFFFFFFFFFFFFFFFFFFFFFFFFFFFFFFFFFFFFFFFFFFFFFFFFFFFFFFE1
:20400000FFFFFFFFFFFFFFFFFFFFFFFFFFFFFFFFFFFFFFFFFFFFFFFFFFFFFFFFFFFFFFFFC0
:20402000FFFFFFFFFFFFFFFFFFFFFFFFFFFFFFFFFFFFFFFFFFFFFFFFFFFFFFFFFFFFFFFFA0
:20404000FFFFFFFFFFFFFFFFFFFFFFFFFFFFFFFFFFFFFFFFFFFFFFFFFFFFFFFFFFFFFFFF80
:20406000FFFFFFFFFFFFFFFFFFFFFFFFFFFFFFFFFFFFFFFFFFFFFFFFFFFFFFFFFFFFFFFF60
:20408000FFFFFFFFFFFFFFFFFFFFFFFFFFFFFFFFFFFFFFFFFFFFFFFFFFFFFFFFFFFFFFFF40
:2040A000FFFFFFFFFFFFFFFFFFFFFFFFFFFFFFFFFFFFFFFFFFFFFFFFFFFFFFFFFFFFFFFF20
:2040C000FFFFFFFFFFFFFFFFFFFFFFFFFFFFFFFFFFFFFFFFFFFFFFFFFFFFFFFFFFFFFFFF00
:2040E000FFFFFFFFFFFFFFFFFFFFFFFFFFFFFFFFFFFFFFFFFFFFFFFFFFFFFFFFFFFFFFFFE0
:20410000FFFFFFFFFFFFFFFFFFFFFFFFFFFFFFFFFFFFFFFFFFFFFFFFFFFFFFFFFFFFFFFFBF
:20412000FFFFFFFFFFFFFFFFFFFFFFFFFFFFFFFFFFFFFFFFFFFFFFFFFFFFFFFFFFFFFFFF9F
:20414000FFFFFFFFFFFFFFFFFFFFFFFFFFFFFFFFFFFFFFFFFFFFFFFFFFFFFFFFFFFFFFFF7F
:20416000FFFFFFFFFFFFFFFFFFFFFFFFFFFFFFFFFFFFFFFFFFFFFFFFFFFFFFFFFFFFFFFF5F
:20418000FFFFFFFFFFFFFFFFFFFFFFFFFFFFFFFFFFFFFFFFFFFFFFFFFFFFFFFFFFFFFFFF3F
:2041A000FFFFFFFFFFFFFFFFFFFFFFFFFFFFFFFFFFFFFFFFFFFFFFFFFFFFFFFFFFFFFFFF1F
:2041C000FFFFFFFFFFFFFFFFFFFFFFFFFFFFFFFFFFFFFFFFFFFFFFFFFFFFFFFFFFFFFFFFFF
:2041E000FFFFFFFFFFFFFFFFFFFFFFFFFFFFFFFFFFFFFFFFFFFFFFFFFFFFFFFFFFFFFFFFDF
:20420000FFFFFFFFFFFFFFFFFFFFFFFFFFFFFFFFFFFFFFFFFFFFFFFFFFFFFFFFFFFFFFFFBE
:20422000FFFFFFFFFFFFFFFFFFFFFFFFFFFFFFFFFFFFFFFFFFFFFFFFFFFFFFFFFFFFFFFF9E
:20424000FFFFFFFFFFFFFFFFFFFFFFFFFFFFFFFFFFFFFFFFFFFFFFFFFFFFFFFFFFFFFFFF7E
:20426000FFFFFFFFFFFFFFFFFFFFFFFFFFFFFFFFFFFFFFFFFFFFFFFFFFFFFFFFFFFFFFFF5E
:20428000FFFFFFFFFFFFFFFFFFFFFFFFFFFFFFFFFFFFFFFFFFFFFFFFFFFFFFFFFFFFFFFF3E
:2042A000FFFFFFFFFFFFFFFFFFFFFFFFFFFFFFFFFFFFFFFFFFFFFFFFFFFFFFFFFFFFFFFF1E
:2042C000FFFFFFFFFFFFFFFFFFFFFFFFFFFFFFFFFFFFFFFFFFFFFFFFFFFFFFFFFFFFFFFFFE
:2042E000FFFFFFFFFFFFFFFFFFFFFFFFFFFFFFFFFFFFFFFFFFFFFFFFFFFFFFFFFFFFFFFFDE
:20430000FFFFFFFFFFFFFFFFFFFFFFFFFFFFFFFFFFFFFFFFFFFFFFFFFFFFFFFFFFFFFFFFBD
:20432000FFFFFFFFFFFFFFFFFFFFFFFFFFFFFFFFFFFFFFFFFFFFFFFFFFFFFFFFFFFFFFFF9D
:20434000FFFFFFFFFFFFFFFFFFFFFFFFFFFFFFFFFFFFFFFFFFFFFFFFFFFFFFFFFFFFFFFF7D
:20436000FFFFFFFFFFFFFFFFFFFFFFFFFFFFFFFFFFFFFFFFFFFFFFFFFFFFFFFFFFFFFFFF5D
:20438000FFFFFFFFFFFFFFFFFFFFFFFFFFFFFFFFFFFFFFFFFFFFFFFFFFFFFFFFFFFFFFFF3D
:2043A000FFFFFFFFFFFFFFFFFFFFFFFFFFFFFFFFFFFFFFFFFFFFFFFFFFFFFFFFFFFFFFFF1D
:2043C000FFFFFFFFFFFFFFFFFFFFFFFFFFFFFFFFFFFFFFFFFFFFFFFFFFFFFFFFFFFFFFFFFD
:2043E000FFFFFFFFFFFFFFFFFFFFFFFFFFFFFFFFFFFFFFFFFFFFFFFFFFFFFFFFFFFFFFFFDD
:20440000FFFFFFFFFFFFFFFFFFFFFFFFFFFFFFFFFFFFFFFFFFFFFFFFFFFFFFFFFFFFFFFFBC
:20442000FFFFFFFFFFFFFFFFFFFFFFFFFFFFFFFFFFFFFFFFFFFFFFFFFFFFFFFFFFFFFFFF9C
:20444000FFFFFFFFFFFFFFFFFFFFFFFFFFFFFFFFFFFFFFFFFFFFFFFFFFFFFFFFFFFFFFFF7C
:20446000FFFFFFFFFFFFFFFFFFFFFFFFFFFFFFFFFFFFFFFFFFFFFFFFFFFFFFFFFFFFFFFF5C
:20448000FFFFFFFFFFFFFFFFFFFFFFFFFFFFFFFFFFFFFFFFFFFFFFFFFFFFFFFFFFFFFFFF3C
:2044A000FFFFFFFFFFFFFFFFFFFFFFFFFFFFFFFFFFFFFFFFFFFFFFFFFFFFFFFFFFFFFFFF1C
:2044C000FFFFFFFFFFFFFFFFFFFFFFFFFFFFFFFFFFFFFFFFFFFFFFFFFFFFFFFFFFFFFFFFFC
:2044E000FFFFFFFFFFFFFFFFFFFFFFFFFFFFFFFFFFFFFFFFFFFFFFFFFFFFFFFFFFFFFFFFDC
:20450000FFFFFFFFFFFFFFFFFFFFFFFFFFFFFFFFFFFFFFFFFFFFFFFFFFFFFFFFFFFFFFFFBB
:20452000FFFFFFFFFFFFFFFFFFFFFFFFFFFFFFFFFFFFFFFFFFFFFFFFFFFFFFFFFFFFFFFF9B
:20454000FFFFFFFFFFFFFFFFFFFFFFFFFFFFFFFFFFFFFFFFFFFFFFFFFFFFFFFFFFFFFFFF7B
:20456000FFFFFFFFFFFFFFFFFFFFFFFFFFFFFFFFFFFFFFFFFFFFFFFFFFFFFFFFFFFFFFFF5B
:20458000FFFFFFFFFFFFFFFFFFFFFFFFFFFFFFFFFFFFFFFFFFFFFFFFFFFFFFFFFFFFFFFF3B
:2045A000FFFFFFFFFFFFFFFFFFFFFFFFFFFFFFFFFFFFFFFFFFFFFFFFFFFFFFFFFFFFFFFF1B
:2045C000FFFFFFFFFFFFFFFFFFFFFFFFFFFFFFFFFFFFFFFFFFFFFFFFFFFFFFFFFFFFFFFFFB
:2045E000FFFFFFFFFFFFFFFFFFFFFFFFFFFFFFFFFFFFFFFFFFFFFFFFFFFFFFFFFFFFFFFFDB
:20460000FFFFFFFFFFFFFFFFFFFFFFFFFFFFFFFFFFFFFFFFFFFFFFFFFFFFFFFFFFFFFFFFBA
:20462000FFFFFFFFFFFFFFFFFFFFFFFFFFFFFFFFFFFFFFFFFFFFFFFFFFFFFFFFFFFFFFFF9A
:20464000FFFFFFFFFFFFFFFFFFFFFFFFFFFFFFFFFFFFFFFFFFFFFFFFFFFFFFFFFFFFFFFF7A
:20466000FFFFFFFFFFFFFFFFFFFFFFFFFFFFFFFFFFFFFFFFFFFFFFFFFFFFFFFFFFFFFFFF5A
:20468000FFFFFFFFFFFFFFFFFFFFFFFFFFFFFFFFFFFFFFFFFFFFFFFFFFFFFFFFFFFFFFFF3A
:2046A000FFFFFFFFFFFFFFFFFFFFFFFFFFFFFFFFFFFFFFFFFFFFFFFFFFFFFFFFFFFFFFFF1A
:2046C000FFFFFFFFFFFFFFFFFFFFFFFFFFFFFFFFFFFFFFFFFFFFFFFFFFFFFFFFFFFFFFFFFA
:2046E000FFFFFFFFFFFFFFFFFFFFFFFFFFFFFFFFFFFFFFFFFFFFFFFFFFFFFFFFFFFFFFFFDA
:20470000FFFFFFFFFFFFFFFFFFFFFFFFFFFFFFFFFFFFFFFFFFFFFFFFFFFFFFFFFFFFFFFFB9
:20472000FFFFFFFFFFFFFFFFFFFFFFFFFFFFFFFFFFFFFFFFFFFFFFFFFFFFFFFFFFFFFFFF99
:20474000FFFFFFFFFFFFFFFFFFFFFFFFFFFFFFFFFFFFFFFFFFFFFFFFFFFFFFFFFFFFFFFF79
:20476000FFFFFFFFFFFFFFFFFFFFFFFFFFFFFFFFFFFFFFFFFFFFFFFFFFFFFFFFFFFFFFFF59
:20478000FFFFFFFFFFFFFFFFFFFFFFFFFFFFFFFFFFFFFFFFFFFFFFFFFFFFFFFFFFFFFFFF39
:2047A000FFFFFFFFFFFFFFFFFFFFFFFFFFFFFFFFFFFFFFFFFFFFFFFFFFFFFFFFFFFFFFFF19
:2047C000FFFFFFFFFFFFFFFFFFFFFFFFFFFFFFFFFFFFFFFFFFFFFFFFFFFFFFFFFFFFFFFFF9
:2047E000FFFFFFFFFFFFFFFFFFFFFFFFFFFFFFFFFFFFFFFFFFFFFFFFFFFFFFFFFFFFFFFFD9
:20480000FFFFFFFFFFFFFFFFFFFFFFFFFFFFFFFFFFFFFFFFFFFFFFFFFFFFFFFFFFFFFFFFB8
:20482000FFFFFFFFFFFFFFFFFFFFFFFFFFFFFFFFFFFFFFFFFFFFFFFFFFFFFFFFFFFFFFFF98
:20484000FFFFFFFFFFFFFFFFFFFFFFFFFFFFFFFFFFFFFFFFFFFFFFFFFFFFFFFFFFFFFFFF78
:20486000FFFFFFFFFFFFFFFFFFFFFFFFFFFFFFFFFFFFFFFFFFFFFFFFFFFFFFFFFFFFFFFF58
:20488000FFFFFFFFFFFFFFFFFFFFFFFFFFFFFFFFFFFFFFFFFFFFFFFFFFFFFFFFFFFFFFFF38
:2048A000FFFFFFFFFFFFFFFFFFFFFFFFFFFFFFFFFFFFFFFFFFFFFFFFFFFFFFFFFFFFFFFF18
:2048C000FFFFFFFFFFFFFFFFFFFFFFFFFFFFFFFFFFFFFFFFFFFFFFFFFFFFFFFFFFFFFFFFF8
:2048E000FFFFFFFFFFFFFFFFFFFFFFFFFFFFFFFFFFFFFFFFFFFFFFFFFFFFFFFFFFFFFFFFD8
:20490000FFFFFFFFFFFFFFFFFFFFFFFFFFFFFFFFFFFFFFFFFFFFFFFFFFFFFFFFFFFFFFFFB7
:20492000FFFFFFFFFFFFFFFFFFFFFFFFFFFFFFFFFFFFFFFFFFFFFFFFFFFFFFFFFFFFFFFF97
:20494000FFFFFFFFFFFFFFFFFFFFFFFFFFFFFFFFFFFFFFFFFFFFFFFFFFFFFFFFFFFFFFFF77
:20496000FFFFFFFFFFFFFFFFFFFFFFFFFFFFFFFFFFFFFFFFFFFFFFFFFFFFFFFFFFFFFFFF57
:20498000FFFFFFFFFFFFFFFFFFFFFFFFFFFFFFFFFFFFFFFFFFFFFFFFFFFFFFFFFFFFFFFF37
:2049A000FFFFFFFFFFFFFFFFFFFFFFFFFFFFFFFFFFFFFFFFFFFFFFFFFFFFFFFFFFFFFFFF17
:2049C000FFFFFFFFFFFFFFFFFFFFFFFFFFFFFFFFFFFFFFFFFFFFFFFFFFFFFFFFFFFFFFFFF7
:2049E000FFFFFFFFFFFFFFFFFFFFFFFFFFFFFFFFFFFFFFFFFFFFFFFFFFFFFFFFFFFFFFFFD7
:204A0000FFFFFFFFFFFFFFFFFFFFFFFFFFFFFFFFFFFFFFFFFFFFFFFFFFFFFFFFFFFFFFFFB6
:204A2000FFFFFFFFFFFFFFFFFFFFFFFFFFFFFFFFFFFFFFFFFFFFFFFFFFFFFFFFFFFFFFFF96
:204A4000FFFFFFFFFFFFFFFFFFFFFFFFFFFFFFFFFFFFFFFFFFFFFFFFFFFFFFFFFFFFFFFF76
:204A6000FFFFFFFFFFFFFFFFFFFFFFFFFFFFFFFFFFFFFFFFFFFFFFFFFFFFFFFFFFFFFFFF56
:204A8000FFFFFFFFFFFFFFFFFFFFFFFFFFFFFFFFFFFFFFFFFFFFFFFFFFFFFFFFFFFFFFFF36
:204AA000FFFFFFFFFFFFFFFFFFFFFFFFFFFFFFFFFFFFFFFFFFFFFFFFFFFFFFFFFFFFFFFF16
:204AC000FFFFFFFFFFFFFFFFFFFFFFFFFFFFFFFFFFFFFFFFFFFFFFFFFFFFFFFFFFFFFFFFF6
:204AE000FFFFFFFFFFFFFFFFFFFFFFFFFFFFFFFFFFFFFFFFFFFFFFFFFFFFFFFFFFFFFFFFD6
:204B0000FFFFFFFFFFFFFFFFFFFFFFFFFFFFFFFFFFFFFFFFFFFFFFFFFFFFFFFFFFFFFFFFB5
:204B2000FFFFFFFFFFFFFFFFFFFFFFFFFFFFFFFFFFFFFFFFFFFFFFFFFFFFFFFFFFFFFFFF95
:204B4000FFFFFFFFFFFFFFFFFFFFFFFFFFFFFFFFFFFFFFFFFFFFFFFFFFFFFFFFFFFFFFFF75
:204B6000FFFFFFFFFFFFFFFFFFFFFFFFFFFFFFFFFFFFFFFFFFFFFFFFFFFFFFFFFFFFFFFF55
:204B8000FFFFFFFFFFFFFFFFFFFFFFFFFFFFFFFFFFFFFFFFFFFFFFFFFFFFFFFFFFFFFFFF35
:204BA000FFFFFFFFFFFFFFFFFFFFFFFFFFFFFFFFFFFFFFFFFFFFFFFFFFFFFFFFFFFFFFFF15
:204BC000FFFFFFFFFFFFFFFFFFFFFFFFFFFFFFFFFFFFFFFFFFFFFFFFFFFFFFFFFFFFFFFFF5
:204BE000FFFFFFFFFFFFFFFFFFFFFFFFFFFFFFFFFFFFFFFFFFFFFFFFFFFFFFFFFFFFFFFFD5
:204C0000FFFFFFFFFFFFFFFFFFFFFFFFFFFFFFFFFFFFFFFFFFFFFFFFFFFFFFFFFFFFFFFFB4
:204C2000FFFFFFFFFFFFFFFFFFFFFFFFFFFFFFFFFFFFFFFFFFFFFFFFFFFFFFFFFFFFFFFF94
:204C4000FFFFFFFFFFFFFFFFFFFFFFFFFFFFFFFFFFFFFFFFFFFFFFFFFFFFFFFFFFFFFFFF74
:204C6000FFFFFFFFFFFFFFFFFFFFFFFFFFFFFFFFFFFFFFFFFFFFFFFFFFFFFFFFFFFFFFFF54
:204C8000FFFFFFFFFFFFFFFFFFFFFFFFFFFFFFFFFFFFFFFFFFFFFFFFFFFFFFFFFFFFFFFF34
:204CA000FFFFFFFFFFFFFFFFFFFFFFFFFFFFFFFFFFFFFFFFFFFFFFFFFFFFFFFFFFFFFFFF14
:204CC000FFFFFFFFFFFFFFFFFFFFFFFFFFFFFFFFFFFFFFFFFFFFFFFFFFFFFFFFFFFFFFFFF4
:204CE000FFFFFFFFFFFFFFFFFFFFFFFFFFFFFFFFFFFFFFFFFFFFFFFFFFFFFFFFFFFFFFFFD4
:204D0000FFFFFFFFFFFFFFFFFFFFFFFFFFFFFFFFFFFFFFFFFFFFFFFFFFFFFFFFFFFFFFFFB3
:204D2000FFFFFFFFFFFFFFFFFFFFFFFFFFFFFFFFFFFFFFFFFFFFFFFFFFFFFFFFFFFFFFFF93
:204D4000FFFFFFFFFFFFFFFFFFFFFFFFFFFFFFFFFFFFFFFFFFFFFFFFFFFFFFFFFFFFFFFF73
:204D6000FFFFFFFFFFFFFFFFFFFFFFFFFFFFFFFFFFFFFFFFFFFFFFFFFFFFFFFFFFFFFFFF53
:204D8000FFFFFFFFFFFFFFFFFFFFFFFFFFFFFFFFFFFFFFFFFFFFFFFFFFFFFFFFFFFFFFFF33
:204DA000FFFFFFFFFFFFFFFFFFFFFFFFFFFFFFFFFFFFFFFFFFFFFFFFFFFFFFFFFFFFFFFF13
:204DC000FFFFFFFFFFFFFFFFFFFFFFFFFFFFFFFFFFFFFFFFFFFFFFFFFFFFFFFFFFFFFFFFF3
:204DE000FFFFFFFFFFFFFFFFFFFFFFFFFFFFFFFFFFFFFFFFFFFFFFFFFFFFFFFFFFFFFFFFD3
:204E0000FFFFFFFFFFFFFFFFFFFFFFFFFFFFFFFFFFFFFFFFFFFFFFFFFFFFFFFFFFFFFFFFB2
:204E2000FFFFFFFFFFFFFFFFFFFFFFFFFFFFFFFFFFFFFFFFFFFFFFFFFFFFFFFFFFFFFFFF92
:204E4000FFFFFFFFFFFFFFFFFFFFFFFFFFFFFFFFFFFFFFFFFFFFFFFFFFFFFFFFFFFFFFFF72
:204E6000FFFFFFFFFFFFFFFFFFFFFFFFFFFFFFFFFFFFFFFFFFFFFFFFFFFFFFFFFFFFFFFF52
:204E8000FFFFFFFFFFFFFFFFFFFFFFFFFFFFFFFFFFFFFFFFFFFFFFFFFFFFFFFFFFFFFFFF32
:204EA000FFFFFFFFFFFFFFFFFFFFFFFFFFFFFFFFFFFFFFFFFFFFFFFFFFFFFFFFFFFFFFFF12
:204EC000FFFFFFFFFFFFFFFFFFFFFFFFFFFFFFFFFFFFFFFFFFFFFFFFFFFFFFFFFFFFFFFFF2
:204EE000FFFFFFFFFFFFFFFFFFFFFFFFFFFFFFFFFFFFFFFFFFFFFFFFFFFFFFFFFFFFFFFFD2
:204F0000FFFFFFFFFFFFFFFFFFFFFFFFFFFFFFFFFFFFFFFFFFFFFFFFFFFFFFFFFFFFFFFFB1
:204F2000FFFFFFFFFFFFFFFFFFFFFFFFFFFFFFFFFFFFFFFFFFFFFFFFFFFFFFFFFFFFFFFF91
:204F4000FFFFFFFFFFFFFFFFFFFFFFFFFFFFFFFFFFFFFFFFFFFFFFFFFFFFFFFFFFFFFFFF71
:204F6000FFFFFFFFFFFFFFFFFFFFFFFFFFFFFFFFFFFFFFFFFFFFFFFFFFFFFFFFFFFFFFFF51
:204F8000FFFFFFFFFFFFFFFFFFFFFFFFFFFFFFFFFFFFFFFFFFFFFFFFFFFFFFFFFFFFFFFF31
:204FA000FFFFFFFFFFFFFFFFFFFFFFFFFFFFFFFFFFFFFFFFFFFFFFFFFFFFFFFFFFFFFFFF11
:204FC000FFFFFFFFFFFFFFFFFFFFFFFFFFFFFFFFFFFFFFFFFFFFFFFFFFFFFFFFFFFFFFFFF1
:204FE000FFFFFFFFFFFFFFFFFFFFFFFFFFFFFFFFFFFFFFFFFFFFFFFFFFFFFFFFFFFFFFFFD1
:20500000FFFFFFFFFFFFFFFFFFFFFFFFFFFFFFFFFFFFFFFFFFFFFFFFFFFFFFFFFFFFFFFFB0
:20502000FFFFFFFFFFFFFFFFFFFFFFFFFFFFFFFFFFFFFFFFFFFFFFFFFFFFFFFFFFFFFFFF90
:20504000FFFFFFFFFFFFFFFFFFFFFFFFFFFFFFFFFFFFFFFFFFFFFFFFFFFFFFFFFFFFFFFF70
:20506000FFFFFFFFFFFFFFFFFFFFFFFFFFFFFFFFFFFFFFFFFFFFFFFFFFFFFFFFFFFFFFFF50
:20508000FFFFFFFFFFFFFFFFFFFFFFFFFFFFFFFFFFFFFFFFFFFFFFFFFFFFFFFFFFFFFFFF30
:2050A000FFFFFFFFFFFFFFFFFFFFFFFFFFFFFFFFFFFFFFFFFFFFFFFFFFFFFFFFFFFFFFFF10
:2050C000FFFFFFFFFFFFFFFFFFFFFFFFFFFFFFFFFFFFFFFFFFFFFFFFFFFFFFFFFFFFFFFFF0
:2050E000FFFFFFFFFFFFFFFFFFFFFFFFFFFFFFFFFFFFFFFFFFFFFFFFFFFFFFFFFFFFFFFFD0
:20510000FFFFFFFFFFFFFFFFFFFFFFFFFFFFFFFFFFFFFFFFFFFFFFFFFFFFFFFFFFFFFFFFAF
:20512000FFFFFFFFFFFFFFFFFFFFFFFFFFFFFFFFFFFFFFFFFFFFFFFFFFFFFFFFFFFFFFFF8F
:20514000FFFFFFFFFFFFFFFFFFFFFFFFFFFFFFFFFFFFFFFFFFFFFFFFFFFFFFFFFFFFFFFF6F
:20516000FFFFFFFFFFFFFFFFFFFFFFFFFFFFFFFFFFFFFFFFFFFFFFFFFFFFFFFFFFFFFFFF4F
:20518000FFFFFFFFFFFFFFFFFFFFFFFFFFFFFFFFFFFFFFFFFFFFFFFFFFFFFFFFFFFFFFFF2F
:2051A000FFFFFFFFFFFFFFFFFFFFFFFFFFFFFFFFFFFFFFFFFFFFFFFFFFFFFFFFFFFFFFFF0F
:2051C000FFFFFFFFFFFFFFFFFFFFFFFFFFFFFFFFFFFFFFFFFFFFFFFFFFFFFFFFFFFFFFFFEF
:2051E000FFFFFFFFFFFFFFFFFFFFFFFFFFFFFFFFFFFFFFFFFFFFFFFFFFFFFFFFFFFFFFFFCF
:20520000FFFFFFFFFFFFFFFFFFFFFFFFFFFFFFFFFFFFFFFFFFFFFFFFFFFFFFFFFFFFFFFFAE
:20522000FFFFFFFFFFFFFFFFFFFFFFFFFFFFFFFFFFFFFFFFFFFFFFFFFFFFFFFFFFFFFFFF8E
:20524000FFFFFFFFFFFFFFFFFFFFFFFFFFFFFFFFFFFFFFFFFFFFFFFFFFFFFFFFFFFFFFFF6E
:20526000FFFFFFFFFFFFFFFFFFFFFFFFFFFFFFFFFFFFFFFFFFFFFFFFFFFFFFFFFFFFFFFF4E
:20528000FFFFFFFFFFFFFFFFFFFFFFFFFFFFFFFFFFFFFFFFFFFFFFFFFFFFFFFFFFFFFFFF2E
:2052A000FFFFFFFFFFFFFFFFFFFFFFFFFFFFFFFFFFFFFFFFFFFFFFFFFFFFFFFFFFFFFFFF0E
:2052C000FFFFFFFFFFFFFFFFFFFFFFFFFFFFFFFFFFFFFFFFFFFFFFFFFFFFFFFFFFFFFFFFEE
:2052E000FFFFFFFFFFFFFFFFFFFFFFFFFFFFFFFFFFFFFFFFFFFFFFFFFFFFFFFFFFFFFFFFCE
:20530000FFFFFFFFFFFFFFFFFFFFFFFFFFFFFFFFFFFFFFFFFFFFFFFFFFFFFFFFFFFFFFFFAD
:20532000FFFFFFFFFFFFFFFFFFFFFFFFFFFFFFFFFFFFFFFFFFFFFFFFFFFFFFFFFFFFFFFF8D
:20534000FFFFFFFFFFFFFFFFFFFFFFFFFFFFFFFFFFFFFFFFFFFFFFFFFFFFFFFFFFFFFFFF6D
:20536000FFFFFFFFFFFFFFFFFFFFFFFFFFFFFFFFFFFFFFFFFFFFFFFFFFFFFFFFFFFFFFFF4D
:20538000FFFFFFFFFFFFFFFFFFFFFFFFFFFFFFFFFFFFFFFFFFFFFFFFFFFFFFFFFFFFFFFF2D
:2053A000FFFFFFFFFFFFFFFFFFFFFFFFFFFFFFFFFFFFFFFFFFFFFFFFFFFFFFFFFFFFFFFF0D
:2053C000FFFFFFFFFFFFFFFFFFFFFFFFFFFFFFFFFFFFFFFFFFFFFFFFFFFFFFFFFFFFFFFFED
:2053E000FFFFFFFFFFFFFFFFFFFFFFFFFFFFFFFFFFFFFFFFFFFFFFFFFFFFFFFFFFFFFFFFCD
:20540000FFFFFFFFFFFFFFFFFFFFFFFFFFFFFFFFFFFFFFFFFFFFFFFFFFFFFFFFFFFFFFFFAC
:20542000FFFFFFFFFFFFFFFFFFFFFFFFFFFFFFFFFFFFFFFFFFFFFFFFFFFFFFFFFFFFFFFF8C
:20544000FFFFFFFFFFFFFFFFFFFFFFFFFFFFFFFFFFFFFFFFFFFFFFFFFFFFFFFFFFFFFFFF6C
:20546000FFFFFFFFFFFFFFFFFFFFFFFFFFFFFFFFFFFFFFFFFFFFFFFFFFFFFFFFFFFFFFFF4C
:20548000FFFFFFFFFFFFFFFFFFFFFFFFFFFFFFFFFFFFFFFFFFFFFFFFFFFFFFFFFFFFFFFF2C
:2054A000FFFFFFFFFFFFFFFFFFFFFFFFFFFFFFFFFFFFFFFFFFFFFFFFFFFFFFFFFFFFFFFF0C
:2054C000FFFFFFFFFFFFFFFFFFFFFFFFFFFFFFFFFFFFFFFFFFFFFFFFFFFFFFFFFFFFFFFFEC
:2054E000FFFFFFFFFFFFFFFFFFFFFFFFFFFFFFFFFFFFFFFFFFFFFFFFFFFFFFFFFFFFFFFFCC
:20550000FFFFFFFFFFFFFFFFFFFFFFFFFFFFFFFFFFFFFFFFFFFFFFFFFFFFFFFFFFFFFFFFAB
:20552000FFFFFFFFFFFFFFFFFFFFFFFFFFFFFFFFFFFFFFFFFFFFFFFFFFFFFFFFFFFFFFFF8B
:20554000FFFFFFFFFFFFFFFFFFFFFFFFFFFFFFFFFFFFFFFFFFFFFFFFFFFFFFFFFFFFFFFF6B
:20556000FFFFFFFFFFFFFFFFFFFFFFFFFFFFFFFFFFFFFFFFFFFFFFFFFFFFFFFFFFFFFFFF4B
:20558000FFFFFFFFFFFFFFFFFFFFFFFFFFFFFFFFFFFFFFFFFFFFFFFFFFFFFFFFFFFFFFFF2B
:2055A000FFFFFFFFFFFFFFFFFFFFFFFFFFFFFFFFFFFFFFFFFFFFFFFFFFFFFFFFFFFFFFFF0B
:2055C000FFFFFFFFFFFFFFFFFFFFFFFFFFFFFFFFFFFFFFFFFFFFFFFFFFFFFFFFFFFFFFFFEB
:2055E000FFFFFFFFFFFFFFFFFFFFFFFFFFFFFFFFFFFFFFFFFFFFFFFFFFFFFFFFFFFFFFFFCB
:20560000FFFFFFFFFFFFFFFFFFFFFFFFFFFFFFFFFFFFFFFFFFFFFFFFFFFFFFFFFFFFFFFFAA
:20562000FFFFFFFFFFFFFFFFFFFFFFFFFFFFFFFFFFFFFFFFFFFFFFFFFFFFFFFFFFFFFFFF8A
:20564000FFFFFFFFFFFFFFFFFFFFFFFFFFFFFFFFFFFFFFFFFFFFFFFFFFFFFFFFFFFFFFFF6A
:20566000FFFFFFFFFFFFFFFFFFFFFFFFFFFFFFFFFFFFFFFFFFFFFFFFFFFFFFFFFFFFFFFF4A
:20568000FFFFFFFFFFFFFFFFFFFFFFFFFFFFFFFFFFFFFFFFFFFFFFFFFFFFFFFFFFFFFFFF2A
:2056A000FFFFFFFFFFFFFFFFFFFFFFFFFFFFFFFFFFFFFFFFFFFFFFFFFFFFFFFFFFFFFFFF0A
:2056C000FFFFFFFFFFFFFFFFFFFFFFFFFFFFFFFFFFFFFFFFFFFFFFFFFFFFFFFFFFFFFFFFEA
:2056E000FFFFFFFFFFFFFFFFFFFFFFFFFFFFFFFFFFFFFFFFFFFFFFFFFFFFFFFFFFFFFFFFCA
:20570000FFFFFFFFFFFFFFFFFFFFFFFFFFFFFFFFFFFFFFFFFFFFFFFFFFFFFFFFFFFFFFFFA9
:20572000FFFFFFFFFFFFFFFFFFFFFFFFFFFFFFFFFFFFFFFFFFFFFFFFFFFFFFFFFFFFFFFF89
:20574000FFFFFFFFFFFFFFFFFFFFFFFFFFFFFFFFFFFFFFFFFFFFFFFFFFFFFFFFFFFFFFFF69
:20576000FFFFFFFFFFFFFFFFFFFFFFFFFFFFFFFFFFFFFFFFFFFFFFFFFFFFFFFFFFFFFFFF49
:20578000FFFFFFFFFFFFFFFFFFFFFFFFFFFFFFFFFFFFFFFFFFFFFFFFFFFFFFFFFFFFFFFF29
:2057A000FFFFFFFFFFFFFFFFFFFFFFFFFFFFFFFFFFFFFFFFFFFFFFFFFFFFFFFFFFFFFFFF09
:2057C000FFFFFFFFFFFFFFFFFFFFFFFFFFFFFFFFFFFFFFFFFFFFFFFFFFFFFFFFFFFFFFFFE9
:2057E000FFFFFFFFFFFFFFFFFFFFFFFFFFFFFFFFFFFFFFFFFFFFFFFFFFFFFFFFFFFFFFFFC9
:20580000FFFFFFFFFFFFFFFFFFFFFFFFFFFFFFFFFFFFFFFFFFFFFFFFFFFFFFFFFFFFFFFFA8
:20582000FFFFFFFFFFFFFFFFFFFFFFFFFFFFFFFFFFFFFFFFFFFFFFFFFFFFFFFFFFFFFFFF88
:20584000FFFFFFFFFFFFFFFFFFFFFFFFFFFFFFFFFFFFFFFFFFFFFFFFFFFFFFFFFFFFFFFF68
:20586000FFFFFFFFFFFFFFFFFFFFFFFFFFFFFFFFFFFFFFFFFFFFFFFFFFFFFFFFFFFFFFFF48
:20588000FFFFFFFFFFFFFFFFFFFFFFFFFFFFFFFFFFFFFFFFFFFFFFFFFFFFFFFFFFFFFFFF28
:2058A000FFFFFFFFFFFFFFFFFFFFFFFFFFFFFFFFFFFFFFFFFFFFFFFFFFFFFFFFFFFFFFFF08
:2058C000FFFFFFFFFFFFFFFFFFFFFFFFFFFFFFFFFFFFFFFFFFFFFFFFFFFFFFFFFFFFFFFFE8
:2058E000FFFFFFFFFFFFFFFFFFFFFFFFFFFFFFFFFFFFFFFFFFFFFFFFFFFFFFFFFFFFFFFFC8
:20590000FFFFFFFFFFFFFFFFFFFFFFFFFFFFFFFFFFFFFFFFFFFFFFFFFFFFFFFFFFFFFFFFA7
:20592000FFFFFFFFFFFFFFFFFFFFFFFFFFFFFFFFFFFFFFFFFFFFFFFFFFFFFFFFFFFFFFFF87
:20594000FFFFFFFFFFFFFFFFFFFFFFFFFFFFFFFFFFFFFFFFFFFFFFFFFFFFFFFFFFFFFFFF67
:20596000FFFFFFFFFFFFFFFFFFFFFFFFFFFFFFFFFFFFFFFFFFFFFFFFFFFFFFFFFFFFFFFF47
:20598000FFFFFFFFFFFFFFFFFFFFFFFFFFFFFFFFFFFFFFFFFFFFFFFFFFFFFFFFFFFFFFFF27
:2059A000FFFFFFFFFFFFFFFFFFFFFFFFFFFFFFFFFFFFFFFFFFFFFFFFFFFFFFFFFFFFFFFF07
:2059C000FFFFFFFFFFFFFFFFFFFFFFFFFFFFFFFFFFFFFFFFFFFFFFFFFFFFFFFFFFFFFFFFE7
:2059E000FFFFFFFFFFFFFFFFFFFFFFFFFFFFFFFFFFFFFFFFFFFFFFFFFFFFFFFFFFFFFFFFC7
:205A0000FFFFFFFFFFFFFFFFFFFFFFFFFFFFFFFFFFFFFFFFFFFFFFFFFFFFFFFFFFFFFFFFA6
:205A2000FFFFFFFFFFFFFFFFFFFFFFFFFFFFFFFFFFFFFFFFFFFFFFFFFFFFFFFFFFFFFFFF86
:205A4000FFFFFFFFFFFFFFFFFFFFFFFFFFFFFFFFFFFFFFFFFFFFFFFFFFFFFFFFFFFFFFFF66
:205A6000FFFFFFFFFFFFFFFFFFFFFFFFFFFFFFFFFFFFFFFFFFFFFFFFFFFFFFFFFFFFFFFF46
:205A8000FFFFFFFFFFFFFFFFFFFFFFFFFFFFFFFFFFFFFFFFFFFFFFFFFFFFFFFFFFFFFFFF26
:205AA000FFFFFFFFFFFFFFFFFFFFFFFFFFFFFFFFFFFFFFFFFFFFFFFFFFFFFFFFFFFFFFFF06
:205AC000FFFFFFFFFFFFFFFFFFFFFFFFFFFFFFFFFFFFFFFFFFFFFFFFFFFFFFFFFFFFFFFFE6
:205AE000FFFFFFFFFFFFFFFFFFFFFFFFFFFFFFFFFFFFFFFFFFFFFFFFFFFFFFFFFFFFFFFFC6
:205B0000FFFFFFFFFFFFFFFFFFFFFFFFFFFFFFFFFFFFFFFFFFFFFFFFFFFFFFFFFFFFFFFFA5
:205B2000FFFFFFFFFFFFFFFFFFFFFFFFFFFFFFFFFFFFFFFFFFFFFFFFFFFFFFFFFFFFFFFF85
:205B4000FFFFFFFFFFFFFFFFFFFFFFFFFFFFFFFFFFFFFFFFFFFFFFFFFFFFFFFFFFFFFFFF65
:205B6000FFFFFFFFFFFFFFFFFFFFFFFFFFFFFFFFFFFFFFFFFFFFFFFFFFFFFFFFFFFFFFFF45
:205B8000FFFFFFFFFFFFFFFFFFFFFFFFFFFFFFFFFFFFFFFFFFFFFFFFFFFFFFFFFFFFFFFF25
:205BA000FFFFFFFFFFFFFFFFFFFFFFFFFFFFFFFFFFFFFFFFFFFFFFFFFFFFFFFFFFFFFFFF05
:205BC000FFFFFFFFFFFFFFFFFFFFFFFFFFFFFFFFFFFFFFFFFFFFFFFFFFFFFFFFFFFFFFFFE5
:205BE000FFFFFFFFFFFFFFFFFFFFFFFFFFFFFFFFFFFFFFFFFFFFFFFFFFFFFFFFFFFFFFFFC5
:205C0000FFFFFFFFFFFFFFFFFFFFFFFFFFFFFFFFFFFFFFFFFFFFFFFFFFFFFFFFFFFFFFFFA4
:205C2000FFFFFFFFFFFFFFFFFFFFFFFFFFFFFFFFFFFFFFFFFFFFFFFFFFFFFFFFFFFFFFFF84
:205C4000FFFFFFFFFFFFFFFFFFFFFFFFFFFFFFFFFFFFFFFFFFFFFFFFFFFFFFFFFFFFFFFF64
:205C6000FFFFFFFFFFFFFFFFFFFFFFFFFFFFFFFFFFFFFFFFFFFFFFFFFFFFFFFFFFFFFFFF44
:205C8000FFFFFFFFFFFFFFFFFFFFFFFFFFFFFFFFFFFFFFFFFFFFFFFFFFFFFFFFFFFFFFFF24
:205CA000FFFFFFFFFFFFFFFFFFFFFFFFFFFFFFFFFFFFFFFFFFFFFFFFFFFFFFFFFFFFFFFF04
:205CC000FFFFFFFFFFFFFFFFFFFFFFFFFFFFFFFFFFFFFFFFFFFFFFFFFFFFFFFFFFFFFFFFE4
:205CE000FFFFFFFFFFFFFFFFFFFFFFFFFFFFFFFFFFFFFFFFFFFFFFFFFFFFFFFFFFFFFFFFC4
:205D0000FFFFFFFFFFFFFFFFFFFFFFFFFFFFFFFFFFFFFFFFFFFFFFFFFFFFFFFFFFFFFFFFA3
:205D2000FFFFFFFFFFFFFFFFFFFFFFFFFFFFFFFFFFFFFFFFFFFFFFFFFFFFFFFFFFFFFFFF83
:205D4000FFFFFFFFFFFFFFFFFFFFFFFFFFFFFFFFFFFFFFFFFFFFFFFFFFFFFFFFFFFFFFFF63
:205D6000FFFFFFFFFFFFFFFFFFFFFFFFFFFFFFFFFFFFFFFFFFFFFFFFFFFFFFFFFFFFFFFF43
:205D8000FFFFFFFFFFFFFFFFFFFFFFFFFFFFFFFFFFFFFFFFFFFFFFFFFFFFFFFFFFFFFFFF23
:205DA000FFFFFFFFFFFFFFFFFFFFFFFFFFFFFFFFFFFFFFFFFFFFFFFFFFFFFFFFFFFFFFFF03
:205DC000FFFFFFFFFFFFFFFFFFFFFFFFFFFFFFFFFFFFFFFFFFFFFFFFFFFFFFFFFFFFFFFFE3
:205DE000FFFFFFFFFFFFFFFFFFFFFFFFFFFFFFFFFFFFFFFFFFFFFFFFFFFFFFFFFFFFFFFFC3
:205E0000FFFFFFFFFFFFFFFFFFFFFFFFFFFFFFFFFFFFFFFFFFFFFFFFFFFFFFFFFFFFFFFFA2
:205E2000FFFFFFFFFFFFFFFFFFFFFFFFFFFFFFFFFFFFFFFFFFFFFFFFFFFFFFFFFFFFFFFF82
:205E4000FFFFFFFFFFFFFFFFFFFFFFFFFFFFFFFFFFFFFFFFFFFFFFFFFFFFFFFFFFFFFFFF62
:205E6000FFFFFFFFFFFFFFFFFFFFFFFFFFFFFFFFFFFFFFFFFFFFFFFFFFFFFFFFFFFFFFFF42
:205E8000FFFFFFFFFFFFFFFFFFFFFFFFFFFFFFFFFFFFFFFFFFFFFFFFFFFFFFFFFFFFFFFF22
:205EA000FFFFFFFFFFFFFFFFFFFFFFFFFFFFFFFFFFFFFFFFFFFFFFFFFFFFFFFFFFFFFFFF02
:205EC000FFFFFFFFFFFFFFFFFFFFFFFFFFFFFFFFFFFFFFFFFFFFFFFFFFFFFFFFFFFFFFFFE2
:205EE000FFFFFFFFFFFFFFFFFFFFFFFFFFFFFFFFFFFFFFFFFFFFFFFFFFFFFFFFFFFFFFFFC2
:205F0000FFFFFFFFFFFFFFFFFFFFFFFFFFFFFFFFFFFFFFFFFFFFFFFFFFFFFFFFFFFFFFFFA1
:205F2000FFFFFFFFFFFFFFFFFFFFFFFFFFFFFFFFFFFFFFFFFFFFFFFFFFFFFFFFFFFFFFFF81
:205F4000FFFFFFFFFFFFFFFFFFFFFFFFFFFFFFFFFFFFFFFFFFFFFFFFFFFFFFFFFFFFFFFF61
:205F6000FFFFFFFFFFFFFFFFFFFFFFFFFFFFFFFFFFFFFFFFFFFFFFFFFFFFFFFFFFFFFFFF41
:205F8000FFFFFFFFFFFFFFFFFFFFFFFFFFFFFFFFFFFFFFFFFFFFFFFFFFFFFFFFFFFFFFFF21
:205FA000FFFFFFFFFFFFFFFFFFFFFFFFFFFFFFFFFFFFFFFFFFFFFFFFFFFFFFFFFFFFFFFF01
:205FC000FFFFFFFFFFFFFFFFFFFFFFFFFFFFFFFFFFFFFFFFFFFFFFFFFFFFFFFFFFFFFFFFE1
:205FE000FFFFFFFFFFFFFFFFFFFFFFFFFFFFFFFFFFFFFFFFFFFFFFFFFFFFFFFFFFFFFFFFC1
:20600000FFFFFFFFFFFFFFFFFFFFFFFFFFFFFFFFFFFFFFFFFFFFFFFFFFFFFFFFFFFFFFFFA0
:20602000FFFFFFFFFFFFFFFFFFFFFFFFFFFFFFFFFFFFFFFFFFFFFFFFFFFFFFFFFFFFFFFF80
:20604000FFFFFFFFFFFFFFFFFFFFFFFFFFFFFFFFFFFFFFFFFFFFFFFFFFFFFFFFFFFFFFFF60
:20606000FFFFFFFFFFFFFFFFFFFFFFFFFFFFFFFFFFFFFFFFFFFFFFFFFFFFFFFFFFFFFFFF40
:20608000FFFFFFFFFFFFFFFFFFFFFFFFFFFFFFFFFFFFFFFFFFFFFFFFFFFFFFFFFFFFFFFF20
:2060A000FFFFFFFFFFFFFFFFFFFFFFFFFFFFFFFFFFFFFFFFFFFFFFFFFFFFFFFFFFFFFFFF00
:2060C000FFFFFFFFFFFFFFFFFFFFFFFFFFFFFFFFFFFFFFFFFFFFFFFFFFFFFFFFFFFFFFFFE0
:2060E000FFFFFFFFFFFFFFFFFFFFFFFFFFFFFFFFFFFFFFFFFFFFFFFFFFFFFFFFFFFFFFFFC0
:20610000FFFFFFFFFFFFFFFFFFFFFFFFFFFFFFFFFFFFFFFFFFFFFFFFFFFFFFFFFFFFFFFF9F
:20612000FFFFFFFFFFFFFFFFFFFFFFFFFFFFFFFFFFFFFFFFFFFFFFFFFFFFFFFFFFFFFFFF7F
:20614000FFFFFFFFFFFFFFFFFFFFFFFFFFFFFFFFFFFFFFFFFFFFFFFFFFFFFFFFFFFFFFFF5F
:20616000FFFFFFFFFFFFFFFFFFFFFFFFFFFFFFFFFFFFFFFFFFFFFFFFFFFFFFFFFFFFFFFF3F
:20618000FFFFFFFFFFFFFFFFFFFFFFFFFFFFFFFFFFFFFFFFFFFFFFFFFFFFFFFFFFFFFFFF1F
:2061A000FFFFFFFFFFFFFFFFFFFFFFFFFFFFFFFFFFFFFFFFFFFFFFFFFFFFFFFFFFFFFFFFFF
:2061C000FFFFFFFFFFFFFFFFFFFFFFFFFFFFFFFFFFFFFFFFFFFFFFFFFFFFFFFFFFFFFFFFDF
:2061E000FFFFFFFFFFFFFFFFFFFFFFFFFFFFFFFFFFFFFFFFFFFFFFFFFFFFFFFFFFFFFFFFBF
:20620000FFFFFFFFFFFFFFFFFFFFFFFFFFFFFFFFFFFFFFFFFFFFFFFFFFFFFFFFFFFFFFFF9E
:20622000FFFFFFFFFFFFFFFFFFFFFFFFFFFFFFFFFFFFFFFFFFFFFFFFFFFFFFFFFFFFFFFF7E
:20624000FFFFFFFFFFFFFFFFFFFFFFFFFFFFFFFFFFFFFFFFFFFFFFFFFFFFFFFFFFFFFFFF5E
:20626000FFFFFFFFFFFFFFFFFFFFFFFFFFFFFFFFFFFFFFFFFFFFFFFFFFFFFFFFFFFFFFFF3E
:20628000FFFFFFFFFFFFFFFFFFFFFFFFFFFFFFFFFFFFFFFFFFFFFFFFFFFFFFFFFFFFFFFF1E
:2062A000FFFFFFFFFFFFFFFFFFFFFFFFFFFFFFFFFFFFFFFFFFFFFFFFFFFFFFFFFFFFFFFFFE
:2062C000FFFFFFFFFFFFFFFFFFFFFFFFFFFFFFFFFFFFFFFFFFFFFFFFFFFFFFFFFFFFFFFFDE
:2062E000FFFFFFFFFFFFFFFFFFFFFFFFFFFFFFFFFFFFFFFFFFFFFFFFFFFFFFFFFFFFFFFFBE
:20630000FFFFFFFFFFFFFFFFFFFFFFFFFFFFFFFFFFFFFFFFFFFFFFFFFFFFFFFFFFFFFFFF9D
:20632000FFFFFFFFFFFFFFFFFFFFFFFFFFFFFFFFFFFFFFFFFFFFFFFFFFFFFFFFFFFFFFFF7D
:20634000FFFFFFFFFFFFFFFFFFFFFFFFFFFFFFFFFFFFFFFFFFFFFFFFFFFFFFFFFFFFFFFF5D
:20636000FFFFFFFFFFFFFFFFFFFFFFFFFFFFFFFFFFFFFFFFFFFFFFFFFFFFFFFFFFFFFFFF3D
:20638000FFFFFFFFFFFFFFFFFFFFFFFFFFFFFFFFFFFFFFFFFFFFFFFFFFFFFFFFFFFFFFFF1D
:2063A000FFFFFFFFFFFFFFFFFFFFFFFFFFFFFFFFFFFFFFFFFFFFFFFFFFFFFFFFFFFFFFFFFD
:2063C000FFFFFFFFFFFFFFFFFFFFFFFFFFFFFFFFFFFFFFFFFFFFFFFFFFFFFFFFFFFFFFFFDD
:2063E000FFFFFFFFFFFFFFFFFFFFFFFFFFFFFFFFFFFFFFFFFFFFFFFFFFFFFFFFFFFFFFFFBD
:20640000FFFFFFFFFFFFFFFFFFFFFFFFFFFFFFFFFFFFFFFFFFFFFFFFFFFFFFFFFFFFFFFF9C
:20642000FFFFFFFFFFFFFFFFFFFFFFFFFFFFFFFFFFFFFFFFFFFFFFFFFFFFFFFFFFFFFFFF7C
:20644000FFFFFFFFFFFFFFFFFFFFFFFFFFFFFFFFFFFFFFFFFFFFFFFFFFFFFFFFFFFFFFFF5C
:20646000FFFFFFFFFFFFFFFFFFFFFFFFFFFFFFFFFFFFFFFFFFFFFFFFFFFFFFFFFFFFFFFF3C
:20648000FFFFFFFFFFFFFFFFFFFFFFFFFFFFFFFFFFFFFFFFFFFFFFFFFFFFFFFFFFFFFFFF1C
:2064A000FFFFFFFFFFFFFFFFFFFFFFFFFFFFFFFFFFFFFFFFFFFFFFFFFFFFFFFFFFFFFFFFFC
:2064C000FFFFFFFFFFFFFFFFFFFFFFFFFFFFFFFFFFFFFFFFFFFFFFFFFFFFFFFFFFFFFFFFDC
:2064E000FFFFFFFFFFFFFFFFFFFFFFFFFFFFFFFFFFFFFFFFFFFFFFFFFFFFFFFFFFFFFFFFBC
:20650000FFFFFFFFFFFFFFFFFFFFFFFFFFFFFFFFFFFFFFFFFFFFFFFFFFFFFFFFFFFFFFFF9B
:20652000FFFFFFFFFFFFFFFFFFFFFFFFFFFFFFFFFFFFFFFFFFFFFFFFFFFFFFFFFFFFFFFF7B
:20654000FFFFFFFFFFFFFFFFFFFFFFFFFFFFFFFFFFFFFFFFFFFFFFFFFFFFFFFFFFFFFFFF5B
:20656000FFFFFFFFFFFFFFFFFFFFFFFFFFFFFFFFFFFFFFFFFFFFFFFFFFFFFFFFFFFFFFFF3B
:20658000FFFFFFFFFFFFFFFFFFFFFFFFFFFFFFFFFFFFFFFFFFFFFFFFFFFFFFFFFFFFFFFF1B
:2065A000FFFFFFFFFFFFFFFFFFFFFFFFFFFFFFFFFFFFFFFFFFFFFFFFFFFFFFFFFFFFFFFFFB
:2065C000FFFFFFFFFFFFFFFFFFFFFFFFFFFFFFFFFFFFFFFFFFFFFFFFFFFFFFFFFFFFFFFFDB
:2065E000FFFFFFFFFFFFFFFFFFFFFFFFFFFFFFFFFFFFFFFFFFFFFFFFFFFFFFFFFFFFFFFFBB
:20660000FFFFFFFFFFFFFFFFFFFFFFFFFFFFFFFFFFFFFFFFFFFFFFFFFFFFFFFFFFFFFFFF9A
:20662000FFFFFFFFFFFFFFFFFFFFFFFFFFFFFFFFFFFFFFFFFFFFFFFFFFFFFFFFFFFFFFFF7A
:20664000FFFFFFFFFFFFFFFFFFFFFFFFFFFFFFFFFFFFFFFFFFFFFFFFFFFFFFFFFFFFFFFF5A
:20666000FFFFFFFFFFFFFFFFFFFFFFFFFFFFFFFFFFFFFFFFFFFFFFFFFFFFFFFFFFFFFFFF3A
:20668000FFFFFFFFFFFFFFFFFFFFFFFFFFFFFFFFFFFFFFFFFFFFFFFFFFFFFFFFFFFFFFFF1A
:2066A000FFFFFFFFFFFFFFFFFFFFFFFFFFFFFFFFFFFFFFFFFFFFFFFFFFFFFFFFFFFFFFFFFA
:2066C000FFFFFFFFFFFFFFFFFFFFFFFFFFFFFFFFFFFFFFFFFFFFFFFFFFFFFFFFFFFFFFFFDA
:2066E000FFFFFFFFFFFFFFFFFFFFFFFFFFFFFFFFFFFFFFFFFFFFFFFFFFFFFFFFFFFFFFFFBA
:20670000FFFFFFFFFFFFFFFFFFFFFFFFFFFFFFFFFFFFFFFFFFFFFFFFFFFFFFFFFFFFFFFF99
:20672000FFFFFFFFFFFFFFFFFFFFFFFFFFFFFFFFFFFFFFFFFFFFFFFFFFFFFFFFFFFFFFFF79
:20674000FFFFFFFFFFFFFFFFFFFFFFFFFFFFFFFFFFFFFFFFFFFFFFFFFFFFFFFFFFFFFFFF59
:20676000FFFFFFFFFFFFFFFFFFFFFFFFFFFFFFFFFFFFFFFFFFFFFFFFFFFFFFFFFFFFFFFF39
:20678000FFFFFFFFFFFFFFFFFFFFFFFFFFFFFFFFFFFFFFFFFFFFFFFFFFFFFFFFFFFFFFFF19
:2067A000FFFFFFFFFFFFFFFFFFFFFFFFFFFFFFFFFFFFFFFFFFFFFFFFFFFFFFFFFFFFFFFFF9
:2067C000FFFFFFFFFFFFFFFFFFFFFFFFFFFFFFFFFFFFFFFFFFFFFFFFFFFFFFFFFFFFFFFFD9
:2067E000FFFFFFFFFFFFFFFFFFFFFFFFFFFFFFFFFFFFFFFFFFFFFFFFFFFFFFFFFFFFFFFFB9
:20680000FFFFFFFFFFFFFFFFFFFFFFFFFFFFFFFFFFFFFFFFFFFFFFFFFFFFFFFFFFFFFFFF98
:20682000FFFFFFFFFFFFFFFFFFFFFFFFFFFFFFFFFFFFFFFFFFFFFFFFFFFFFFFFFFFFFFFF78
:20684000FFFFFFFFFFFFFFFFFFFFFFFFFFFFFFFFFFFFFFFFFFFFFFFFFFFFFFFFFFFFFFFF58
:20686000FFFFFFFFFFFFFFFFFFFFFFFFFFFFFFFFFFFFFFFFFFFFFFFFFFFFFFFFFFFFFFFF38
:20688000FFFFFFFFFFFFFFFFFFFFFFFFFFFFFFFFFFFFFFFFFFFFFFFFFFFFFFFFFFFFFFFF18
:2068A000FFFFFFFFFFFFFFFFFFFFFFFFFFFFFFFFFFFFFFFFFFFFFFFFFFFFFFFFFFFFFFFFF8
:2068C000FFFFFFFFFFFFFFFFFFFFFFFFFFFFFFFFFFFFFFFFFFFFFFFFFFFFFFFFFFFFFFFFD8
:2068E000FFFFFFFFFFFFFFFFFFFFFFFFFFFFFFFFFFFFFFFFFFFFFFFFFFFFFFFFFFFFFFFFB8
:20690000FFFFFFFFFFFFFFFFFFFFFFFFFFFFFFFFFFFFFFFFFFFFFFFFFFFFFFFFFFFFFFFF97
:20692000FFFFFFFFFFFFFFFFFFFFFFFFFFFFFFFFFFFFFFFFFFFFFFFFFFFFFFFFFFFFFFFF77
:20694000FFFFFFFFFFFFFFFFFFFFFFFFFFFFFFFFFFFFFFFFFFFFFFFFFFFFFFFFFFFFFFFF57
:20696000FFFFFFFFFFFFFFFFFFFFFFFFFFFFFFFFFFFFFFFFFFFFFFFFFFFFFFFFFFFFFFFF37
:20698000FFFFFFFFFFFFFFFFFFFFFFFFFFFFFFFFFFFFFFFFFFFFFFFFFFFFFFFFFFFFFFFF17
:2069A000FFFFFFFFFFFFFFFFFFFFFFFFFFFFFFFFFFFFFFFFFFFFFFFFFFFFFFFFFFFFFFFFF7
:2069C000FFFFFFFFFFFFFFFFFFFFFFFFFFFFFFFFFFFFFFFFFFFFFFFFFFFFFFFFFFFFFFFFD7
:2069E000FFFFFFFFFFFFFFFFFFFFFFFFFFFFFFFFFFFFFFFFFFFFFFFFFFFFFFFFFFFFFFFFB7
:206A0000FFFFFFFFFFFFFFFFFFFFFFFFFFFFFFFFFFFFFFFFFFFFFFFFFFFFFFFFFFFFFFFF96
:206A2000FFFFFFFFFFFFFFFFFFFFFFFFFFFFFFFFFFFFFFFFFFFFFFFFFFFFFFFFFFFFFFFF76
:206A4000FFFFFFFFFFFFFFFFFFFFFFFFFFFFFFFFFFFFFFFFFFFFFFFFFFFFFFFFFFFFFFFF56
:206A6000FFFFFFFFFFFFFFFFFFFFFFFFFFFFFFFFFFFFFFFFFFFFFFFFFFFFFFFFFFFFFFFF36
:206A8000FFFFFFFFFFFFFFFFFFFFFFFFFFFFFFFFFFFFFFFFFFFFFFFFFFFFFFFFFFFFFFFF16
:206AA000FFFFFFFFFFFFFFFFFFFFFFFFFFFFFFFFFFFFFFFFFFFFFFFFFFFFFFFFFFFFFFFFF6
:206AC000FFFFFFFFFFFFFFFFFFFFFFFFFFFFFFFFFFFFFFFFFFFFFFFFFFFFFFFFFFFFFFFFD6
:206AE000FFFFFFFFFFFFFFFFFFFFFFFFFFFFFFFFFFFFFFFFFFFFFFFFFFFFFFFFFFFFFFFFB6
:206B0000FFFFFFFFFFFFFFFFFFFFFFFFFFFFFFFFFFFFFFFFFFFFFFFFFFFFFFFFFFFFFFFF95
:206B2000FFFFFFFFFFFFFFFFFFFFFFFFFFFFFFFFFFFFFFFFFFFFFFFFFFFFFFFFFFFFFFFF75
:206B4000FFFFFFFFFFFFFFFFFFFFFFFFFFFFFFFFFFFFFFFFFFFFFFFFFFFFFFFFFFFFFFFF55
:206B6000FFFFFFFFFFFFFFFFFFFFFFFFFFFFFFFFFFFFFFFFFFFFFFFFFFFFFFFFFFFFFFFF35
:206B8000FFFFFFFFFFFFFFFFFFFFFFFFFFFFFFFFFFFFFFFFFFFFFFFFFFFFFFFFFFFFFFFF15
:206BA000FFFFFFFFFFFFFFFFFFFFFFFFFFFFFFFFFFFFFFFFFFFFFFFFFFFFFFFFFFFFFFFFF5
:206BC000FFFFFFFFFFFFFFFFFFFFFFFFFFFFFFFFFFFFFFFFFFFFFFFFFFFFFFFFFFFFFFFFD5
:206BE000FFFFFFFFFFFFFFFFFFFFFFFFFFFFFFFFFFFFFFFFFFFFFFFFFFFFFFFFFFFFFFFFB5
:206C0000FFFFFFFFFFFFFFFFFFFFFFFFFFFFFFFFFFFFFFFFFFFFFFFFFFFFFFFFFFFFFFFF94
:206C2000FFFFFFFFFFFFFFFFFFFFFFFFFFFFFFFFFFFFFFFFFFFFFFFFFFFFFFFFFFFFFFFF74
:206C4000FFFFFFFFFFFFFFFFFFFFFFFFFFFFFFFFFFFFFFFFFFFFFFFFFFFFFFFFFFFFFFFF54
:206C6000FFFFFFFFFFFFFFFFFFFFFFFFFFFFFFFFFFFFFFFFFFFFFFFFFFFFFFFFFFFFFFFF34
:206C8000FFFFFFFFFFFFFFFFFFFFFFFFFFFFFFFFFFFFFFFFFFFFFFFFFFFFFFFFFFFFFFFF14
:206CA000FFFFFFFFFFFFFFFFFFFFFFFFFFFFFFFFFFFFFFFFFFFFFFFFFFFFFFFFFFFFFFFFF4
:206CC000FFFFFFFFFFFFFFFFFFFFFFFFFFFFFFFFFFFFFFFFFFFFFFFFFFFFFFFFFFFFFFFFD4
:206CE000FFFFFFFFFFFFFFFFFFFFFFFFFFFFFFFFFFFFFFFFFFFFFFFFFFFFFFFFFFFFFFFFB4
:206D0000FFFFFFFFFFFFFFFFFFFFFFFFFFFFFFFFFFFFFFFFFFFFFFFFFFFFFFFFFFFFFFFF93
:206D2000FFFFFFFFFFFFFFFFFFFFFFFFFFFFFFFFFFFFFFFFFFFFFFFFFFFFFFFFFFFFFFFF73
:206D4000FFFFFFFFFFFFFFFFFFFFFFFFFFFFFFFFFFFFFFFFFFFFFFFFFFFFFFFFFFFFFFFF53
:206D6000FFFFFFFFFFFFFFFFFFFFFFFFFFFFFFFFFFFFFFFFFFFFFFFFFFFFFFFFFFFFFFFF33
:206D8000FFFFFFFFFFFFFFFFFFFFFFFFFFFFFFFFFFFFFFFFFFFFFFFFFFFFFFFFFFFFFFFF13
:206DA000FFFFFFFFFFFFFFFFFFFFFFFFFFFFFFFFFFFFFFFFFFFFFFFFFFFFFFFFFFFFFFFFF3
:206DC000FFFFFFFFFFFFFFFFFFFFFFFFFFFFFFFFFFFFFFFFFFFFFFFFFFFFFFFFFFFFFFFFD3
:206DE000FFFFFFFFFFFFFFFFFFFFFFFFFFFFFFFFFFFFFFFFFFFFFFFFFFFFFFFFFFFFFFFFB3
:206E0000FFFFFFFFFFFFFFFFFFFFFFFFFFFFFFFFFFFFFFFFFFFFFFFFFFFFFFFFFFFFFFFF92
:206E2000FFFFFFFFFFFFFFFFFFFFFFFFFFFFFFFFFFFFFFFFFFFFFFFFFFFFFFFFFFFFFFFF72
:206E4000FFFFFFFFFFFFFFFFFFFFFFFFFFFFFFFFFFFFFFFFFFFFFFFFFFFFFFFFFFFFFFFF52
:206E6000FFFFFFFFFFFFFFFFFFFFFFFFFFFFFFFFFFFFFFFFFFFFFFFFFFFFFFFFFFFFFFFF32
:206E8000FFFFFFFFFFFFFFFFFFFFFFFFFFFFFFFFFFFFFFFFFFFFFFFFFFFFFFFFFFFFFFFF12
:206EA000FFFFFFFFFFFFFFFFFFFFFFFFFFFFFFFFFFFFFFFFFFFFFFFFFFFFFFFFFFFFFFFFF2
:206EC000FFFFFFFFFFFFFFFFFFFFFFFFFFFFFFFFFFFFFFFFFFFFFFFFFFFFFFFFFFFFFFFFD2
:206EE000FFFFFFFFFFFFFFFFFFFFFFFFFFFFFFFFFFFFFFFFFFFFFFFFFFFFFFFFFFFFFFFFB2
:206F0000FFFFFFFFFFFFFFFFFFFFFFFFFFFFFFFFFFFFFFFFFFFFFFFFFFFFFFFFFFFFFFFF91
:206F2000FFFFFFFFFFFFFFFFFFFFFFFFFFFFFFFFFFFFFFFFFFFFFFFFFFFFFFFFFFFFFFFF71
:206F4000FFFFFFFFFFFFFFFFFFFFFFFFFFFFFFFFFFFFFFFFFFFFFFFFFFFFFFFFFFFFFFFF51
:206F6000FFFFFFFFFFFFFFFFFFFFFFFFFFFFFFFFFFFFFFFFFFFFFFFFFFFFFFFFFFFFFFFF31
:206F8000FFFFFFFFFFFFFFFFFFFFFFFFFFFFFFFFFFFFFFFFFFFFFFFFFFFFFFFFFFFFFFFF11
:206FA000FFFFFFFFFFFFFFFFFFFFFFFFFFFFFFFFFFFFFFFFFFFFFFFFFFFFFFFFFFFFFFFFF1
:206FC000FFFFFFFFFFFFFFFFFFFFFFFFFFFFFFFFFFFFFFFFFFFFFFFFFFFFFFFFFFFFFFFFD1
:206FE000FFFFFFFFFFFFFFFFFFFFFFFFFFFFFFFFFFFFFFFFFFFFFFFFFFFFFFFFFFFFFFFFB1
:20700000FFFFFFFFFFFFFFFFFFFFFFFFFFFFFFFFFFFFFFFFFFFFFFFFFFFFFFFFFFFFFFFF90
:20702000FFFFFFFFFFFFFFFFFFFFFFFFFFFFFFFFFFFFFFFFFFFFFFFFFFFFFFFFFFFFFFFF70
:20704000FFFFFFFFFFFFFFFFFFFFFFFFFFFFFFFFFFFFFFFFFFFFFFFFFFFFFFFFFFFFFFFF50
:20706000FFFFFFFFFFFFFFFFFFFFFFFFFFFFFFFFFFFFFFFFFFFFFFFFFFFFFFFFFFFFFFFF30
:20708000FFFFFFFFFFFFFFFFFFFFFFFFFFFFFFFFFFFFFFFFFFFFFFFFFFFFFFFFFFFFFFFF10
:2070A000FFFFFFFFFFFFFFFFFFFFFFFFFFFFFFFFFFFFFFFFFFFFFFFFFFFFFFFFFFFFFFFFF0
:2070C000FFFFFFFFFFFFFFFFFFFFFFFFFFFFFFFFFFFFFFFFFFFFFFFFFFFFFFFFFFFFFFFFD0
:2070E000FFFFFFFFFFFFFFFFFFFFFFFFFFFFFFFFFFFFFFFFFFFFFFFFFFFFFFFFFFFFFFFFB0
:20710000FFFFFFFFFFFFFFFFFFFFFFFFFFFFFFFFFFFFFFFFFFFFFFFFFFFFFFFFFFFFFFFF8F
:20712000FFFFFFFFFFFFFFFFFFFFFFFFFFFFFFFFFFFFFFFFFFFFFFFFFFFFFFFFFFFFFFFF6F
:20714000FFFFFFFFFFFFFFFFFFFFFFFFFFFFFFFFFFFFFFFFFFFFFFFFFFFFFFFFFFFFFFFF4F
:20716000FFFFFFFFFFFFFFFFFFFFFFFFFFFFFFFFFFFFFFFFFFFFFFFFFFFFFFFFFFFFFFFF2F
:20718000FFFFFFFFFFFFFFFFFFFFFFFFFFFFFFFFFFFFFFFFFFFFFFFFFFFFFFFFFFFFFFFF0F
:2071A000FFFFFFFFFFFFFFFFFFFFFFFFFFFFFFFFFFFFFFFFFFFFFFFFFFFFFFFFFFFFFFFFEF
:2071C000FFFFFFFFFFFFFFFFFFFFFFFFFFFFFFFFFFFFFFFFFFFFFFFFFFFFFFFFFFFFFFFFCF
:2071E000FFFFFFFFFFFFFFFFFFFFFFFFFFFFFFFFFFFFFFFFFFFFFFFFFFFFFFFFFFFFFFFFAF
:20720000FFFFFFFFFFFFFFFFFFFFFFFFFFFFFFFFFFFFFFFFFFFFFFFFFFFFFFFFFFFFFFFF8E
:20722000FFFFFFFFFFFFFFFFFFFFFFFFFFFFFFFFFFFFFFFFFFFFFFFFFFFFFFFFFFFFFFFF6E
:20724000FFFFFFFFFFFFFFFFFFFFFFFFFFFFFFFFFFFFFFFFFFFFFFFFFFFFFFFFFFFFFFFF4E
:20726000FFFFFFFFFFFFFFFFFFFFFFFFFFFFFFFFFFFFFFFFFFFFFFFFFFFFFFFFFFFFFFFF2E
:20728000FFFFFFFFFFFFFFFFFFFFFFFFFFFFFFFFFFFFFFFFFFFFFFFFFFFFFFFFFFFFFFFF0E
:2072A000FFFFFFFFFFFFFFFFFFFFFFFFFFFFFFFFFFFFFFFFFFFFFFFFFFFFFFFFFFFFFFFFEE
:2072C000FFFFFFFFFFFFFFFFFFFFFFFFFFFFFFFFFFFFFFFFFFFFFFFFFFFFFFFFFFFFFFFFCE
:2072E000FFFFFFFFFFFFFFFFFFFFFFFFFFFFFFFFFFFFFFFFFFFFFFFFFFFFFFFFFFFFFFFFAE
:20730000FFFFFFFFFFFFFFFFFFFFFFFFFFFFFFFFFFFFFFFFFFFFFFFFFFFFFFFFFFFFFFFF8D
:20732000FFFFFFFFFFFFFFFFFFFFFFFFFFFFFFFFFFFFFFFFFFFFFFFFFFFFFFFFFFFFFFFF6D
:20734000FFFFFFFFFFFFFFFFFFFFFFFFFFFFFFFFFFFFFFFFFFFFFFFFFFFFFFFFFFFFFFFF4D
:20736000FFFFFFFFFFFFFFFFFFFFFFFFFFFFFFFFFFFFFFFFFFFFFFFFFFFFFFFFFFFFFFFF2D
:20738000FFFFFFFFFFFFFFFFFFFFFFFFFFFFFFFFFFFFFFFFFFFFFFFFFFFFFFFFFFFFFFFF0D
:2073A000FFFFFFFFFFFFFFFFFFFFFFFFFFFFFFFFFFFFFFFFFFFFFFFFFFFFFFFFFFFFFFFFED
:2073C000FFFFFFFFFFFFFFFFFFFFFFFFFFFFFFFFFFFFFFFFFFFFFFFFFFFFFFFFFFFFFFFFCD
:2073E000FFFFFFFFFFFFFFFFFFFFFFFFFFFFFFFFFFFFFFFFFFFFFFFFFFFFFFFFFFFFFFFFAD
:20740000FFFFFFFFFFFFFFFFFFFFFFFFFFFFFFFFFFFFFFFFFFFFFFFFFFFFFFFFFFFFFFFF8C
:20742000FFFFFFFFFFFFFFFFFFFFFFFFFFFFFFFFFFFFFFFFFFFFFFFFFFFFFFFFFFFFFFFF6C
:20744000FFFFFFFFFFFFFFFFFFFFFFFFFFFFFFFFFFFFFFFFFFFFFFFFFFFFFFFFFFFFFFFF4C
:20746000FFFFFFFFFFFFFFFFFFFFFFFFFFFFFFFFFFFFFFFFFFFFFFFFFFFFFFFFFFFFFFFF2C
:20748000FFFFFFFFFFFFFFFFFFFFFFFFFFFFFFFFFFFFFFFFFFFFFFFFFFFFFFFFFFFFFFFF0C
:2074A000FFFFFFFFFFFFFFFFFFFFFFFFFFFFFFFFFFFFFFFFFFFFFFFFFFFFFFFFFFFFFFFFEC
:2074C000FFFFFFFFFFFFFFFFFFFFFFFFFFFFFFFFFFFFFFFFFFFFFFFFFFFFFFFFFFFFFFFFCC
:2074E000FFFFFFFFFFFFFFFFFFFFFFFFFFFFFFFFFFFFFFFFFFFFFFFFFFFFFFFFFFFFFFFFAC
:20750000FFFFFFFFFFFFFFFFFFFFFFFFFFFFFFFFFFFFFFFFFFFFFFFFFFFFFFFFFFFFFFFF8B
:20752000FFFFFFFFFFFFFFFFFFFFFFFFFFFFFFFFFFFFFFFFFFFFFFFFFFFFFFFFFFFFFFFF6B
:20754000FFFFFFFFFFFFFFFFFFFFFFFFFFFFFFFFFFFFFFFFFFFFFFFFFFFFFFFFFFFFFFFF4B
:20756000FFFFFFFFFFFFFFFFFFFFFFFFFFFFFFFFFFFFFFFFFFFFFFFFFFFFFFFFFFFFFFFF2B
:20758000FFFFFFFFFFFFFFFFFFFFFFFFFFFFFFFFFFFFFFFFFFFFFFFFFFFFFFFFFFFFFFFF0B
:2075A000FFFFFFFFFFFFFFFFFFFFFFFFFFFFFFFFFFFFFFFFFFFFFFFFFFFFFFFFFFFFFFFFEB
:2075C000FFFFFFFFFFFFFFFFFFFFFFFFFFFFFFFFFFFFFFFFFFFFFFFFFFFFFFFFFFFFFFFFCB
:2075E000FFFFFFFFFFFFFFFFFFFFFFFFFFFFFFFFFFFFFFFFFFFFFFFFFFFFFFFFFFFFFFFFAB
:20760000FFFFFFFFFFFFFFFFFFFFFFFFFFFFFFFFFFFFFFFFFFFFFFFFFFFFFFFFFFFFFFFF8A
:20762000FFFFFFFFFFFFFFFFFFFFFFFFFFFFFFFFFFFFFFFFFFFFFFFFFFFFFFFFFFFFFFFF6A
:20764000FFFFFFFFFFFFFFFFFFFFFFFFFFFFFFFFFFFFFFFFFFFFFFFFFFFFFFFFFFFFFFFF4A
:20766000FFFFFFFFFFFFFFFFFFFFFFFFFFFFFFFFFFFFFFFFFFFFFFFFFFFFFFFFFFFFFFFF2A
:20768000FFFFFFFFFFFFFFFFFFFFFFFFFFFFFFFFFFFFFFFFFFFFFFFFFFFFFFFFFFFFFFFF0A
:2076A000FFFFFFFFFFFFFFFFFFFFFFFFFFFFFFFFFFFFFFFFFFFFFFFFFFFFFFFFFFFFFFFFEA
:2076C000FFFFFFFFFFFFFFFFFFFFFFFFFFFFFFFFFFFFFFFFFFFFFFFFFFFFFFFFFFFFFFFFCA
:2076E000FFFFFFFFFFFFFFFFFFFFFFFFFFFFFFFFFFFFFFFFFFFFFFFFFFFFFFFFFFFFFFFFAA
:20770000FFFFFFFFFFFFFFFFFFFFFFFFFFFFFFFFFFFFFFFFFFFFFFFFFFFFFFFFFFFFFFFF89
:20772000FFFFFFFFFFFFFFFFFFFFFFFFFFFFFFFFFFFFFFFFFFFFFFFFFFFFFFFFFFFFFFFF69
:20774000FFFFFFFFFFFFFFFFFFFFFFFFFFFFFFFFFFFFFFFFFFFFFFFFFFFFFFFFFFFFFFFF49
:20776000FFFFFFFFFFFFFFFFFFFFFFFFFFFFFFFFFFFFFFFFFFFFFFFFFFFFFFFFFFFFFFFF29
:20778000FFFFFFFFFFFFFFFFFFFFFFFFFFFFFFFFFFFFFFFFFFFFFFFFFFFFFFFFFFFFFFFF09
:2077A000FFFFFFFFFFFFFFFFFFFFFFFFFFFFFFFFFFFFFFFFFFFFFFFFFFFFFFFFFFFFFFFFE9
:2077C000FFFFFFFFFFFFFFFFFFFFFFFFFFFFFFFFFFFFFFFFFFFFFFFFFFFFFFFFFFFFFFFFC9
:2077E000FFFFFFFFFFFFFFFFFFFFFFFFFFFFFFFFFFFFFFFFFFFFFFFFFFFFFFFFFFFFFFFFA9
:20780000FFFFFFFFFFFFFFFFFFFFFFFFFFFFFFFFFFFFFFFFFFFFFFFFFFFFFFFFFFFFFFFF88
:20782000FFFFFFFFFFFFFFFFFFFFFFFFFFFFFFFFFFFFFFFFFFFFFFFFFFFFFFFFFFFFFFFF68
:20784000FFFFFFFFFFFFFFFFFFFFFFFFFFFFFFFFFFFFFFFFFFFFFFFFFFFFFFFFFFFFFFFF48
:20786000FFFFFFFFFFFFFFFFFFFFFFFFFFFFFFFFFFFFFFFFFFFFFFFFFFFFFFFFFFFFFFFF28
:20788000FFFFFFFFFFFFFFFFFFFFFFFFFFFFFFFFFFFFFFFFFFFFFFFFFFFFFFFFFFFFFFFF08
:2078A000FFFFFFFFFFFFFFFFFFFFFFFFFFFFFFFFFFFFFFFFFFFFFFFFFFFFFFFFFFFFFFFFE8
:2078C000FFFFFFFFFFFFFFFFFFFFFFFFFFFFFFFFFFFFFFFFFFFFFFFFFFFFFFFFFFFFFFFFC8
:2078E000FFFFFFFFFFFFFFFFFFFFFFFFFFFFFFFFFFFFFFFFFFFFFFFFFFFFFFFFFFFFFFFFA8
:20790000FFFFFFFFFFFFFFFFFFFFFFFFFFFFFFFFFFFFFFFFFFFFFFFFFFFFFFFFFFFFFFFF87
:20792000FFFFFFFFFFFFFFFFFFFFFFFFFFFFFFFFFFFFFFFFFFFFFFFFFFFFFFFFFFFFFFFF67
:20794000FFFFFFFFFFFFFFFFFFFFFFFFFFFFFFFFFFFFFFFFFFFFFFFFFFFFFFFFFFFFFFFF47
:20796000FFFFFFFFFFFFFFFFFFFFFFFFFFFFFFFFFFFFFFFFFFFFFFFFFFFFFFFFFFFFFFFF27
:20798000FFFFFFFFFFFFFFFFFFFFFFFFFFFFFFFFFFFFFFFFFFFFFFFFFFFFFFFFFFFFFFFF07
:2079A000FFFFFFFFFFFFFFFFFFFFFFFFFFFFFFFFFFFFFFFFFFFFFFFFFFFFFFFFFFFFFFFFE7
:2079C000FFFFFFFFFFFFFFFFFFFFFFFFFFFFFFFFFFFFFFFFFFFFFFFFFFFFFFFFFFFFFFFFC7
:2079E000FFFFFFFFFFFFFFFFFFFFFFFFFFFFFFFFFFFFFFFFFFFFFFFFFFFFFFFFFFFFFFFFA7
:207A0000FFFFFFFFFFFFFFFFFFFFFFFFFFFFFFFFFFFFFFFFFFFFFFFFFFFFFFFFFFFFFFFF86
:207A2000FFFFFFFFFFFFFFFFFFFFFFFFFFFFFFFFFFFFFFFFFFFFFFFFFFFFFFFFFFFFFFFF66
:207A4000FFFFFFFFFFFFFFFFFFFFFFFFFFFFFFFFFFFFFFFFFFFFFFFFFFFFFFFFFFFFFFFF46
:207A6000FFFFFFFFFFFFFFFFFFFFFFFFFFFFFFFFFFFFFFFFFFFFFFFFFFFFFFFFFFFFFFFF26
:207A8000FFFFFFFFFFFFFFFFFFFFFFFFFFFFFFFFFFFFFFFFFFFFFFFFFFFFFFFFFFFFFFFF06
:207AA000FFFFFFFFFFFFFFFFFFFFFFFFFFFFFFFFFFFFFFFFFFFFFFFFFFFFFFFFFFFFFFFFE6
:207AC000FFFFFFFFFFFFFFFFFFFFFFFFFFFFFFFFFFFFFFFFFFFFFFFFFFFFFFFFFFFFFFFFC6
:207AE000FFFFFFFFFFFFFFFFFFFFFFFFFFFFFFFFFFFFFFFFFFFFFFFFFFFFFFFFFFFFFFFFA6
:207B0000FFFFFFFFFFFFFFFFFFFFFFFFFFFFFFFFFFFFFFFFFFFFFFFFFFFFFFFFFFFFFFFF85
:207B2000FFFFFFFFFFFFFFFFFFFFFFFFFFFFFFFFFFFFFFFFFFFFFFFFFFFFFFFFFFFFFFFF65
:207B4000FFFFFFFFFFFFFFFFFFFFFFFFFFFFFFFFFFFFFFFFFFFFFFFFFFFFFFFFFFFFFFFF45
:207B6000FFFFFFFFFFFFFFFFFFFFFFFFFFFFFFFFFFFFFFFFFFFFFFFFFFFFFFFFFFFFFFFF25
:207B8000FFFFFFFFFFFFFFFFFFFFFFFFFFFFFFFFFFFFFFFFFFFFFFFFFFFFFFFFFFFFFFFF05
:207BA000FFFFFFFFFFFFFFFFFFFFFFFFFFFFFFFFFFFFFFFFFFFFFFFFFFFFFFFFFFFFFFFFE5
:207BC000FFFFFFFFFFFFFFFFFFFFFFFFFFFFFFFFFFFFFFFFFFFFFFFFFFFFFFFFFFFFFFFFC5
:207BE000FFFFFFFFFFFFFFFFFFFFFFFFFFFFFFFFFFFFFFFFFFFFFFFFFFFFFFFFFFFFFFFFA5
:207C0000FFFFFFFFFFFFFFFFFFFFFFFFFFFFFFFFFFFFFFFFFFFFFFFFFFFFFFFFFFFFFFFF84
:207C2000FFFFFFFFFFFFFFFFFFFFFFFFFFFFFFFFFFFFFFFFFFFFFFFFFFFFFFFFFFFFFFFF64
:207C4000FFFFFFFFFFFFFFFFFFFFFFFFFFFFFFFFFFFFFFFFFFFFFFFFFFFFFFFFFFFFFFFF44
:207C6000FFFFFFFFFFFFFFFFFFFFFFFFFFFFFFFFFFFFFFFFFFFFFFFFFFFFFFFFFFFFFFFF24
:207C8000FFFFFFFFFFFFFFFFFFFFFFFFFFFFFFFFFFFFFFFFFFFFFFFFFFFFFFFFFFFFFFFF04
:207CA000FFFFFFFFFFFFFFFFFFFFFFFFFFFFFFFFFFFFFFFFFFFFFFFFFFFFFFFFFFFFFFFFE4
:207CC000FFFFFFFFFFFFFFFFFFFFFFFFFFFFFFFFFFFFFFFFFFFFFFFFFFFFFFFFFFFFFFFFC4
:207CE000FFFFFFFFFFFFFFFFFFFFFFFFFFFFFFFFFFFFFFFFFFFFFFFFFFFFFFFFFFFFFFFFA4
:207D0000FFFFFFFFFFFFFFFFFFFFFFFFFFFFFFFFFFFFFFFFFFFFFFFFFFFFFFFFFFFFFFFF83
:207D2000FFFFFFFFFFFFFFFFFFFFFFFFFFFFFFFFFFFFFFFFFFFFFFFFFFFFFFFFFFFFFFFF63
:207D4000FFFFFFFFFFFFFFFFFFFFFFFFFFFFFFFFFFFFFFFFFFFFFFFFFFFFFFFFFFFFFFFF43
:207D6000FFFFFFFFFFFFFFFFFFFFFFFFFFFFFFFFFFFFFFFFFFFFFFFFFFFFFFFFFFFFFFFF23
:207D8000FFFFFFFFFFFFFFFFFFFFFFFFFFFFFFFFFFFFFFFFFFFFFFFFFFFFFFFFFFFFFFFF03
:207DA000FFFFFFFFFFFFFFFFFFFFFFFFFFFFFFFFFFFFFFFFFFFFFFFFFFFFFFFFFFFFFFFFE3
:207DC000FFFFFFFFFFFFFFFFFFFFFFFFFFFFFFFFFFFFFFFFFFFFFFFFFFFFFFFFFFFFFFFFC3
:207DE000FFFFFFFFFFFFFFFFFFFFFFFFFFFFFFFFFFFFFFFFFFFFFFFFFFFFFFFFFFFFFFFFA3
:207E0000FFFFFFFFFFFFFFFFFFFFFFFFFFFFFFFFFFFFFFFFFFFFFFFFFFFFFFFFFFFFFFFF82
:207E2000FFFFFFFFFFFFFFFFFFFFFFFFFFFFFFFFFFFFFFFFFFFFFFFFFFFFFFFFFFFFFFFF62
:207E4000FFFFFFFFFFFFFFFFFFFFFFFFFFFFFFFFFFFFFFFFFFFFFFFFFFFFFFFFFFFFFFFF42
:207E6000FFFFFFFFFFFFFFFFFFFFFFFFFFFFFFFFFFFFFFFFFFFFFFFFFFFFFFFFFFFFFFFF22
:207E8000FFFFFFFFFFFFFFFFFFFFFFFFFFFFFFFFFFFFFFFFFFFFFFFFFFFFFFFFFFFFFFFF02
:207EA000FFFFFFFFFFFFFFFFFFFFFFFFFFFFFFFFFFFFFFFFFFFFFFFFFFFFFFFFFFFFFFFFE2
:207EC000FFFFFFFFFFFFFFFFFFFFFFFFFFFFFFFFFFFFFFFFFFFFFFFFFFFFFFFFFFFFFFFFC2
:207EE000FFFFFFFFFFFFFFFFFFFFFFFFFFFFFFFFFFFFFFFFFFFFFFFFFFFFFFFFFFFFFFFFA2
:207F0000FFFFFFFFFFFFFFFFFFFFFFFFFFFFFFFFFFFFFFFFFFFFFFFFFFFFFFFFFFFFFFFF81
:207F2000FFFFFFFFFFFFFFFFFFFFFFFFFFFFFFFFFFFFFFFFFFFFFFFFFFFFFFFFFFFFFFFF61
:207F4000FFFFFFFFFFFFFFFFFFFFFFFFFFFFFFFFFFFFFFFFFFFFFFFFFFFFFFFFFFFFFFFF41
:207F6000FFFFFFFFFFFFFFFFFFFFFFFFFFFFFFFFFFFFFFFFFFFFFFFFFFFFFFFFFFFFFFFF21
:207F8000FFFFFFFFFFFFFFFFFFFFFFFFFFFFFFFFFFFFFFFFFFFFFFFFFFFFFFFFFFFFFFFF01
:207FA000FFFFFFFFFFFFFFFFFFFFFFFFFFFFFFFFFFFFFFFFFFFFFFFFFFFFFFFFFFFFFFFFE1
:207FC000FFFFFFFFFFFFFFFFFFFFFFFFFFFFFFFFFFFFFFFFFFFFFFFFFFFFFFFFFFFFFFFFC1
:207FE000FFFFFFFFFFFFFFFFFFFFFFFFFFFFFFFFFFFFFFFFFFFFFFFFFFFFFFFFFFFFFFFFA1
:20800000FFFFFFFFFFFFFFFFFFFFFFFFFFFFFFFFFFFFFFFFFFFFFFFFFFFFFFFFFFFFFFFF80
:20802000FFFFFFFFFFFFFFFFFFFFFFFFFFFFFFFFFFFFFFFFFFFFFFFFFFFFFFFFFFFFFFFF60
:20804000FFFFFFFFFFFFFFFFFFFFFFFFFFFFFFFFFFFFFFFFFFFFFFFFFFFFFFFFFFFFFFFF40
:20806000FFFFFFFFFFFFFFFFFFFFFFFFFFFFFFFFFFFFFFFFFFFFFFFFFFFFFFFFFFFFFFFF20
:20808000FFFFFFFFFFFFFFFFFFFFFFFFFFFFFFFFFFFFFFFFFFFFFFFFFFFFFFFFFFFFFFFF00
:2080A000FFFFFFFFFFFFFFFFFFFFFFFFFFFFFFFFFFFFFFFFFFFFFFFFFFFFFFFFFFFFFFFFE0
:2080C000FFFFFFFFFFFFFFFFFFFFFFFFFFFFFFFFFFFFFFFFFFFFFFFFFFFFFFFFFFFFFFFFC0
:2080E000FFFFFFFFFFFFFFFFFFFFFFFFFFFFFFFFFFFFFFFFFFFFFFFFFFFFFFFFFFFFFFFFA0
:20810000FFFFFFFFFFFFFFFFFFFFFFFFFFFFFFFFFFFFFFFFFFFFFFFFFFFFFFFFFFFFFFFF7F
:20812000FFFFFFFFFFFFFFFFFFFFFFFFFFFFFFFFFFFFFFFFFFFFFFFFFFFFFFFFFFFFFFFF5F
:20814000FFFFFFFFFFFFFFFFFFFFFFFFFFFFFFFFFFFFFFFFFFFFFFFFFFFFFFFFFFFFFFFF3F
:20816000FFFFFFFFFFFFFFFFFFFFFFFFFFFFFFFFFFFFFFFFFFFFFFFFFFFFFFFFFFFFFFFF1F
:20818000FFFFFFFFFFFFFFFFFFFFFFFFFFFFFFFFFFFFFFFFFFFFFFFFFFFFFFFFFFFFFFFFFF
:2081A000FFFFFFFFFFFFFFFFFFFFFFFFFFFFFFFFFFFFFFFFFFFFFFFFFFFFFFFFFFFFFFFFDF
:2081C000FFFFFFFFFFFFFFFFFFFFFFFFFFFFFFFFFFFFFFFFFFFFFFFFFFFFFFFFFFFFFFFFBF
:2081E000FFFFFFFFFFFFFFFFFFFFFFFFFFFFFFFFFFFFFFFFFFFFFFFFFFFFFFFFFFFFFFFF9F
:20820000FFFFFFFFFFFFFFFFFFFFFFFFFFFFFFFFFFFFFFFFFFFFFFFFFFFFFFFFFFFFFFFF7E
:20822000FFFFFFFFFFFFFFFFFFFFFFFFFFFFFFFFFFFFFFFFFFFFFFFFFFFFFFFFFFFFFFFF5E
:20824000FFFFFFFFFFFFFFFFFFFFFFFFFFFFFFFFFFFFFFFFFFFFFFFFFFFFFFFFFFFFFFFF3E
:20826000FFFFFFFFFFFFFFFFFFFFFFFFFFFFFFFFFFFFFFFFFFFFFFFFFFFFFFFFFFFFFFFF1E
:20828000FFFFFFFFFFFFFFFFFFFFFFFFFFFFFFFFFFFFFFFFFFFFFFFFFFFFFFFFFFFFFFFFFE
:2082A000FFFFFFFFFFFFFFFFFFFFFFFFFFFFFFFFFFFFFFFFFFFFFFFFFFFFFFFFFFFFFFFFDE
:2082C000FFFFFFFFFFFFFFFFFFFFFFFFFFFFFFFFFFFFFFFFFFFFFFFFFFFFFFFFFFFFFFFFBE
:2082E000FFFFFFFFFFFFFFFFFFFFFFFFFFFFFFFFFFFFFFFFFFFFFFFFFFFFFFFFFFFFFFFF9E
:20830000FFFFFFFFFFFFFFFFFFFFFFFFFFFFFFFFFFFFFFFFFFFFFFFFFFFFFFFFFFFFFFFF7D
:20832000FFFFFFFFFFFFFFFFFFFFFFFFFFFFFFFFFFFFFFFFFFFFFFFFFFFFFFFFFFFFFFFF5D
:20834000FFFFFFFFFFFFFFFFFFFFFFFFFFFFFFFFFFFFFFFFFFFFFFFFFFFFFFFFFFFFFFFF3D
:20836000FFFFFFFFFFFFFFFFFFFFFFFFFFFFFFFFFFFFFFFFFFFFFFFFFFFFFFFFFFFFFFFF1D
:20838000FFFFFFFFFFFFFFFFFFFFFFFFFFFFFFFFFFFFFFFFFFFFFFFFFFFFFFFFFFFFFFFFFD
:2083A000FFFFFFFFFFFFFFFFFFFFFFFFFFFFFFFFFFFFFFFFFFFFFFFFFFFFFFFFFFFFFFFFDD
:2083C000FFFFFFFFFFFFFFFFFFFFFFFFFFFFFFFFFFFFFFFFFFFFFFFFFFFFFFFFFFFFFFFFBD
:2083E000FFFFFFFFFFFFFFFFFFFFFFFFFFFFFFFFFFFFFFFFFFFFFFFFFFFFFFFFFFFFFFFF9D
:20840000FFFFFFFFFFFFFFFFFFFFFFFFFFFFFFFFFFFFFFFFFFFFFFFFFFFFFFFFFFFFFFFF7C
:20842000FFFFFFFFFFFFFFFFFFFFFFFFFFFFFFFFFFFFFFFFFFFFFFFFFFFFFFFFFFFFFFFF5C
:20844000FFFFFFFFFFFFFFFFFFFFFFFFFFFFFFFFFFFFFFFFFFFFFFFFFFFFFFFFFFFFFFFF3C
:20846000FFFFFFFFFFFFFFFFFFFFFFFFFFFFFFFFFFFFFFFFFFFFFFFFFFFFFFFFFFFFFFFF1C
:20848000FFFFFFFFFFFFFFFFFFFFFFFFFFFFFFFFFFFFFFFFFFFFFFFFFFFFFFFFFFFFFFFFFC
:2084A000FFFFFFFFFFFFFFFFFFFFFFFFFFFFFFFFFFFFFFFFFFFFFFFFFFFFFFFFFFFFFFFFDC
:2084C000FFFFFFFFFFFFFFFFFFFFFFFFFFFFFFFFFFFFFFFFFFFFFFFFFFFFFFFFFFFFFFFFBC
:2084E000FFFFFFFFFFFFFFFFFFFFFFFFFFFFFFFFFFFFFFFFFFFFFFFFFFFFFFFFFFFFFFFF9C
:20850000FFFFFFFFFFFFFFFFFFFFFFFFFFFFFFFFFFFFFFFFFFFFFFFFFFFFFFFFFFFFFFFF7B
:20852000FFFFFFFFFFFFFFFFFFFFFFFFFFFFFFFFFFFFFFFFFFFFFFFFFFFFFFFFFFFFFFFF5B
:20854000FFFFFFFFFFFFFFFFFFFFFFFFFFFFFFFFFFFFFFFFFFFFFFFFFFFFFFFFFFFFFFFF3B
:20856000FFFFFFFFFFFFFFFFFFFFFFFFFFFFFFFFFFFFFFFFFFFFFFFFFFFFFFFFFFFFFFFF1B
:20858000FFFFFFFFFFFFFFFFFFFFFFFFFFFFFFFFFFFFFFFFFFFFFFFFFFFFFFFFFFFFFFFFFB
:2085A000FFFFFFFFFFFFFFFFFFFFFFFFFFFFFFFFFFFFFFFFFFFFFFFFFFFFFFFFFFFFFFFFDB
:2085C000FFFFFFFFFFFFFFFFFFFFFFFFFFFFFFFFFFFFFFFFFFFFFFFFFFFFFFFFFFFFFFFFBB
:2085E000FFFFFFFFFFFFFFFFFFFFFFFFFFFFFFFFFFFFFFFFFFFFFFFFFFFFFFFFFFFFFFFF9B
:20860000FFFFFFFFFFFFFFFFFFFFFFFFFFFFFFFFFFFFFFFFFFFFFFFFFFFFFFFFFFFFFFFF7A
:20862000FFFFFFFFFFFFFFFFFFFFFFFFFFFFFFFFFFFFFFFFFFFFFFFFFFFFFFFFFFFFFFFF5A
:20864000FFFFFFFFFFFFFFFFFFFFFFFFFFFFFFFFFFFFFFFFFFFFFFFFFFFFFFFFFFFFFFFF3A
:20866000FFFFFFFFFFFFFFFFFFFFFFFFFFFFFFFFFFFFFFFFFFFFFFFFFFFFFFFFFFFFFFFF1A
:20868000FFFFFFFFFFFFFFFFFFFFFFFFFFFFFFFFFFFFFFFFFFFFFFFFFFFFFFFFFFFFFFFFFA
:2086A000FFFFFFFFFFFFFFFFFFFFFFFFFFFFFFFFFFFFFFFFFFFFFFFFFFFFFFFFFFFFFFFFDA
:2086C000FFFFFFFFFFFFFFFFFFFFFFFFFFFFFFFFFFFFFFFFFFFFFFFFFFFFFFFFFFFFFFFFBA
:2086E000FFFFFFFFFFFFFFFFFFFFFFFFFFFFFFFFFFFFFFFFFFFFFFFFFFFFFFFFFFFFFFFF9A
:20870000FFFFFFFFFFFFFFFFFFFFFFFFFFFFFFFFFFFFFFFFFFFFFFFFFFFFFFFFFFFFFFFF79
:20872000FFFFFFFFFFFFFFFFFFFFFFFFFFFFFFFFFFFFFFFFFFFFFFFFFFFFFFFFFFFFFFFF59
:20874000FFFFFFFFFFFFFFFFFFFFFFFFFFFFFFFFFFFFFFFFFFFFFFFFFFFFFFFFFFFFFFFF39
:20876000FFFFFFFFFFFFFFFFFFFFFFFFFFFFFFFFFFFFFFFFFFFFFFFFFFFFFFFFFFFFFFFF19
:20878000FFFFFFFFFFFFFFFFFFFFFFFFFFFFFFFFFFFFFFFFFFFFFFFFFFFFFFFFFFFFFFFFF9
:2087A000FFFFFFFFFFFFFFFFFFFFFFFFFFFFFFFFFFFFFFFFFFFFFFFFFFFFFFFFFFFFFFFFD9
:2087C000FFFFFFFFFFFFFFFFFFFFFFFFFFFFFFFFFFFFFFFFFFFFFFFFFFFFFFFFFFFFFFFFB9
:2087E000FFFFFFFFFFFFFFFFFFFFFFFFFFFFFFFFFFFFFFFFFFFFFFFFFFFFFFFFFFFFFFFF99
:20880000FFFFFFFFFFFFFFFFFFFFFFFFFFFFFFFFFFFFFFFFFFFFFFFFFFFFFFFFFFFFFFFF78
:20882000FFFFFFFFFFFFFFFFFFFFFFFFFFFFFFFFFFFFFFFFFFFFFFFFFFFFFFFFFFFFFFFF58
:20884000FFFFFFFFFFFFFFFFFFFFFFFFFFFFFFFFFFFFFFFFFFFFFFFFFFFFFFFFFFFFFFFF38
:20886000FFFFFFFFFFFFFFFFFFFFFFFFFFFFFFFFFFFFFFFFFFFFFFFFFFFFFFFFFFFFFFFF18
:20888000FFFFFFFFFFFFFFFFFFFFFFFFFFFFFFFFFFFFFFFFFFFFFFFFFFFFFFFFFFFFFFFFF8
:2088A000FFFFFFFFFFFFFFFFFFFFFFFFFFFFFFFFFFFFFFFFFFFFFFFFFFFFFFFFFFFFFFFFD8
:2088C000FFFFFFFFFFFFFFFFFFFFFFFFFFFFFFFFFFFFFFFFFFFFFFFFFFFFFFFFFFFFFFFFB8
:2088E000FFFFFFFFFFFFFFFFFFFFFFFFFFFFFFFFFFFFFFFFFFFFFFFFFFFFFFFFFFFFFFFF98
:20890000FFFFFFFFFFFFFFFFFFFFFFFFFFFFFFFFFFFFFFFFFFFFFFFFFFFFFFFFFFFFFFFF77
:20892000FFFFFFFFFFFFFFFFFFFFFFFFFFFFFFFFFFFFFFFFFFFFFFFFFFFFFFFFFFFFFFFF57
:20894000FFFFFFFFFFFFFFFFFFFFFFFFFFFFFFFFFFFFFFFFFFFFFFFFFFFFFFFFFFFFFFFF37
:20896000FFFFFFFFFFFFFFFFFFFFFFFFFFFFFFFFFFFFFFFFFFFFFFFFFFFFFFFFFFFFFFFF17
:20898000FFFFFFFFFFFFFFFFFFFFFFFFFFFFFFFFFFFFFFFFFFFFFFFFFFFFFFFFFFFFFFFFF7
:2089A000FFFFFFFFFFFFFFFFFFFFFFFFFFFFFFFFFFFFFFFFFFFFFFFFFFFFFFFFFFFFFFFFD7
:2089C000FFFFFFFFFFFFFFFFFFFFFFFFFFFFFFFFFFFFFFFFFFFFFFFFFFFFFFFFFFFFFFFFB7
:2089E000FFFFFFFFFFFFFFFFFFFFFFFFFFFFFFFFFFFFFFFFFFFFFFFFFFFFFFFFFFFFFFFF97
:208A0000FFFFFFFFFFFFFFFFFFFFFFFFFFFFFFFFFFFFFFFFFFFFFFFFFFFFFFFFFFFFFFFF76
:208A2000FFFFFFFFFFFFFFFFFFFFFFFFFFFFFFFFFFFFFFFFFFFFFFFFFFFFFFFFFFFFFFFF56
:208A4000FFFFFFFFFFFFFFFFFFFFFFFFFFFFFFFFFFFFFFFFFFFFFFFFFFFFFFFFFFFFFFFF36
:208A6000FFFFFFFFFFFFFFFFFFFFFFFFFFFFFFFFFFFFFFFFFFFFFFFFFFFFFFFFFFFFFFFF16
:208A8000FFFFFFFFFFFFFFFFFFFFFFFFFFFFFFFFFFFFFFFFFFFFFFFFFFFFFFFFFFFFFFFFF6
:208AA000FFFFFFFFFFFFFFFFFFFFFFFFFFFFFFFFFFFFFFFFFFFFFFFFFFFFFFFFFFFFFFFFD6
:208AC000FFFFFFFFFFFFFFFFFFFFFFFFFFFFFFFFFFFFFFFFFFFFFFFFFFFFFFFFFFFFFFFFB6
:208AE000FFFFFFFFFFFFFFFFFFFFFFFFFFFFFFFFFFFFFFFFFFFFFFFFFFFFFFFFFFFFFFFF96
:208B0000FFFFFFFFFFFFFFFFFFFFFFFFFFFFFFFFFFFFFFFFFFFFFFFFFFFFFFFFFFFFFFFF75
:208B2000FFFFFFFFFFFFFFFFFFFFFFFFFFFFFFFFFFFFFFFFFFFFFFFFFFFFFFFFFFFFFFFF55
:208B4000FFFFFFFFFFFFFFFFFFFFFFFFFFFFFFFFFFFFFFFFFFFFFFFFFFFFFFFFFFFFFFFF35
:208B6000FFFFFFFFFFFFFFFFFFFFFFFFFFFFFFFFFFFFFFFFFFFFFFFFFFFFFFFFFFFFFFFF15
:208B8000FFFFFFFFFFFFFFFFFFFFFFFFFFFFFFFFFFFFFFFFFFFFFFFFFFFFFFFFFFFFFFFFF5
:208BA000FFFFFFFFFFFFFFFFFFFFFFFFFFFFFFFFFFFFFFFFFFFFFFFFFFFFFFFFFFFFFFFFD5
:208BC000FFFFFFFFFFFFFFFFFFFFFFFFFFFFFFFFFFFFFFFFFFFFFFFFFFFFFFFFFFFFFFFFB5
:208BE000FFFFFFFFFFFFFFFFFFFFFFFFFFFFFFFFFFFFFFFFFFFFFFFFFFFFFFFFFFFFFFFF95
:208C0000FFFFFFFFFFFFFFFFFFFFFFFFFFFFFFFFFFFFFFFFFFFFFFFFFFFFFFFFFFFFFFFF74
:208C2000FFFFFFFFFFFFFFFFFFFFFFFFFFFFFFFFFFFFFFFFFFFFFFFFFFFFFFFFFFFFFFFF54
:208C4000FFFFFFFFFFFFFFFFFFFFFFFFFFFFFFFFFFFFFFFFFFFFFFFFFFFFFFFFFFFFFFFF34
:208C6000FFFFFFFFFFFFFFFFFFFFFFFFFFFFFFFFFFFFFFFFFFFFFFFFFFFFFFFFFFFFFFFF14
:208C8000FFFFFFFFFFFFFFFFFFFFFFFFFFFFFFFFFFFFFFFFFFFFFFFFFFFFFFFFFFFFFFFFF4
:208CA000FFFFFFFFFFFFFFFFFFFFFFFFFFFFFFFFFFFFFFFFFFFFFFFFFFFFFFFFFFFFFFFFD4
:208CC000FFFFFFFFFFFFFFFFFFFFFFFFFFFFFFFFFFFFFFFFFFFFFFFFFFFFFFFFFFFFFFFFB4
:208CE000FFFFFFFFFFFFFFFFFFFFFFFFFFFFFFFFFFFFFFFFFFFFFFFFFFFFFFFFFFFFFFFF94
:208D0000FFFFFFFFFFFFFFFFFFFFFFFFFFFFFFFFFFFFFFFFFFFFFFFFFFFFFFFFFFFFFFFF73
:208D2000FFFFFFFFFFFFFFFFFFFFFFFFFFFFFFFFFFFFFFFFFFFFFFFFFFFFFFFFFFFFFFFF53
:208D4000FFFFFFFFFFFFFFFFFFFFFFFFFFFFFFFFFFFFFFFFFFFFFFFFFFFFFFFFFFFFFFFF33
:208D6000FFFFFFFFFFFFFFFFFFFFFFFFFFFFFFFFFFFFFFFFFFFFFFFFFFFFFFFFFFFFFFFF13
:208D8000FFFFFFFFFFFFFFFFFFFFFFFFFFFFFFFFFFFFFFFFFFFFFFFFFFFFFFFFFFFFFFFFF3
:208DA000FFFFFFFFFFFFFFFFFFFFFFFFFFFFFFFFFFFFFFFFFFFFFFFFFFFFFFFFFFFFFFFFD3
:208DC000FFFFFFFFFFFFFFFFFFFFFFFFFFFFFFFFFFFFFFFFFFFFFFFFFFFFFFFFFFFFFFFFB3
:208DE000FFFFFFFFFFFFFFFFFFFFFFFFFFFFFFFFFFFFFFFFFFFFFFFFFFFFFFFFFFFFFFFF93
:208E0000FFFFFFFFFFFFFFFFFFFFFFFFFFFFFFFFFFFFFFFFFFFFFFFFFFFFFFFFFFFFFFFF72
:208E2000FFFFFFFFFFFFFFFFFFFFFFFFFFFFFFFFFFFFFFFFFFFFFFFFFFFFFFFFFFFFFFFF52
:208E4000FFFFFFFFFFFFFFFFFFFFFFFFFFFFFFFFFFFFFFFFFFFFFFFFFFFFFFFFFFFFFFFF32
:208E6000FFFFFFFFFFFFFFFFFFFFFFFFFFFFFFFFFFFFFFFFFFFFFFFFFFFFFFFFFFFFFFFF12
:208E8000FFFFFFFFFFFFFFFFFFFFFFFFFFFFFFFFFFFFFFFFFFFFFFFFFFFFFFFFFFFFFFFFF2
:208EA000FFFFFFFFFFFFFFFFFFFFFFFFFFFFFFFFFFFFFFFFFFFFFFFFFFFFFFFFFFFFFFFFD2
:208EC000FFFFFFFFFFFFFFFFFFFFFFFFFFFFFFFFFFFFFFFFFFFFFFFFFFFFFFFFFFFFFFFFB2
:208EE000FFFFFFFFFFFFFFFFFFFFFFFFFFFFFFFFFFFFFFFFFFFFFFFFFFFFFFFFFFFFFFFF92
:208F0000FFFFFFFFFFFFFFFFFFFFFFFFFFFFFFFFFFFFFFFFFFFFFFFFFFFFFFFFFFFFFFFF71
:208F2000FFFFFFFFFFFFFFFFFFFFFFFFFFFFFFFFFFFFFFFFFFFFFFFFFFFFFFFFFFFFFFFF51
:208F4000FFFFFFFFFFFFFFFFFFFFFFFFFFFFFFFFFFFFFFFFFFFFFFFFFFFFFFFFFFFFFFFF31
:208F6000FFFFFFFFFFFFFFFFFFFFFFFFFFFFFFFFFFFFFFFFFFFFFFFFFFFFFFFFFFFFFFFF11
:208F8000FFFFFFFFFFFFFFFFFFFFFFFFFFFFFFFFFFFFFFFFFFFFFFFFFFFFFFFFFFFFFFFFF1
:208FA000FFFFFFFFFFFFFFFFFFFFFFFFFFFFFFFFFFFFFFFFFFFFFFFFFFFFFFFFFFFFFFFFD1
:208FC000FFFFFFFFFFFFFFFFFFFFFFFFFFFFFFFFFFFFFFFFFFFFFFFFFFFFFFFFFFFFFFFFB1
:208FE000FFFFFFFFFFFFFFFFFFFFFFFFFFFFFFFFFFFFFFFFFFFFFFFFFFFFFFFFFFFFFFFF91
:20900000FFFFFFFFFFFFFFFFFFFFFFFFFFFFFFFFFFFFFFFFFFFFFFFFFFFFFFFFFFFFFFFF70
:20902000FFFFFFFFFFFFFFFFFFFFFFFFFFFFFFFFFFFFFFFFFFFFFFFFFFFFFFFFFFFFFFFF50
:20904000FFFFFFFFFFFFFFFFFFFFFFFFFFFFFFFFFFFFFFFFFFFFFFFFFFFFFFFFFFFFFFFF30
:20906000FFFFFFFFFFFFFFFFFFFFFFFFFFFFFFFFFFFFFFFFFFFFFFFFFFFFFFFFFFFFFFFF10
:20908000FFFFFFFFFFFFFFFFFFFFFFFFFFFFFFFFFFFFFFFFFFFFFFFFFFFFFFFFFFFFFFFFF0
:2090A000FFFFFFFFFFFFFFFFFFFFFFFFFFFFFFFFFFFFFFFFFFFFFFFFFFFFFFFFFFFFFFFFD0
:2090C000FFFFFFFFFFFFFFFFFFFFFFFFFFFFFFFFFFFFFFFFFFFFFFFFFFFFFFFFFFFFFFFFB0
:2090E000FFFFFFFFFFFFFFFFFFFFFFFFFFFFFFFFFFFFFFFFFFFFFFFFFFFFFFFFFFFFFFFF90
:20910000FFFFFFFFFFFFFFFFFFFFFFFFFFFFFFFFFFFFFFFFFFFFFFFFFFFFFFFFFFFFFFFF6F
:20912000FFFFFFFFFFFFFFFFFFFFFFFFFFFFFFFFFFFFFFFFFFFFFFFFFFFFFFFFFFFFFFFF4F
:20914000FFFFFFFFFFFFFFFFFFFFFFFFFFFFFFFFFFFFFFFFFFFFFFFFFFFFFFFFFFFFFFFF2F
:20916000FFFFFFFFFFFFFFFFFFFFFFFFFFFFFFFFFFFFFFFFFFFFFFFFFFFFFFFFFFFFFFFF0F
:20918000FFFFFFFFFFFFFFFFFFFFFFFFFFFFFFFFFFFFFFFFFFFFFFFFFFFFFFFFFFFFFFFFEF
:2091A000FFFFFFFFFFFFFFFFFFFFFFFFFFFFFFFFFFFFFFFFFFFFFFFFFFFFFFFFFFFFFFFFCF
:2091C000FFFFFFFFFFFFFFFFFFFFFFFFFFFFFFFFFFFFFFFFFFFFFFFFFFFFFFFFFFFFFFFFAF
:2091E000FFFFFFFFFFFFFFFFFFFFFFFFFFFFFFFFFFFFFFFFFFFFFFFFFFFFFFFFFFFFFFFF8F
:20920000FFFFFFFFFFFFFFFFFFFFFFFFFFFFFFFFFFFFFFFFFFFFFFFFFFFFFFFFFFFFFFFF6E
:20922000FFFFFFFFFFFFFFFFFFFFFFFFFFFFFFFFFFFFFFFFFFFFFFFFFFFFFFFFFFFFFFFF4E
:20924000FFFFFFFFFFFFFFFFFFFFFFFFFFFFFFFFFFFFFFFFFFFFFFFFFFFFFFFFFFFFFFFF2E
:20926000FFFFFFFFFFFFFFFFFFFFFFFFFFFFFFFFFFFFFFFFFFFFFFFFFFFFFFFFFFFFFFFF0E
:20928000FFFFFFFFFFFFFFFFFFFFFFFFFFFFFFFFFFFFFFFFFFFFFFFFFFFFFFFFFFFFFFFFEE
:2092A000FFFFFFFFFFFFFFFFFFFFFFFFFFFFFFFFFFFFFFFFFFFFFFFFFFFFFFFFFFFFFFFFCE
:2092C000FFFFFFFFFFFFFFFFFFFFFFFFFFFFFFFFFFFFFFFFFFFFFFFFFFFFFFFFFFFFFFFFAE
:2092E000FFFFFFFFFFFFFFFFFFFFFFFFFFFFFFFFFFFFFFFFFFFFFFFFFFFFFFFFFFFFFFFF8E
:20930000FFFFFFFFFFFFFFFFFFFFFFFFFFFFFFFFFFFFFFFFFFFFFFFFFFFFFFFFFFFFFFFF6D
:20932000FFFFFFFFFFFFFFFFFFFFFFFFFFFFFFFFFFFFFFFFFFFFFFFFFFFFFFFFFFFFFFFF4D
:20934000FFFFFFFFFFFFFFFFFFFFFFFFFFFFFFFFFFFFFFFFFFFFFFFFFFFFFFFFFFFFFFFF2D
:20936000FFFFFFFFFFFFFFFFFFFFFFFFFFFFFFFFFFFFFFFFFFFFFFFFFFFFFFFFFFFFFFFF0D
:20938000FFFFFFFFFFFFFFFFFFFFFFFFFFFFFFFFFFFFFFFFFFFFFFFFFFFFFFFFFFFFFFFFED
:2093A000FFFFFFFFFFFFFFFFFFFFFFFFFFFFFFFFFFFFFFFFFFFFFFFFFFFFFFFFFFFFFFFFCD
:2093C000FFFFFFFFFFFFFFFFFFFFFFFFFFFFFFFFFFFFFFFFFFFFFFFFFFFFFFFFFFFFFFFFAD
:2093E000FFFFFFFFFFFFFFFFFFFFFFFFFFFFFFFFFFFFFFFFFFFFFFFFFFFFFFFFFFFFFFFF8D
:20940000FFFFFFFFFFFFFFFFFFFFFFFFFFFFFFFFFFFFFFFFFFFFFFFFFFFFFFFFFFFFFFFF6C
:20942000FFFFFFFFFFFFFFFFFFFFFFFFFFFFFFFFFFFFFFFFFFFFFFFFFFFFFFFFFFFFFFFF4C
:20944000FFFFFFFFFFFFFFFFFFFFFFFFFFFFFFFFFFFFFFFFFFFFFFFFFFFFFFFFFFFFFFFF2C
:20946000FFFFFFFFFFFFFFFFFFFFFFFFFFFFFFFFFFFFFFFFFFFFFFFFFFFFFFFFFFFFFFFF0C
:20948000FFFFFFFFFFFFFFFFFFFFFFFFFFFFFFFFFFFFFFFFFFFFFFFFFFFFFFFFFFFFFFFFEC
:2094A000FFFFFFFFFFFFFFFFFFFFFFFFFFFFFFFFFFFFFFFFFFFFFFFFFFFFFFFFFFFFFFFFCC
:2094C000FFFFFFFFFFFFFFFFFFFFFFFFFFFFFFFFFFFFFFFFFFFFFFFFFFFFFFFFFFFFFFFFAC
:2094E000FFFFFFFFFFFFFFFFFFFFFFFFFFFFFFFFFFFFFFFFFFFFFFFFFFFFFFFFFFFFFFFF8C
:20950000FFFFFFFFFFFFFFFFFFFFFFFFFFFFFFFFFFFFFFFFFFFFFFFFFFFFFFFFFFFFFFFF6B
:20952000FFFFFFFFFFFFFFFFFFFFFFFFFFFFFFFFFFFFFFFFFFFFFFFFFFFFFFFFFFFFFFFF4B
:20954000FFFFFFFFFFFFFFFFFFFFFFFFFFFFFFFFFFFFFFFFFFFFFFFFFFFFFFFFFFFFFFFF2B
:20956000FFFFFFFFFFFFFFFFFFFFFFFFFFFFFFFFFFFFFFFFFFFFFFFFFFFFFFFFFFFFFFFF0B
:20958000FFFFFFFFFFFFFFFFFFFFFFFFFFFFFFFFFFFFFFFFFFFFFFFFFFFFFFFFFFFFFFFFEB
:2095A000FFFFFFFFFFFFFFFFFFFFFFFFFFFFFFFFFFFFFFFFFFFFFFFFFFFFFFFFFFFFFFFFCB
:2095C000FFFFFFFFFFFFFFFFFFFFFFFFFFFFFFFFFFFFFFFFFFFFFFFFFFFFFFFFFFFFFFFFAB
:2095E000FFFFFFFFFFFFFFFFFFFFFFFFFFFFFFFFFFFFFFFFFFFFFFFFFFFFFFFFFFFFFFFF8B
:20960000FFFFFFFFFFFFFFFFFFFFFFFFFFFFFFFFFFFFFFFFFFFFFFFFFFFFFFFFFFFFFFFF6A
:20962000FFFFFFFFFFFFFFFFFFFFFFFFFFFFFFFFFFFFFFFFFFFFFFFFFFFFFFFFFFFFFFFF4A
:20964000FFFFFFFFFFFFFFFFFFFFFFFFFFFFFFFFFFFFFFFFFFFFFFFFFFFFFFFFFFFFFFFF2A
:20966000FFFFFFFFFFFFFFFFFFFFFFFFFFFFFFFFFFFFFFFFFFFFFFFFFFFFFFFFFFFFFFFF0A
:20968000FFFFFFFFFFFFFFFFFFFFFFFFFFFFFFFFFFFFFFFFFFFFFFFFFFFFFFFFFFFFFFFFEA
:2096A000FFFFFFFFFFFFFFFFFFFFFFFFFFFFFFFFFFFFFFFFFFFFFFFFFFFFFFFFFFFFFFFFCA
:2096C000FFFFFFFFFFFFFFFFFFFFFFFFFFFFFFFFFFFFFFFFFFFFFFFFFFFFFFFFFFFFFFFFAA
:2096E000FFFFFFFFFFFFFFFFFFFFFFFFFFFFFFFFFFFFFFFFFFFFFFFFFFFFFFFFFFFFFFFF8A
:20970000FFFFFFFFFFFFFFFFFFFFFFFFFFFFFFFFFFFFFFFFFFFFFFFFFFFFFFFFFFFFFFFF69
:20972000FFFFFFFFFFFFFFFFFFFFFFFFFFFFFFFFFFFFFFFFFFFFFFFFFFFFFFFFFFFFFFFF49
:20974000FFFFFFFFFFFFFFFFFFFFFFFFFFFFFFFFFFFFFFFFFFFFFFFFFFFFFFFFFFFFFFFF29
:20976000FFFFFFFFFFFFFFFFFFFFFFFFFFFFFFFFFFFFFFFFFFFFFFFFFFFFFFFFFFFFFFFF09
:20978000FFFFFFFFFFFFFFFFFFFFFFFFFFFFFFFFFFFFFFFFFFFFFFFFFFFFFFFFFFFFFFFFE9
:2097A000FFFFFFFFFFFFFFFFFFFFFFFFFFFFFFFFFFFFFFFFFFFFFFFFFFFFFFFFFFFFFFFFC9
:2097C000FFFFFFFFFFFFFFFFFFFFFFFFFFFFFFFFFFFFFFFFFFFFFFFFFFFFFFFFFFFFFFFFA9
:2097E000FFFFFFFFFFFFFFFFFFFFFFFFFFFFFFFFFFFFFFFFFFFFFFFFFFFFFFFFFFFFFFFF89
:20980000FFFFFFFFFFFFFFFFFFFFFFFFFFFFFFFFFFFFFFFFFFFFFFFFFFFFFFFFFFFFFFFF68
:20982000FFFFFFFFFFFFFFFFFFFFFFFFFFFFFFFFFFFFFFFFFFFFFFFFFFFFFFFFFFFFFFFF48
:20984000FFFFFFFFFFFFFFFFFFFFFFFFFFFFFFFFFFFFFFFFFFFFFFFFFFFFFFFFFFFFFFFF28
:20986000FFFFFFFFFFFFFFFFFFFFFFFFFFFFFFFFFFFFFFFFFFFFFFFFFFFFFFFFFFFFFFFF08
:20988000FFFFFFFFFFFFFFFFFFFFFFFFFFFFFFFFFFFFFFFFFFFFFFFFFFFFFFFFFFFFFFFFE8
:2098A000FFFFFFFFFFFFFFFFFFFFFFFFFFFFFFFFFFFFFFFFFFFFFFFFFFFFFFFFFFFFFFFFC8
:2098C000FFFFFFFFFFFFFFFFFFFFFFFFFFFFFFFFFFFFFFFFFFFFFFFFFFFFFFFFFFFFFFFFA8
:2098E000FFFFFFFFFFFFFFFFFFFFFFFFFFFFFFFFFFFFFFFFFFFFFFFFFFFFFFFFFFFFFFFF88
:20990000FFFFFFFFFFFFFFFFFFFFFFFFFFFFFFFFFFFFFFFFFFFFFFFFFFFFFFFFFFFFFFFF67
:20992000FFFFFFFFFFFFFFFFFFFFFFFFFFFFFFFFFFFFFFFFFFFFFFFFFFFFFFFFFFFFFFFF47
:20994000FFFFFFFFFFFFFFFFFFFFFFFFFFFFFFFFFFFFFFFFFFFFFFFFFFFFFFFFFFFFFFFF27
:20996000FFFFFFFFFFFFFFFFFFFFFFFFFFFFFFFFFFFFFFFFFFFFFFFFFFFFFFFFFFFFFFFF07
:20998000FFFFFFFFFFFFFFFFFFFFFFFFFFFFFFFFFFFFFFFFFFFFFFFFFFFFFFFFFFFFFFFFE7
:2099A000FFFFFFFFFFFFFFFFFFFFFFFFFFFFFFFFFFFFFFFFFFFFFFFFFFFFFFFFFFFFFFFFC7
:2099C000FFFFFFFFFFFFFFFFFFFFFFFFFFFFFFFFFFFFFFFFFFFFFFFFFFFFFFFFFFFFFFFFA7
:2099E000FFFFFFFFFFFFFFFFFFFFFFFFFFFFFFFFFFFFFFFFFFFFFFFFFFFFFFFFFFFFFFFF87
:209A0000FFFFFFFFFFFFFFFFFFFFFFFFFFFFFFFFFFFFFFFFFFFFFFFFFFFFFFFFFFFFFFFF66
:209A2000FFFFFFFFFFFFFFFFFFFFFFFFFFFFFFFFFFFFFFFFFFFFFFFFFFFFFFFFFFFFFFFF46
:209A4000FFFFFFFFFFFFFFFFFFFFFFFFFFFFFFFFFFFFFFFFFFFFFFFFFFFFFFFFFFFFFFFF26
:209A6000FFFFFFFFFFFFFFFFFFFFFFFFFFFFFFFFFFFFFFFFFFFFFFFFFFFFFFFFFFFFFFFF06
:209A8000FFFFFFFFFFFFFFFFFFFFFFFFFFFFFFFFFFFFFFFFFFFFFFFFFFFFFFFFFFFFFFFFE6
:209AA000FFFFFFFFFFFFFFFFFFFFFFFFFFFFFFFFFFFFFFFFFFFFFFFFFFFFFFFFFFFFFFFFC6
:209AC000FFFFFFFFFFFFFFFFFFFFFFFFFFFFFFFFFFFFFFFFFFFFFFFFFFFFFFFFFFFFFFFFA6
:209AE000FFFFFFFFFFFFFFFFFFFFFFFFFFFFFFFFFFFFFFFFFFFFFFFFFFFFFFFFFFFFFFFF86
:209B0000FFFFFFFFFFFFFFFFFFFFFFFFFFFFFFFFFFFFFFFFFFFFFFFFFFFFFFFFFFFFFFFF65
:209B2000FFFFFFFFFFFFFFFFFFFFFFFFFFFFFFFFFFFFFFFFFFFFFFFFFFFFFFFFFFFFFFFF45
:209B4000FFFFFFFFFFFFFFFFFFFFFFFFFFFFFFFFFFFFFFFFFFFFFFFFFFFFFFFFFFFFFFFF25
:209B6000FFFFFFFFFFFFFFFFFFFFFFFFFFFFFFFFFFFFFFFFFFFFFFFFFFFFFFFFFFFFFFFF05
:209B8000FFFFFFFFFFFFFFFFFFFFFFFFFFFFFFFFFFFFFFFFFFFFFFFFFFFFFFFFFFFFFFFFE5
:209BA000FFFFFFFFFFFFFFFFFFFFFFFFFFFFFFFFFFFFFFFFFFFFFFFFFFFFFFFFFFFFFFFFC5
:209BC000FFFFFFFFFFFFFFFFFFFFFFFFFFFFFFFFFFFFFFFFFFFFFFFFFFFFFFFFFFFFFFFFA5
:209BE000FFFFFFFFFFFFFFFFFFFFFFFFFFFFFFFFFFFFFFFFFFFFFFFFFFFFFFFFFFFFFFFF85
:209C0000FFFFFFFFFFFFFFFFFFFFFFFFFFFFFFFFFFFFFFFFFFFFFFFFFFFFFFFFFFFFFFFF64
:209C2000FFFFFFFFFFFFFFFFFFFFFFFFFFFFFFFFFFFFFFFFFFFFFFFFFFFFFFFFFFFFFFFF44
:209C4000FFFFFFFFFFFFFFFFFFFFFFFFFFFFFFFFFFFFFFFFFFFFFFFFFFFFFFFFFFFFFFFF24
:209C6000FFFFFFFFFFFFFFFFFFFFFFFFFFFFFFFFFFFFFFFFFFFFFFFFFFFFFFFFFFFFFFFF04
:209C8000FFFFFFFFFFFFFFFFFFFFFFFFFFFFFFFFFFFFFFFFFFFFFFFFFFFFFFFFFFFFFFFFE4
:209CA000FFFFFFFFFFFFFFFFFFFFFFFFFFFFFFFFFFFFFFFFFFFFFFFFFFFFFFFFFFFFFFFFC4
:209CC000FFFFFFFFFFFFFFFFFFFFFFFFFFFFFFFFFFFFFFFFFFFFFFFFFFFFFFFFFFFFFFFFA4
:209CE000FFFFFFFFFFFFFFFFFFFFFFFFFFFFFFFFFFFFFFFFFFFFFFFFFFFFFFFFFFFFFFFF84
:209D0000FFFFFFFFFFFFFFFFFFFFFFFFFFFFFFFFFFFFFFFFFFFFFFFFFFFFFFFFFFFFFFFF63
:209D2000FFFFFFFFFFFFFFFFFFFFFFFFFFFFFFFFFFFFFFFFFFFFFFFFFFFFFFFFFFFFFFFF43
:209D4000FFFFFFFFFFFFFFFFFFFFFFFFFFFFFFFFFFFFFFFFFFFFFFFFFFFFFFFFFFFFFFFF23
:209D6000FFFFFFFFFFFFFFFFFFFFFFFFFFFFFFFFFFFFFFFFFFFFFFFFFFFFFFFFFFFFFFFF03
:209D8000FFFFFFFFFFFFFFFFFFFFFFFFFFFFFFFFFFFFFFFFFFFFFFFFFFFFFFFFFFFFFFFFE3
:209DA000FFFFFFFFFFFFFFFFFFFFFFFFFFFFFFFFFFFFFFFFFFFFFFFFFFFFFFFFFFFFFFFFC3
:209DC000FFFFFFFFFFFFFFFFFFFFFFFFFFFFFFFFFFFFFFFFFFFFFFFFFFFFFFFFFFFFFFFFA3
:209DE000FFFFFFFFFFFFFFFFFFFFFFFFFFFFFFFFFFFFFFFFFFFFFFFFFFFFFFFFFFFFFFFF83
:209E0000FFFFFFFFFFFFFFFFFFFFFFFFFFFFFFFFFFFFFFFFFFFFFFFFFFFFFFFFFFFFFFFF62
:209E2000FFFFFFFFFFFFFFFFFFFFFFFFFFFFFFFFFFFFFFFFFFFFFFFFFFFFFFFFFFFFFFFF42
:209E4000FFFFFFFFFFFFFFFFFFFFFFFFFFFFFFFFFFFFFFFFFFFFFFFFFFFFFFFFFFFFFFFF22
:209E6000FFFFFFFFFFFFFFFFFFFFFFFFFFFFFFFFFFFFFFFFFFFFFFFFFFFFFFFFFFFFFFFF02
:209E8000FFFFFFFFFFFFFFFFFFFFFFFFFFFFFFFFFFFFFFFFFFFFFFFFFFFFFFFFFFFFFFFFE2
:209EA000FFFFFFFFFFFFFFFFFFFFFFFFFFFFFFFFFFFFFFFFFFFFFFFFFFFFFFFFFFFFFFFFC2
:209EC000FFFFFFFFFFFFFFFFFFFFFFFFFFFFFFFFFFFFFFFFFFFFFFFFFFFFFFFFFFFFFFFFA2
:209EE000FFFFFFFFFFFFFFFFFFFFFFFFFFFFFFFFFFFFFFFFFFFFFFFFFFFFFFFFFFFFFFFF82
:209F0000FFFFFFFFFFFFFFFFFFFFFFFFFFFFFFFFFFFFFFFFFFFFFFFFFFFFFFFFFFFFFFFF61
:209F2000FFFFFFFFFFFFFFFFFFFFFFFFFFFFFFFFFFFFFFFFFFFFFFFFFFFFFFFFFFFFFFFF41
:209F4000FFFFFFFFFFFFFFFFFFFFFFFFFFFFFFFFFFFFFFFFFFFFFFFFFFFFFFFFFFFFFFFF21
:209F6000FFFFFFFFFFFFFFFFFFFFFFFFFFFFFFFFFFFFFFFFFFFFFFFFFFFFFFFFFFFFFFFF01
:209F8000FFFFFFFFFFFFFFFFFFFFFFFFFFFFFFFFFFFFFFFFFFFFFFFFFFFFFFFFFFFFFFFFE1
:209FA000FFFFFFFFFFFFFFFFFFFFFFFFFFFFFFFFFFFFFFFFFFFFFFFFFFFFFFFFFFFFFFFFC1
:209FC000FFFFFFFFFFFFFFFFFFFFFFFFFFFFFFFFFFFFFFFFFFFFFFFFFFFFFFFFFFFFFFFFA1
:209FE000FFFFFFFFFFFFFFFFFFFFFFFFFFFFFFFFFFFFFFFFFFFFFFFFFFFFFFFFFFFFFFFF81
:20A00000FFFFFFFFFFFFFFFFFFFFFFFFFFFFFFFFFFFFFFFFFFFFFFFFFFFFFFFFFFFFFFFF60
:20A02000FFFFFFFFFFFFFFFFFFFFFFFFFFFFFFFFFFFFFFFFFFFFFFFFFFFFFFFFFFFFFFFF40
:20A04000FFFFFFFFFFFFFFFFFFFFFFFFFFFFFFFFFFFFFFFFFFFFFFFFFFFFFFFFFFFFFFFF20
:20A06000FFFFFFFFFFFFFFFFFFFFFFFFFFFFFFFFFFFFFFFFFFFFFFFFFFFFFFFFFFFFFFFF00
:20A08000FFFFFFFFFFFFFFFFFFFFFFFFFFFFFFFFFFFFFFFFFFFFFFFFFFFFFFFFFFFFFFFFE0
:20A0A000FFFFFFFFFFFFFFFFFFFFFFFFFFFFFFFFFFFFFFFFFFFFFFFFFFFFFFFFFFFFFFFFC0
:20A0C000FFFFFFFFFFFFFFFFFFFFFFFFFFFFFFFFFFFFFFFFFFFFFFFFFFFFFFFFFFFFFFFFA0
:20A0E000FFFFFFFFFFFFFFFFFFFFFFFFFFFFFFFFFFFFFFFFFFFFFFFFFFFFFFFFFFFFFFFF80
:20A10000FFFFFFFFFFFFFFFFFFFFFFFFFFFFFFFFFFFFFFFFFFFFFFFFFFFFFFFFFFFFFFFF5F
:20A12000FFFFFFFFFFFFFFFFFFFFFFFFFFFFFFFFFFFFFFFFFFFFFFFFFFFFFFFFFFFFFFFF3F
:20A14000FFFFFFFFFFFFFFFFFFFFFFFFFFFFFFFFFFFFFFFFFFFFFFFFFFFFFFFFFFFFFFFF1F
:20A16000FFFFFFFFFFFFFFFFFFFFFFFFFFFFFFFFFFFFFFFFFFFFFFFFFFFFFFFFFFFFFFFFFF
:20A18000FFFFFFFFFFFFFFFFFFFFFFFFFFFFFFFFFFFFFFFFFFFFFFFFFFFFFFFFFFFFFFFFDF
:20A1A000FFFFFFFFFFFFFFFFFFFFFFFFFFFFFFFFFFFFFFFFFFFFFFFFFFFFFFFFFFFFFFFFBF
:20A1C000FFFFFFFFFFFFFFFFFFFFFFFFFFFFFFFFFFFFFFFFFFFFFFFFFFFFFFFFFFFFFFFF9F
:20A1E000FFFFFFFFFFFFFFFFFFFFFFFFFFFFFFFFFFFFFFFFFFFFFFFFFFFFFFFFFFFFFFFF7F
:20A20000FFFFFFFFFFFFFFFFFFFFFFFFFFFFFFFFFFFFFFFFFFFFFFFFFFFFFFFFFFFFFFFF5E
:20A22000FFFFFFFFFFFFFFFFFFFFFFFFFFFFFFFFFFFFFFFFFFFFFFFFFFFFFFFFFFFFFFFF3E
:20A24000FFFFFFFFFFFFFFFFFFFFFFFFFFFFFFFFFFFFFFFFFFFFFFFFFFFFFFFFFFFFFFFF1E
:20A26000FFFFFFFFFFFFFFFFFFFFFFFFFFFFFFFFFFFFFFFFFFFFFFFFFFFFFFFFFFFFFFFFFE
:20A28000FFFFFFFFFFFFFFFFFFFFFFFFFFFFFFFFFFFFFFFFFFFFFFFFFFFFFFFFFFFFFFFFDE
:20A2A000FFFFFFFFFFFFFFFFFFFFFFFFFFFFFFFFFFFFFFFFFFFFFFFFFFFFFFFFFFFFFFFFBE
:20A2C000FFFFFFFFFFFFFFFFFFFFFFFFFFFFFFFFFFFFFFFFFFFFFFFFFFFFFFFFFFFFFFFF9E
:20A2E000FFFFFFFFFFFFFFFFFFFFFFFFFFFFFFFFFFFFFFFFFFFFFFFFFFFFFFFFFFFFFFFF7E
:20A30000FFFFFFFFFFFFFFFFFFFFFFFFFFFFFFFFFFFFFFFFFFFFFFFFFFFFFFFFFFFFFFFF5D
:20A32000FFFFFFFFFFFFFFFFFFFFFFFFFFFFFFFFFFFFFFFFFFFFFFFFFFFFFFFFFFFFFFFF3D
:20A34000FFFFFFFFFFFFFFFFFFFFFFFFFFFFFFFFFFFFFFFFFFFFFFFFFFFFFFFFFFFFFFFF1D
:20A36000FFFFFFFFFFFFFFFFFFFFFFFFFFFFFFFFFFFFFFFFFFFFFFFFFFFFFFFFFFFFFFFFFD
:20A38000FFFFFFFFFFFFFFFFFFFFFFFFFFFFFFFFFFFFFFFFFFFFFFFFFFFFFFFFFFFFFFFFDD
:20A3A000FFFFFFFFFFFFFFFFFFFFFFFFFFFFFFFFFFFFFFFFFFFFFFFFFFFFFFFFFFFFFFFFBD
:20A3C000FFFFFFFFFFFFFFFFFFFFFFFFFFFFFFFFFFFFFFFFFFFFFFFFFFFFFFFFFFFFFFFF9D
:20A3E000FFFFFFFFFFFFFFFFFFFFFFFFFFFFFFFFFFFFFFFFFFFFFFFFFFFFFFFFFFFFFFFF7D
:20A40000FFFFFFFFFFFFFFFFFFFFFFFFFFFFFFFFFFFFFFFFFFFFFFFFFFFFFFFFFFFFFFFF5C
:20A42000FFFFFFFFFFFFFFFFFFFFFFFFFFFFFFFFFFFFFFFFFFFFFFFFFFFFFFFFFFFFFFFF3C
:20A44000FFFFFFFFFFFFFFFFFFFFFFFFFFFFFFFFFFFFFFFFFFFFFFFFFFFFFFFFFFFFFFFF1C
:20A46000FFFFFFFFFFFFFFFFFFFFFFFFFFFFFFFFFFFFFFFFFFFFFFFFFFFFFFFFFFFFFFFFFC
:20A48000FFFFFFFFFFFFFFFFFFFFFFFFFFFFFFFFFFFFFFFFFFFFFFFFFFFFFFFFFFFFFFFFDC
:20A4A000FFFFFFFFFFFFFFFFFFFFFFFFFFFFFFFFFFFFFFFFFFFFFFFFFFFFFFFFFFFFFFFFBC
:20A4C000FFFFFFFFFFFFFFFFFFFFFFFFFFFFFFFFFFFFFFFFFFFFFFFFFFFFFFFFFFFFFFFF9C
:20A4E000FFFFFFFFFFFFFFFFFFFFFFFFFFFFFFFFFFFFFFFFFFFFFFFFFFFFFFFFFFFFFFFF7C
:20A50000FFFFFFFFFFFFFFFFFFFFFFFFFFFFFFFFFFFFFFFFFFFFFFFFFFFFFFFFFFFFFFFF5B
:20A52000FFFFFFFFFFFFFFFFFFFFFFFFFFFFFFFFFFFFFFFFFFFFFFFFFFFFFFFFFFFFFFFF3B
:20A54000FFFFFFFFFFFFFFFFFFFFFFFFFFFFFFFFFFFFFFFFFFFFFFFFFFFFFFFFFFFFFFFF1B
:20A56000FFFFFFFFFFFFFFFFFFFFFFFFFFFFFFFFFFFFFFFFFFFFFFFFFFFFFFFFFFFFFFFFFB
:20A58000FFFFFFFFFFFFFFFFFFFFFFFFFFFFFFFFFFFFFFFFFFFFFFFFFFFFFFFFFFFFFFFFDB
:20A5A000FFFFFFFFFFFFFFFFFFFFFFFFFFFFFFFFFFFFFFFFFFFFFFFFFFFFFFFFFFFFFFFFBB
:20A5C000FFFFFFFFFFFFFFFFFFFFFFFFFFFFFFFFFFFFFFFFFFFFFFFFFFFFFFFFFFFFFFFF9B
:20A5E000FFFFFFFFFFFFFFFFFFFFFFFFFFFFFFFFFFFFFFFFFFFFFFFFFFFFFFFFFFFFFFFF7B
:20A60000FFFFFFFFFFFFFFFFFFFFFFFFFFFFFFFFFFFFFFFFFFFFFFFFFFFFFFFFFFFFFFFF5A
:20A62000FFFFFFFFFFFFFFFFFFFFFFFFFFFFFFFFFFFFFFFFFFFFFFFFFFFFFFFFFFFFFFFF3A
:20A64000FFFFFFFFFFFFFFFFFFFFFFFFFFFFFFFFFFFFFFFFFFFFFFFFFFFFFFFFFFFFFFFF1A
:20A66000FFFFFFFFFFFFFFFFFFFFFFFFFFFFFFFFFFFFFFFFFFFFFFFFFFFFFFFFFFFFFFFFFA
:20A68000FFFFFFFFFFFFFFFFFFFFFFFFFFFFFFFFFFFFFFFFFFFFFFFFFFFFFFFFFFFFFFFFDA
:20A6A000FFFFFFFFFFFFFFFFFFFFFFFFFFFFFFFFFFFFFFFFFFFFFFFFFFFFFFFFFFFFFFFFBA
:20A6C000FFFFFFFFFFFFFFFFFFFFFFFFFFFFFFFFFFFFFFFFFFFFFFFFFFFFFFFFFFFFFFFF9A
:20A6E000FFFFFFFFFFFFFFFFFFFFFFFFFFFFFFFFFFFFFFFFFFFFFFFFFFFFFFFFFFFFFFFF7A
:20A70000FFFFFFFFFFFFFFFFFFFFFFFFFFFFFFFFFFFFFFFFFFFFFFFFFFFFFFFFFFFFFFFF59
:20A72000FFFFFFFFFFFFFFFFFFFFFFFFFFFFFFFFFFFFFFFFFFFFFFFFFFFFFFFFFFFFFFFF39
:20A74000FFFFFFFFFFFFFFFFFFFFFFFFFFFFFFFFFFFFFFFFFFFFFFFFFFFFFFFFFFFFFFFF19
:20A76000FFFFFFFFFFFFFFFFFFFFFFFFFFFFFFFFFFFFFFFFFFFFFFFFFFFFFFFFFFFFFFFFF9
:20A78000FFFFFFFFFFFFFFFFFFFFFFFFFFFFFFFFFFFFFFFFFFFFFFFFFFFFFFFFFFFFFFFFD9
:20A7A000FFFFFFFFFFFFFFFFFFFFFFFFFFFFFFFFFFFFFFFFFFFFFFFFFFFFFFFFFFFFFFFFB9
:20A7C000FFFFFFFFFFFFFFFFFFFFFFFFFFFFFFFFFFFFFFFFFFFFFFFFFFFFFFFFFFFFFFFF99
:20A7E000FFFFFFFFFFFFFFFFFFFFFFFFFFFFFFFFFFFFFFFFFFFFFFFFFFFFFFFFFFFFFFFF79
:20A80000FFFFFFFFFFFFFFFFFFFFFFFFFFFFFFFFFFFFFFFFFFFFFFFFFFFFFFFFFFFFFFFF58
:20A82000FFFFFFFFFFFFFFFFFFFFFFFFFFFFFFFFFFFFFFFFFFFFFFFFFFFFFFFFFFFFFFFF38
:20A84000FFFFFFFFFFFFFFFFFFFFFFFFFFFFFFFFFFFFFFFFFFFFFFFFFFFFFFFFFFFFFFFF18
:20A86000FFFFFFFFFFFFFFFFFFFFFFFFFFFFFFFFFFFFFFFFFFFFFFFFFFFFFFFFFFFFFFFFF8
:20A88000FFFFFFFFFFFFFFFFFFFFFFFFFFFFFFFFFFFFFFFFFFFFFFFFFFFFFFFFFFFFFFFFD8
:20A8A000FFFFFFFFFFFFFFFFFFFFFFFFFFFFFFFFFFFFFFFFFFFFFFFFFFFFFFFFFFFFFFFFB8
:20A8C000FFFFFFFFFFFFFFFFFFFFFFFFFFFFFFFFFFFFFFFFFFFFFFFFFFFFFFFFFFFFFFFF98
:20A8E000FFFFFFFFFFFFFFFFFFFFFFFFFFFFFFFFFFFFFFFFFFFFFFFFFFFFFFFFFFFFFFFF78
:20A90000FFFFFFFFFFFFFFFFFFFFFFFFFFFFFFFFFFFFFFFFFFFFFFFFFFFFFFFFFFFFFFFF57
:20A92000FFFFFFFFFFFFFFFFFFFFFFFFFFFFFFFFFFFFFFFFFFFFFFFFFFFFFFFFFFFFFFFF37
:20A94000FFFFFFFFFFFFFFFFFFFFFFFFFFFFFFFFFFFFFFFFFFFFFFFFFFFFFFFFFFFFFFFF17
:20A96000FFFFFFFFFFFFFFFFFFFFFFFFFFFFFFFFFFFFFFFFFFFFFFFFFFFFFFFFFFFFFFFFF7
:20A98000FFFFFFFFFFFFFFFFFFFFFFFFFFFFFFFFFFFFFFFFFFFFFFFFFFFFFFFFFFFFFFFFD7
:20A9A000FFFFFFFFFFFFFFFFFFFFFFFFFFFFFFFFFFFFFFFFFFFFFFFFFFFFFFFFFFFFFFFFB7
:20A9C000FFFFFFFFFFFFFFFFFFFFFFFFFFFFFFFFFFFFFFFFFFFFFFFFFFFFFFFFFFFFFFFF97
:20A9E000FFFFFFFFFFFFFFFFFFFFFFFFFFFFFFFFFFFFFFFFFFFFFFFFFFFFFFFFFFFFFFFF77
:20AA0000FFFFFFFFFFFFFFFFFFFFFFFFFFFFFFFFFFFFFFFFFFFFFFFFFFFFFFFFFFFFFFFF56
:20AA2000FFFFFFFFFFFFFFFFFFFFFFFFFFFFFFFFFFFFFFFFFFFFFFFFFFFFFFFFFFFFFFFF36
:20AA4000FFFFFFFFFFFFFFFFFFFFFFFFFFFFFFFFFFFFFFFFFFFFFFFFFFFFFFFFFFFFFFFF16
:20AA6000FFFFFFFFFFFFFFFFFFFFFFFFFFFFFFFFFFFFFFFFFFFFFFFFFFFFFFFFFFFFFFFFF6
:20AA8000FFFFFFFFFFFFFFFFFFFFFFFFFFFFFFFFFFFFFFFFFFFFFFFFFFFFFFFFFFFFFFFFD6
:20AAA000FFFFFFFFFFFFFFFFFFFFFFFFFFFFFFFFFFFFFFFFFFFFFFFFFFFFFFFFFFFFFFFFB6
:20AAC000FFFFFFFFFFFFFFFFFFFFFFFFFFFFFFFFFFFFFFFFFFFFFFFFFFFFFFFFFFFFFFFF96
:20AAE000FFFFFFFFFFFFFFFFFFFFFFFFFFFFFFFFFFFFFFFFFFFFFFFFFFFFFFFFFFFFFFFF76
:20AB0000FFFFFFFFFFFFFFFFFFFFFFFFFFFFFFFFFFFFFFFFFFFFFFFFFFFFFFFFFFFFFFFF55
:20AB2000FFFFFFFFFFFFFFFFFFFFFFFFFFFFFFFFFFFFFFFFFFFFFFFFFFFFFFFFFFFFFFFF35
:20AB4000FFFFFFFFFFFFFFFFFFFFFFFFFFFFFFFFFFFFFFFFFFFFFFFFFFFFFFFFFFFFFFFF15
:20AB6000FFFFFFFFFFFFFFFFFFFFFFFFFFFFFFFFFFFFFFFFFFFFFFFFFFFFFFFFFFFFFFFFF5
:20AB8000FFFFFFFFFFFFFFFFFFFFFFFFFFFFFFFFFFFFFFFFFFFFFFFFFFFFFFFFFFFFFFFFD5
:20ABA000FFFFFFFFFFFFFFFFFFFFFFFFFFFFFFFFFFFFFFFFFFFFFFFFFFFFFFFFFFFFFFFFB5
:20ABC000FFFFFFFFFFFFFFFFFFFFFFFFFFFFFFFFFFFFFFFFFFFFFFFFFFFFFFFFFFFFFFFF95
:20ABE000FFFFFFFFFFFFFFFFFFFFFFFFFFFFFFFFFFFFFFFFFFFFFFFFFFFFFFFFFFFFFFFF75
:20AC0000FFFFFFFFFFFFFFFFFFFFFFFFFFFFFFFFFFFFFFFFFFFFFFFFFFFFFFFFFFFFFFFF54
:20AC2000FFFFFFFFFFFFFFFFFFFFFFFFFFFFFFFFFFFFFFFFFFFFFFFFFFFFFFFFFFFFFFFF34
:20AC4000FFFFFFFFFFFFFFFFFFFFFFFFFFFFFFFFFFFFFFFFFFFFFFFFFFFFFFFFFFFFFFFF14
:20AC6000FFFFFFFFFFFFFFFFFFFFFFFFFFFFFFFFFFFFFFFFFFFFFFFFFFFFFFFFFFFFFFFFF4
:20AC8000FFFFFFFFFFFFFFFFFFFFFFFFFFFFFFFFFFFFFFFFFFFFFFFFFFFFFFFFFFFFFFFFD4
:20ACA000FFFFFFFFFFFFFFFFFFFFFFFFFFFFFFFFFFFFFFFFFFFFFFFFFFFFFFFFFFFFFFFFB4
:20ACC000FFFFFFFFFFFFFFFFFFFFFFFFFFFFFFFFFFFFFFFFFFFFFFFFFFFFFFFFFFFFFFFF94
:20ACE000FFFFFFFFFFFFFFFFFFFFFFFFFFFFFFFFFFFFFFFFFFFFFFFFFFFFFFFFFFFFFFFF74
:20AD0000FFFFFFFFFFFFFFFFFFFFFFFFFFFFFFFFFFFFFFFFFFFFFFFFFFFFFFFFFFFFFFFF53
:20AD2000FFFFFFFFFFFFFFFFFFFFFFFFFFFFFFFFFFFFFFFFFFFFFFFFFFFFFFFFFFFFFFFF33
:20AD4000FFFFFFFFFFFFFFFFFFFFFFFFFFFFFFFFFFFFFFFFFFFFFFFFFFFFFFFFFFFFFFFF13
:20AD6000FFFFFFFFFFFFFFFFFFFFFFFFFFFFFFFFFFFFFFFFFFFFFFFFFFFFFFFFFFFFFFFFF3
:20AD8000FFFFFFFFFFFFFFFFFFFFFFFFFFFFFFFFFFFFFFFFFFFFFFFFFFFFFFFFFFFFFFFFD3
:20ADA000FFFFFFFFFFFFFFFFFFFFFFFFFFFFFFFFFFFFFFFFFFFFFFFFFFFFFFFFFFFFFFFFB3
:20ADC000FFFFFFFFFFFFFFFFFFFFFFFFFFFFFFFFFFFFFFFFFFFFFFFFFFFFFFFFFFFFFFFF93
:20ADE000FFFFFFFFFFFFFFFFFFFFFFFFFFFFFFFFFFFFFFFFFFFFFFFFFFFFFFFFFFFFFFFF73
:20AE0000FFFFFFFFFFFFFFFFFFFFFFFFFFFFFFFFFFFFFFFFFFFFFFFFFFFFFFFFFFFFFFFF52
:20AE2000FFFFFFFFFFFFFFFFFFFFFFFFFFFFFFFFFFFFFFFFFFFFFFFFFFFFFFFFFFFFFFFF32
:20AE4000FFFFFFFFFFFFFFFFFFFFFFFFFFFFFFFFFFFFFFFFFFFFFFFFFFFFFFFFFFFFFFFF12
:20AE6000FFFFFFFFFFFFFFFFFFFFFFFFFFFFFFFFFFFFFFFFFFFFFFFFFFFFFFFFFFFFFFFFF2
:20AE8000FFFFFFFFFFFFFFFFFFFFFFFFFFFFFFFFFFFFFFFFFFFFFFFFFFFFFFFFFFFFFFFFD2
:20AEA000FFFFFFFFFFFFFFFFFFFFFFFFFFFFFFFFFFFFFFFFFFFFFFFFFFFFFFFFFFFFFFFFB2
:20AEC000FFFFFFFFFFFFFFFFFFFFFFFFFFFFFFFFFFFFFFFFFFFFFFFFFFFFFFFFFFFFFFFF92
:20AEE000FFFFFFFFFFFFFFFFFFFFFFFFFFFFFFFFFFFFFFFFFFFFFFFFFFFFFFFFFFFFFFFF72
:20AF0000FFFFFFFFFFFFFFFFFFFFFFFFFFFFFFFFFFFFFFFFFFFFFFFFFFFFFFFFFFFFFFFF51
:20AF2000FFFFFFFFFFFFFFFFFFFFFFFFFFFFFFFFFFFFFFFFFFFFFFFFFFFFFFFFFFFFFFFF31
:20AF4000FFFFFFFFFFFFFFFFFFFFFFFFFFFFFFFFFFFFFFFFFFFFFFFFFFFFFFFFFFFFFFFF11
:20AF6000FFFFFFFFFFFFFFFFFFFFFFFFFFFFFFFFFFFFFFFFFFFFFFFFFFFFFFFFFFFFFFFFF1
:20AF8000FFFFFFFFFFFFFFFFFFFFFFFFFFFFFFFFFFFFFFFFFFFFFFFFFFFFFFFFFFFFFFFFD1
:20AFA000FFFFFFFFFFFFFFFFFFFFFFFFFFFFFFFFFFFFFFFFFFFFFFFFFFFFFFFFFFFFFFFFB1
:20AFC000FFFFFFFFFFFFFFFFFFFFFFFFFFFFFFFFFFFFFFFFFFFFFFFFFFFFFFFFFFFFFFFF91
:20AFE000FFFFFFFFFFFFFFFFFFFFFFFFFFFFFFFFFFFFFFFFFFFFFFFFFFFFFFFFFFFFFFFF71
:20B00000FFFFFFFFFFFFFFFFFFFFFFFFFFFFFFFFFFFFFFFFFFFFFFFFFFFFFFFFFFFFFFFF50
:20B02000FFFFFFFFFFFFFFFFFFFFFFFFFFFFFFFFFFFFFFFFFFFFFFFFFFFFFFFFFFFFFFFF30
:20B04000FFFFFFFFFFFFFFFFFFFFFFFFFFFFFFFFFFFFFFFFFFFFFFFFFFFFFFFFFFFFFFFF10
:20B06000FFFFFFFFFFFFFFFFFFFFFFFFFFFFFFFFFFFFFFFFFFFFFFFFFFFFFFFFFFFFFFFFF0
:20B08000FFFFFFFFFFFFFFFFFFFFFFFFFFFFFFFFFFFFFFFFFFFFFFFFFFFFFFFFFFFFFFFFD0
:20B0A000FFFFFFFFFFFFFFFFFFFFFFFFFFFFFFFFFFFFFFFFFFFFFFFFFFFFFFFFFFFFFFFFB0
:20B0C000FFFFFFFFFFFFFFFFFFFFFFFFFFFFFFFFFFFFFFFFFFFFFFFFFFFFFFFFFFFFFFFF90
:20B0E000FFFFFFFFFFFFFFFFFFFFFFFFFFFFFFFFFFFFFFFFFFFFFFFFFFFFFFFFFFFFFFFF70
:20B10000FFFFFFFFFFFFFFFFFFFFFFFFFFFFFFFFFFFFFFFFFFFFFFFFFFFFFFFFFFFFFFFF4F
:20B12000FFFFFFFFFFFFFFFFFFFFFFFFFFFFFFFFFFFFFFFFFFFFFFFFFFFFFFFFFFFFFFFF2F
:20B14000FFFFFFFFFFFFFFFFFFFFFFFFFFFFFFFFFFFFFFFFFFFFFFFFFFFFFFFFFFFFFFFF0F
:20B16000FFFFFFFFFFFFFFFFFFFFFFFFFFFFFFFFFFFFFFFFFFFFFFFFFFFFFFFFFFFFFFFFEF
:20B18000FFFFFFFFFFFFFFFFFFFFFFFFFFFFFFFFFFFFFFFFFFFFFFFFFFFFFFFFFFFFFFFFCF
:20B1A000FFFFFFFFFFFFFFFFFFFFFFFFFFFFFFFFFFFFFFFFFFFFFFFFFFFFFFFFFFFFFFFFAF
:20B1C000FFFFFFFFFFFFFFFFFFFFFFFFFFFFFFFFFFFFFFFFFFFFFFFFFFFFFFFFFFFFFFFF8F
:20B1E000FFFFFFFFFFFFFFFFFFFFFFFFFFFFFFFFFFFFFFFFFFFFFFFFFFFFFFFFFFFFFFFF6F
:20B20000FFFFFFFFFFFFFFFFFFFFFFFFFFFFFFFFFFFFFFFFFFFFFFFFFFFFFFFFFFFFFFFF4E
:20B22000FFFFFFFFFFFFFFFFFFFFFFFFFFFFFFFFFFFFFFFFFFFFFFFFFFFFFFFFFFFFFFFF2E
:20B24000FFFFFFFFFFFFFFFFFFFFFFFFFFFFFFFFFFFFFFFFFFFFFFFFFFFFFFFFFFFFFFFF0E
:20B26000FFFFFFFFFFFFFFFFFFFFFFFFFFFFFFFFFFFFFFFFFFFFFFFFFFFFFFFFFFFFFFFFEE
:20B28000FFFFFFFFFFFFFFFFFFFFFFFFFFFFFFFFFFFFFFFFFFFFFFFFFFFFFFFFFFFFFFFFCE
:20B2A000FFFFFFFFFFFFFFFFFFFFFFFFFFFFFFFFFFFFFFFFFFFFFFFFFFFFFFFFFFFFFFFFAE
:20B2C000FFFFFFFFFFFFFFFFFFFFFFFFFFFFFFFFFFFFFFFFFFFFFFFFFFFFFFFFFFFFFFFF8E
:20B2E000FFFFFFFFFFFFFFFFFFFFFFFFFFFFFFFFFFFFFFFFFFFFFFFFFFFFFFFFFFFFFFFF6E
:20B30000FFFFFFFFFFFFFFFFFFFFFFFFFFFFFFFFFFFFFFFFFFFFFFFFFFFFFFFFFFFFFFFF4D
:20B32000FFFFFFFFFFFFFFFFFFFFFFFFFFFFFFFFFFFFFFFFFFFFFFFFFFFFFFFFFFFFFFFF2D
:20B34000FFFFFFFFFFFFFFFFFFFFFFFFFFFFFFFFFFFFFFFFFFFFFFFFFFFFFFFFFFFFFFFF0D
:20B36000FFFFFFFFFFFFFFFFFFFFFFFFFFFFFFFFFFFFFFFFFFFFFFFFFFFFFFFFFFFFFFFFED
:20B38000FFFFFFFFFFFFFFFFFFFFFFFFFFFFFFFFFFFFFFFFFFFFFFFFFFFFFFFFFFFFFFFFCD
:20B3A000FFFFFFFFFFFFFFFFFFFFFFFFFFFFFFFFFFFFFFFFFFFFFFFFFFFFFFFFFFFFFFFFAD
:20B3C000FFFFFFFFFFFFFFFFFFFFFFFFFFFFFFFFFFFFFFFFFFFFFFFFFFFFFFFFFFFFFFFF8D
:20B3E000FFFFFFFFFFFFFFFFFFFFFFFFFFFFFFFFFFFFFFFFFFFFFFFFFFFFFFFFFFFFFFFF6D
:20B40000FFFFFFFFFFFFFFFFFFFFFFFFFFFFFFFFFFFFFFFFFFFFFFFFFFFFFFFFFFFFFFFF4C
:20B42000FFFFFFFFFFFFFFFFFFFFFFFFFFFFFFFFFFFFFFFFFFFFFFFFFFFFFFFFFFFFFFFF2C
:20B44000FFFFFFFFFFFFFFFFFFFFFFFFFFFFFFFFFFFFFFFFFFFFFFFFFFFFFFFFFFFFFFFF0C
:20B46000FFFFFFFFFFFFFFFFFFFFFFFFFFFFFFFFFFFFFFFFFFFFFFFFFFFFFFFFFFFFFFFFEC
:20B48000FFFFFFFFFFFFFFFFFFFFFFFFFFFFFFFFFFFFFFFFFFFFFFFFFFFFFFFFFFFFFFFFCC
:20B4A000FFFFFFFFFFFFFFFFFFFFFFFFFFFFFFFFFFFFFFFFFFFFFFFFFFFFFFFFFFFFFFFFAC
:20B4C000FFFFFFFFFFFFFFFFFFFFFFFFFFFFFFFFFFFFFFFFFFFFFFFFFFFFFFFFFFFFFFFF8C
:20B4E000FFFFFFFFFFFFFFFFFFFFFFFFFFFFFFFFFFFFFFFFFFFFFFFFFFFFFFFFFFFFFFFF6C
:20B50000FFFFFFFFFFFFFFFFFFFFFFFFFFFFFFFFFFFFFFFFFFFFFFFFFFFFFFFFFFFFFFFF4B
:20B52000FFFFFFFFFFFFFFFFFFFFFFFFFFFFFFFFFFFFFFFFFFFFFFFFFFFFFFFFFFFFFFFF2B
:20B54000FFFFFFFFFFFFFFFFFFFFFFFFFFFFFFFFFFFFFFFFFFFFFFFFFFFFFFFFFFFFFFFF0B
:20B56000FFFFFFFFFFFFFFFFFFFFFFFFFFFFFFFFFFFFFFFFFFFFFFFFFFFFFFFFFFFFFFFFEB
:20B58000FFFFFFFFFFFFFFFFFFFFFFFFFFFFFFFFFFFFFFFFFFFFFFFFFFFFFFFFFFFFFFFFCB
:20B5A000FFFFFFFFFFFFFFFFFFFFFFFFFFFFFFFFFFFFFFFFFFFFFFFFFFFFFFFFFFFFFFFFAB
:20B5C000FFFFFFFFFFFFFFFFFFFFFFFFFFFFFFFFFFFFFFFFFFFFFFFFFFFFFFFFFFFFFFFF8B
:20B5E000FFFFFFFFFFFFFFFFFFFFFFFFFFFFFFFFFFFFFFFFFFFFFFFFFFFFFFFFFFFFFFFF6B
:20B60000FFFFFFFFFFFFFFFFFFFFFFFFFFFFFFFFFFFFFFFFFFFFFFFFFFFFFFFFFFFFFFFF4A
:20B62000FFFFFFFFFFFFFFFFFFFFFFFFFFFFFFFFFFFFFFFFFFFFFFFFFFFFFFFFFFFFFFFF2A
:20B64000FFFFFFFFFFFFFFFFFFFFFFFFFFFFFFFFFFFFFFFFFFFFFFFFFFFFFFFFFFFFFFFF0A
:20B66000FFFFFFFFFFFFFFFFFFFFFFFFFFFFFFFFFFFFFFFFFFFFFFFFFFFFFFFFFFFFFFFFEA
:20B68000FFFFFFFFFFFFFFFFFFFFFFFFFFFFFFFFFFFFFFFFFFFFFFFFFFFFFFFFFFFFFFFFCA
:20B6A000FFFFFFFFFFFFFFFFFFFFFFFFFFFFFFFFFFFFFFFFFFFFFFFFFFFFFFFFFFFFFFFFAA
:20B6C000FFFFFFFFFFFFFFFFFFFFFFFFFFFFFFFFFFFFFFFFFFFFFFFFFFFFFFFFFFFFFFFF8A
:20B6E000FFFFFFFFFFFFFFFFFFFFFFFFFFFFFFFFFFFFFFFFFFFFFFFFFFFFFFFFFFFFFFFF6A
:20B70000FFFFFFFFFFFFFFFFFFFFFFFFFFFFFFFFFFFFFFFFFFFFFFFFFFFFFFFFFFFFFFFF49
:20B72000FFFFFFFFFFFFFFFFFFFFFFFFFFFFFFFFFFFFFFFFFFFFFFFFFFFFFFFFFFFFFFFF29
:20B74000FFFFFFFFFFFFFFFFFFFFFFFFFFFFFFFFFFFFFFFFFFFFFFFFFFFFFFFFFFFFFFFF09
:20B76000FFFFFFFFFFFFFFFFFFFFFFFFFFFFFFFFFFFFFFFFFFFFFFFFFFFFFFFFFFFFFFFFE9
:20B78000FFFFFFFFFFFFFFFFFFFFFFFFFFFFFFFFFFFFFFFFFFFFFFFFFFFFFFFFFFFFFFFFC9
:20B7A000FFFFFFFFFFFFFFFFFFFFFFFFFFFFFFFFFFFFFFFFFFFFFFFFFFFFFFFFFFFFFFFFA9
:20B7C000FFFFFFFFFFFFFFFFFFFFFFFFFFFFFFFFFFFFFFFFFFFFFFFFFFFFFFFFFFFFFFFF89
:20B7E000FFFFFFFFFFFFFFFFFFFFFFFFFFFFFFFFFFFFFFFFFFFFFFFFFFFFFFFFFFFFFFFF69
:20B80000FFFFFFFFFFFFFFFFFFFFFFFFFFFFFFFFFFFFFFFFFFFFFFFFFFFFFFFFFFFFFFFF48
:20B82000FFFFFFFFFFFFFFFFFFFFFFFFFFFFFFFFFFFFFFFFFFFFFFFFFFFFFFFFFFFFFFFF28
:20B84000FFFFFFFFFFFFFFFFFFFFFFFFFFFFFFFFFFFFFFFFFFFFFFFFFFFFFFFFFFFFFFFF08
:20B86000FFFFFFFFFFFFFFFFFFFFFFFFFFFFFFFFFFFFFFFFFFFFFFFFFFFFFFFFFFFFFFFFE8
:20B88000FFFFFFFFFFFFFFFFFFFFFFFFFFFFFFFFFFFFFFFFFFFFFFFFFFFFFFFFFFFFFFFFC8
:20B8A000FFFFFFFFFFFFFFFFFFFFFFFFFFFFFFFFFFFFFFFFFFFFFFFFFFFFFFFFFFFFFFFFA8
:20B8C000FFFFFFFFFFFFFFFFFFFFFFFFFFFFFFFFFFFFFFFFFFFFFFFFFFFFFFFFFFFFFFFF88
:20B8E000FFFFFFFFFFFFFFFFFFFFFFFFFFFFFFFFFFFFFFFFFFFFFFFFFFFFFFFFFFFFFFFF68
:20B90000FFFFFFFFFFFFFFFFFFFFFFFFFFFFFFFFFFFFFFFFFFFFFFFFFFFFFFFFFFFFFFFF47
:20B92000FFFFFFFFFFFFFFFFFFFFFFFFFFFFFFFFFFFFFFFFFFFFFFFFFFFFFFFFFFFFFFFF27
:20B94000FFFFFFFFFFFFFFFFFFFFFFFFFFFFFFFFFFFFFFFFFFFFFFFFFFFFFFFFFFFFFFFF07
:20B96000FFFFFFFFFFFFFFFFFFFFFFFFFFFFFFFFFFFFFFFFFFFFFFFFFFFFFFFFFFFFFFFFE7
:20B98000FFFFFFFFFFFFFFFFFFFFFFFFFFFFFFFFFFFFFFFFFFFFFFFFFFFFFFFFFFFFFFFFC7
:20B9A000FFFFFFFFFFFFFFFFFFFFFFFFFFFFFFFFFFFFFFFFFFFFFFFFFFFFFFFFFFFFFFFFA7
:20B9C000FFFFFFFFFFFFFFFFFFFFFFFFFFFFFFFFFFFFFFFFFFFFFFFFFFFFFFFFFFFFFFFF87
:20B9E000FFFFFFFFFFFFFFFFFFFFFFFFFFFFFFFFFFFFFFFFFFFFFFFFFFFFFFFFFFFFFFFF67
:20BA0000FFFFFFFFFFFFFFFFFFFFFFFFFFFFFFFFFFFFFFFFFFFFFFFFFFFFFFFFFFFFFFFF46
:20BA2000FFFFFFFFFFFFFFFFFFFFFFFFFFFFFFFFFFFFFFFFFFFFFFFFFFFFFFFFFFFFFFFF26
:20BA4000FFFFFFFFFFFFFFFFFFFFFFFFFFFFFFFFFFFFFFFFFFFFFFFFFFFFFFFFFFFFFFFF06
:20BA6000FFFFFFFFFFFFFFFFFFFFFFFFFFFFFFFFFFFFFFFFFFFFFFFFFFFFFFFFFFFFFFFFE6
:20BA8000FFFFFFFFFFFFFFFFFFFFFFFFFFFFFFFFFFFFFFFFFFFFFFFFFFFFFFFFFFFFFFFFC6
:20BAA000FFFFFFFFFFFFFFFFFFFFFFFFFFFFFFFFFFFFFFFFFFFFFFFFFFFFFFFFFFFFFFFFA6
:20BAC000FFFFFFFFFFFFFFFFFFFFFFFFFFFFFFFFFFFFFFFFFFFFFFFFFFFFFFFFFFFFFFFF86
:20BAE000FFFFFFFFFFFFFFFFFFFFFFFFFFFFFFFFFFFFFFFFFFFFFFFFFFFFFFFFFFFFFFFF66
:20BB0000FFFFFFFFFFFFFFFFFFFFFFFFFFFFFFFFFFFFFFFFFFFFFFFFFFFFFFFFFFFFFFFF45
:20BB2000FFFFFFFFFFFFFFFFFFFFFFFFFFFFFFFFFFFFFFFFFFFFFFFFFFFFFFFFFFFFFFFF25
:20BB4000FFFFFFFFFFFFFFFFFFFFFFFFFFFFFFFFFFFFFFFFFFFFFFFFFFFFFFFFFFFFFFFF05
:20BB6000FFFFFFFFFFFFFFFFFFFFFFFFFFFFFFFFFFFFFFFFFFFFFFFFFFFFFFFFFFFFFFFFE5
:20BB8000FFFFFFFFFFFFFFFFFFFFFFFFFFFFFFFFFFFFFFFFFFFFFFFFFFFFFFFFFFFFFFFFC5
:20BBA000FFFFFFFFFFFFFFFFFFFFFFFFFFFFFFFFFFFFFFFFFFFFFFFFFFFFFFFFFFFFFFFFA5
:20BBC000FFFFFFFFFFFFFFFFFFFFFFFFFFFFFFFFFFFFFFFFFFFFFFFFFFFFFFFFFFFFFFFF85
:20BBE000FFFFFFFFFFFFFFFFFFFFFFFFFFFFFFFFFFFFFFFFFFFFFFFFFFFFFFFFFFFFFFFF65
:20BC0000FFFFFFFFFFFFFFFFFFFFFFFFFFFFFFFFFFFFFFFFFFFFFFFFFFFFFFFFFFFFFFFF44
:20BC2000FFFFFFFFFFFFFFFFFFFFFFFFFFFFFFFFFFFFFFFFFFFFFFFFFFFFFFFFFFFFFFFF24
:20BC4000FFFFFFFFFFFFFFFFFFFFFFFFFFFFFFFFFFFFFFFFFFFFFFFFFFFFFFFFFFFFFFFF04
:20BC6000FFFFFFFFFFFFFFFFFFFFFFFFFFFFFFFFFFFFFFFFFFFFFFFFFFFFFFFFFFFFFFFFE4
:20BC8000FFFFFFFFFFFFFFFFFFFFFFFFFFFFFFFFFFFFFFFFFFFFFFFFFFFFFFFFFFFFFFFFC4
:20BCA000FFFFFFFFFFFFFFFFFFFFFFFFFFFFFFFFFFFFFFFFFFFFFFFFFFFFFFFFFFFFFFFFA4
:20BCC000FFFFFFFFFFFFFFFFFFFFFFFFFFFFFFFFFFFFFFFFFFFFFFFFFFFFFFFFFFFFFFFF84
:20BCE000FFFFFFFFFFFFFFFFFFFFFFFFFFFFFFFFFFFFFFFFFFFFFFFFFFFFFFFFFFFFFFFF64
:20BD0000FFFFFFFFFFFFFFFFFFFFFFFFFFFFFFFFFFFFFFFFFFFFFFFFFFFFFFFFFFFFFFFF43
:20BD2000FFFFFFFFFFFFFFFFFFFFFFFFFFFFFFFFFFFFFFFFFFFFFFFFFFFFFFFFFFFFFFFF23
:20BD4000FFFFFFFFFFFFFFFFFFFFFFFFFFFFFFFFFFFFFFFFFFFFFFFFFFFFFFFFFFFFFFFF03
:20BD6000FFFFFFFFFFFFFFFFFFFFFFFFFFFFFFFFFFFFFFFFFFFFFFFFFFFFFFFFFFFFFFFFE3
:20BD8000FFFFFFFFFFFFFFFFFFFFFFFFFFFFFFFFFFFFFFFFFFFFFFFFFFFFFFFFFFFFFFFFC3
:20BDA000FFFFFFFFFFFFFFFFFFFFFFFFFFFFFFFFFFFFFFFFFFFFFFFFFFFFFFFFFFFFFFFFA3
:20BDC000FFFFFFFFFFFFFFFFFFFFFFFFFFFFFFFFFFFFFFFFFFFFFFFFFFFFFFFFFFFFFFFF83
:20BDE000FFFFFFFFFFFFFFFFFFFFFFFFFFFFFFFFFFFFFFFFFFFFFFFFFFFFFFFFFFFFFFFF63
:20BE0000FFFFFFFFFFFFFFFFFFFFFFFFFFFFFFFFFFFFFFFFFFFFFFFFFFFFFFFFFFFFFFFF42
:20BE2000FFFFFFFFFFFFFFFFFFFFFFFFFFFFFFFFFFFFFFFFFFFFFFFFFFFFFFFFFFFFFFFF22
:20BE4000FFFFFFFFFFFFFFFFFFFFFFFFFFFFFFFFFFFFFFFFFFFFFFFFFFFFFFFFFFFFFFFF02
:20BE6000FFFFFFFFFFFFFFFFFFFFFFFFFFFFFFFFFFFFFFFFFFFFFFFFFFFFFFFFFFFFFFFFE2
:20BE8000FFFFFFFFFFFFFFFFFFFFFFFFFFFFFFFFFFFFFFFFFFFFFFFFFFFFFFFFFFFFFFFFC2
:20BEA000FFFFFFFFFFFFFFFFFFFFFFFFFFFFFFFFFFFFFFFFFFFFFFFFFFFFFFFFFFFFFFFFA2
:20BEC000FFFFFFFFFFFFFFFFFFFFFFFFFFFFFFFFFFFFFFFFFFFFFFFFFFFFFFFFFFFFFFFF82
:20BEE000FFFFFFFFFFFFFFFFFFFFFFFFFFFFFFFFFFFFFFFFFFFFFFFFFFFFFFFFFFFFFFFF62
:20BF0000FFFFFFFFFFFFFFFFFFFFFFFFFFFFFFFFFFFFFFFFFFFFFFFFFFFFFFFFFFFFFFFF41
:20BF2000FFFFFFFFFFFFFFFFFFFFFFFFFFFFFFFFFFFFFFFFFFFFFFFFFFFFFFFFFFFFFFFF21
:20BF4000FFFFFFFFFFFFFFFFFFFFFFFFFFFFFFFFFFFFFFFFFFFFFFFFFFFFFFFFFFFFFFFF01
:20BF6000FFFFFFFFFFFFFFFFFFFFFFFFFFFFFFFFFFFFFFFFFFFFFFFFFFFFFFFFFFFFFFFFE1
:20BF8000FFFFFFFFFFFFFFFFFFFFFFFFFFFFFFFFFFFFFFFFFFFFFFFFFFFFFFFFFFFFFFFFC1
:20BFA000FFFFFFFFFFFFFFFFFFFFFFFFFFFFFFFFFFFFFFFFFFFFFFFFFFFFFFFFFFFFFFFFA1
:20BFC000FFFFFFFFFFFFFFFFFFFFFFFFFFFFFFFFFFFFFFFFFFFFFFFFFFFFFFFFFFFFFFFF81
:20BFE000FFFFFFFFFFFFFFFFFFFFFFFFFFFFFFFFFFFFFFFFFFFFFFFFFFFFFFFFFFFFFFFF61
:20C00000FFFFFFFFFFFFFFFFFFFFFFFFFFFFFFFFFFFFFFFFFFFFFFFFFFFFFFFFFFFFFFFF40
:20C02000FFFFFFFFFFFFFFFFFFFFFFFFFFFFFFFFFFFFFFFFFFFFFFFFFFFFFFFFFFFFFFFF20
:20C04000FFFFFFFFFFFFFFFFFFFFFFFFFFFFFFFFFFFFFFFFFFFFFFFFFFFFFFFFFFFFFFFF00
:20C06000FFFFFFFFFFFFFFFFFFFFFFFFFFFFFFFFFFFFFFFFFFFFFFFFFFFFFFFFFFFFFFFFE0
:20C08000FFFFFFFFFFFFFFFFFFFFFFFFFFFFFFFFFFFFFFFFFFFFFFFFFFFFFFFFFFFFFFFFC0
:20C0A000FFFFFFFFFFFFFFFFFFFFFFFFFFFFFFFFFFFFFFFFFFFFFFFFFFFFFFFFFFFFFFFFA0
:20C0C000FFFFFFFFFFFFFFFFFFFFFFFFFFFFFFFFFFFFFFFFFFFFFFFFFFFFFFFFFFFFFFFF80
:20C0E000FFFFFFFFFFFFFFFFFFFFFFFFFFFFFFFFFFFFFFFFFFFFFFFFFFFFFFFFFFFFFFFF60
:20C10000FFFFFFFFFFFFFFFFFFFFFFFFFFFFFFFFFFFFFFFFFFFFFFFFFFFFFFFFFFFFFFFF3F
:20C12000FFFFFFFFFFFFFFFFFFFFFFFFFFFFFFFFFFFFFFFFFFFFFFFFFFFFFFFFFFFFFFFF1F
:20C14000FFFFFFFFFFFFFFFFFFFFFFFFFFFFFFFFFFFFFFFFFFFFFFFFFFFFFFFFFFFFFFFFFF
:20C16000FFFFFFFFFFFFFFFFFFFFFFFFFFFFFFFFFFFFFFFFFFFFFFFFFFFFFFFFFFFFFFFFDF
:20C18000FFFFFFFFFFFFFFFFFFFFFFFFFFFFFFFFFFFFFFFFFFFFFFFFFFFFFFFFFFFFFFFFBF
:20C1A000FFFFFFFFFFFFFFFFFFFFFFFFFFFFFFFFFFFFFFFFFFFFFFFFFFFFFFFFFFFFFFFF9F
:20C1C000FFFFFFFFFFFFFFFFFFFFFFFFFFFFFFFFFFFFFFFFFFFFFFFFFFFFFFFFFFFFFFFF7F
:20C1E000FFFFFFFFFFFFFFFFFFFFFFFFFFFFFFFFFFFFFFFFFFFFFFFFFFFFFFFFFFFFFFFF5F
:20C20000FFFFFFFFFFFFFFFFFFFFFFFFFFFFFFFFFFFFFFFFFFFFFFFFFFFFFFFFFFFFFFFF3E
:20C22000FFFFFFFFFFFFFFFFFFFFFFFFFFFFFFFFFFFFFFFFFFFFFFFFFFFFFFFFFFFFFFFF1E
:20C24000FFFFFFFFFFFFFFFFFFFFFFFFFFFFFFFFFFFFFFFFFFFFFFFFFFFFFFFFFFFFFFFFFE
:20C26000FFFFFFFFFFFFFFFFFFFFFFFFFFFFFFFFFFFFFFFFFFFFFFFFFFFFFFFFFFFFFFFFDE
:20C28000FFFFFFFFFFFFFFFFFFFFFFFFFFFFFFFFFFFFFFFFFFFFFFFFFFFFFFFFFFFFFFFFBE
:20C2A000FFFFFFFFFFFFFFFFFFFFFFFFFFFFFFFFFFFFFFFFFFFFFFFFFFFFFFFFFFFFFFFF9E
:20C2C000FFFFFFFFFFFFFFFFFFFFFFFFFFFFFFFFFFFFFFFFFFFFFFFFFFFFFFFFFFFFFFFF7E
:20C2E000FFFFFFFFFFFFFFFFFFFFFFFFFFFFFFFFFFFFFFFFFFFFFFFFFFFFFFFFFFFFFFFF5E
:20C30000FFFFFFFFFFFFFFFFFFFFFFFFFFFFFFFFFFFFFFFFFFFFFFFFFFFFFFFFFFFFFFFF3D
:20C32000FFFFFFFFFFFFFFFFFFFFFFFFFFFFFFFFFFFFFFFFFFFFFFFFFFFFFFFFFFFFFFFF1D
:20C34000FFFFFFFFFFFFFFFFFFFFFFFFFFFFFFFFFFFFFFFFFFFFFFFFFFFFFFFFFFFFFFFFFD
:20C36000FFFFFFFFFFFFFFFFFFFFFFFFFFFFFFFFFFFFFFFFFFFFFFFFFFFFFFFFFFFFFFFFDD
:20C38000FFFFFFFFFFFFFFFFFFFFFFFFFFFFFFFFFFFFFFFFFFFFFFFFFFFFFFFFFFFFFFFFBD
:20C3A000FFFFFFFFFFFFFFFFFFFFFFFFFFFFFFFFFFFFFFFFFFFFFFFFFFFFFFFFFFFFFFFF9D
:20C3C000FFFFFFFFFFFFFFFFFFFFFFFFFFFFFFFFFFFFFFFFFFFFFFFFFFFFFFFFFFFFFFFF7D
:20C3E000FFFFFFFFFFFFFFFFFFFFFFFFFFFFFFFFFFFFFFFFFFFFFFFFFFFFFFFFFFFFFFFF5D
:20C40000FFFFFFFFFFFFFFFFFFFFFFFFFFFFFFFFFFFFFFFFFFFFFFFFFFFFFFFFFFFFFFFF3C
:20C42000FFFFFFFFFFFFFFFFFFFFFFFFFFFFFFFFFFFFFFFFFFFFFFFFFFFFFFFFFFFFFFFF1C
:20C44000FFFFFFFFFFFFFFFFFFFFFFFFFFFFFFFFFFFFFFFFFFFFFFFFFFFFFFFFFFFFFFFFFC
:20C46000FFFFFFFFFFFFFFFFFFFFFFFFFFFFFFFFFFFFFFFFFFFFFFFFFFFFFFFFFFFFFFFFDC
:20C48000FFFFFFFFFFFFFFFFFFFFFFFFFFFFFFFFFFFFFFFFFFFFFFFFFFFFFFFFFFFFFFFFBC
:20C4A000FFFFFFFFFFFFFFFFFFFFFFFFFFFFFFFFFFFFFFFFFFFFFFFFFFFFFFFFFFFFFFFF9C
:20C4C000FFFFFFFFFFFFFFFFFFFFFFFFFFFFFFFFFFFFFFFFFFFFFFFFFFFFFFFFFFFFFFFF7C
:20C4E000FFFFFFFFFFFFFFFFFFFFFFFFFFFFFFFFFFFFFFFFFFFFFFFFFFFFFFFFFFFFFFFF5C
:20C50000FFFFFFFFFFFFFFFFFFFFFFFFFFFFFFFFFFFFFFFFFFFFFFFFFFFFFFFFFFFFFFFF3B
:20C52000FFFFFFFFFFFFFFFFFFFFFFFFFFFFFFFFFFFFFFFFFFFFFFFFFFFFFFFFFFFFFFFF1B
:20C54000FFFFFFFFFFFFFFFFFFFFFFFFFFFFFFFFFFFFFFFFFFFFFFFFFFFFFFFFFFFFFFFFFB
:20C56000FFFFFFFFFFFFFFFFFFFFFFFFFFFFFFFFFFFFFFFFFFFFFFFFFFFFFFFFFFFFFFFFDB
:20C58000FFFFFFFFFFFFFFFFFFFFFFFFFFFFFFFFFFFFFFFFFFFFFFFFFFFFFFFFFFFFFFFFBB
:20C5A000FFFFFFFFFFFFFFFFFFFFFFFFFFFFFFFFFFFFFFFFFFFFFFFFFFFFFFFFFFFFFFFF9B
:20C5C000FFFFFFFFFFFFFFFFFFFFFFFFFFFFFFFFFFFFFFFFFFFFFFFFFFFFFFFFFFFFFFFF7B
:20C5E000FFFFFFFFFFFFFFFFFFFFFFFFFFFFFFFFFFFFFFFFFFFFFFFFFFFFFFFFFFFFFFFF5B
:20C60000FFFFFFFFFFFFFFFFFFFFFFFFFFFFFFFFFFFFFFFFFFFFFFFFFFFFFFFFFFFFFFFF3A
:20C62000FFFFFFFFFFFFFFFFFFFFFFFFFFFFFFFFFFFFFFFFFFFFFFFFFFFFFFFFFFFFFFFF1A
:20C64000FFFFFFFFFFFFFFFFFFFFFFFFFFFFFFFFFFFFFFFFFFFFFFFFFFFFFFFFFFFFFFFFFA
:20C66000FFFFFFFFFFFFFFFFFFFFFFFFFFFFFFFFFFFFFFFFFFFFFFFFFFFFFFFFFFFFFFFFDA
:20C68000FFFFFFFFFFFFFFFFFFFFFFFFFFFFFFFFFFFFFFFFFFFFFFFFFFFFFFFFFFFFFFFFBA
:20C6A000FFFFFFFFFFFFFFFFFFFFFFFFFFFFFFFFFFFFFFFFFFFFFFFFFFFFFFFFFFFFFFFF9A
:20C6C000FFFFFFFFFFFFFFFFFFFFFFFFFFFFFFFFFFFFFFFFFFFFFFFFFFFFFFFFFFFFFFFF7A
:20C6E000FFFFFFFFFFFFFFFFFFFFFFFFFFFFFFFFFFFFFFFFFFFFFFFFFFFFFFFFFFFFFFFF5A
:20C70000FFFFFFFFFFFFFFFFFFFFFFFFFFFFFFFFFFFFFFFFFFFFFFFFFFFFFFFFFFFFFFFF39
:20C72000FFFFFFFFFFFFFFFFFFFFFFFFFFFFFFFFFFFFFFFFFFFFFFFFFFFFFFFFFFFFFFFF19
:20C74000FFFFFFFFFFFFFFFFFFFFFFFFFFFFFFFFFFFFFFFFFFFFFFFFFFFFFFFFFFFFFFFFF9
:20C76000FFFFFFFFFFFFFFFFFFFFFFFFFFFFFFFFFFFFFFFFFFFFFFFFFFFFFFFFFFFFFFFFD9
:20C78000FFFFFFFFFFFFFFFFFFFFFFFFFFFFFFFFFFFFFFFFFFFFFFFFFFFFFFFFFFFFFFFFB9
:20C7A000FFFFFFFFFFFFFFFFFFFFFFFFFFFFFFFFFFFFFFFFFFFFFFFFFFFFFFFFFFFFFFFF99
:20C7C000FFFFFFFFFFFFFFFFFFFFFFFFFFFFFFFFFFFFFFFFFFFFFFFFFFFFFFFFFFFFFFFF79
:20C7E000FFFFFFFFFFFFFFFFFFFFFFFFFFFFFFFFFFFFFFFFFFFFFFFFFFFFFFFFFFFFFFFF59
:20C80000FFFFFFFFFFFFFFFFFFFFFFFFFFFFFFFFFFFFFFFFFFFFFFFFFFFFFFFFFFFFFFFF38
:20C82000FFFFFFFFFFFFFFFFFFFFFFFFFFFFFFFFFFFFFFFFFFFFFFFFFFFFFFFFFFFFFFFF18
:20C84000FFFFFFFFFFFFFFFFFFFFFFFFFFFFFFFFFFFFFFFFFFFFFFFFFFFFFFFFFFFFFFFFF8
:20C86000FFFFFFFFFFFFFFFFFFFFFFFFFFFFFFFFFFFFFFFFFFFFFFFFFFFFFFFFFFFFFFFFD8
:20C88000FFFFFFFFFFFFFFFFFFFFFFFFFFFFFFFFFFFFFFFFFFFFFFFFFFFFFFFFFFFFFFFFB8
:20C8A000FFFFFFFFFFFFFFFFFFFFFFFFFFFFFFFFFFFFFFFFFFFFFFFFFFFFFFFFFFFFFFFF98
:20C8C000FFFFFFFFFFFFFFFFFFFFFFFFFFFFFFFFFFFFFFFFFFFFFFFFFFFFFFFFFFFFFFFF78
:20C8E000FFFFFFFFFFFFFFFFFFFFFFFFFFFFFFFFFFFFFFFFFFFFFFFFFFFFFFFFFFFFFFFF58
:20C90000FFFFFFFFFFFFFFFFFFFFFFFFFFFFFFFFFFFFFFFFFFFFFFFFFFFFFFFFFFFFFFFF37
:20C92000FFFFFFFFFFFFFFFFFFFFFFFFFFFFFFFFFFFFFFFFFFFFFFFFFFFFFFFFFFFFFFFF17
:20C94000FFFFFFFFFFFFFFFFFFFFFFFFFFFFFFFFFFFFFFFFFFFFFFFFFFFFFFFFFFFFFFFFF7
:20C96000FFFFFFFFFFFFFFFFFFFFFFFFFFFFFFFFFFFFFFFFFFFFFFFFFFFFFFFFFFFFFFFFD7
:20C98000FFFFFFFFFFFFFFFFFFFFFFFFFFFFFFFFFFFFFFFFFFFFFFFFFFFFFFFFFFFFFFFFB7
:20C9A000FFFFFFFFFFFFFFFFFFFFFFFFFFFFFFFFFFFFFFFFFFFFFFFFFFFFFFFFFFFFFFFF97
:20C9C000FFFFFFFFFFFFFFFFFFFFFFFFFFFFFFFFFFFFFFFFFFFFFFFFFFFFFFFFFFFFFFFF77
:20C9E000FFFFFFFFFFFFFFFFFFFFFFFFFFFFFFFFFFFFFFFFFFFFFFFFFFFFFFFFFFFFFFFF57
:20CA0000FFFFFFFFFFFFFFFFFFFFFFFFFFFFFFFFFFFFFFFFFFFFFFFFFFFFFFFFFFFFFFFF36
:20CA2000FFFFFFFFFFFFFFFFFFFFFFFFFFFFFFFFFFFFFFFFFFFFFFFFFFFFFFFFFFFFFFFF16
:20CA4000FFFFFFFFFFFFFFFFFFFFFFFFFFFFFFFFFFFFFFFFFFFFFFFFFFFFFFFFFFFFFFFFF6
:20CA6000FFFFFFFFFFFFFFFFFFFFFFFFFFFFFFFFFFFFFFFFFFFFFFFFFFFFFFFFFFFFFFFFD6
:20CA8000FFFFFFFFFFFFFFFFFFFFFFFFFFFFFFFFFFFFFFFFFFFFFFFFFFFFFFFFFFFFFFFFB6
:20CAA000FFFFFFFFFFFFFFFFFFFFFFFFFFFFFFFFFFFFFFFFFFFFFFFFFFFFFFFFFFFFFFFF96
:20CAC000FFFFFFFFFFFFFFFFFFFFFFFFFFFFFFFFFFFFFFFFFFFFFFFFFFFFFFFFFFFFFFFF76
:20CAE000FFFFFFFFFFFFFFFFFFFFFFFFFFFFFFFFFFFFFFFFFFFFFFFFFFFFFFFFFFFFFFFF56
:20CB0000FFFFFFFFFFFFFFFFFFFFFFFFFFFFFFFFFFFFFFFFFFFFFFFFFFFFFFFFFFFFFFFF35
:20CB2000FFFFFFFFFFFFFFFFFFFFFFFFFFFFFFFFFFFFFFFFFFFFFFFFFFFFFFFFFFFFFFFF15
:20CB4000FFFFFFFFFFFFFFFFFFFFFFFFFFFFFFFFFFFFFFFFFFFFFFFFFFFFFFFFFFFFFFFFF5
:20CB6000FFFFFFFFFFFFFFFFFFFFFFFFFFFFFFFFFFFFFFFFFFFFFFFFFFFFFFFFFFFFFFFFD5
:20CB8000FFFFFFFFFFFFFFFFFFFFFFFFFFFFFFFFFFFFFFFFFFFFFFFFFFFFFFFFFFFFFFFFB5
:20CBA000FFFFFFFFFFFFFFFFFFFFFFFFFFFFFFFFFFFFFFFFFFFFFFFFFFFFFFFFFFFFFFFF95
:20CBC000FFFFFFFFFFFFFFFFFFFFFFFFFFFFFFFFFFFFFFFFFFFFFFFFFFFFFFFFFFFFFFFF75
:20CBE000FFFFFFFFFFFFFFFFFFFFFFFFFFFFFFFFFFFFFFFFFFFFFFFFFFFFFFFFFFFFFFFF55
:20CC0000FFFFFFFFFFFFFFFFFFFFFFFFFFFFFFFFFFFFFFFFFFFFFFFFFFFFFFFFFFFFFFFF34
:20CC2000FFFFFFFFFFFFFFFFFFFFFFFFFFFFFFFFFFFFFFFFFFFFFFFFFFFFFFFFFFFFFFFF14
:20CC4000FFFFFFFFFFFFFFFFFFFFFFFFFFFFFFFFFFFFFFFFFFFFFFFFFFFFFFFFFFFFFFFFF4
:20CC6000FFFFFFFFFFFFFFFFFFFFFFFFFFFFFFFFFFFFFFFFFFFFFFFFFFFFFFFFFFFFFFFFD4
:20CC8000FFFFFFFFFFFFFFFFFFFFFFFFFFFFFFFFFFFFFFFFFFFFFFFFFFFFFFFFFFFFFFFFB4
:20CCA000FFFFFFFFFFFFFFFFFFFFFFFFFFFFFFFFFFFFFFFFFFFFFFFFFFFFFFFFFFFFFFFF94
:20CCC000FFFFFFFFFFFFFFFFFFFFFFFFFFFFFFFFFFFFFFFFFFFFFFFFFFFFFFFFFFFFFFFF74
:20CCE000FFFFFFFFFFFFFFFFFFFFFFFFFFFFFFFFFFFFFFFFFFFFFFFFFFFFFFFFFFFFFFFF54
:20CD0000FFFFFFFFFFFFFFFFFFFFFFFFFFFFFFFFFFFFFFFFFFFFFFFFFFFFFFFFFFFFFFFF33
:20CD2000FFFFFFFFFFFFFFFFFFFFFFFFFFFFFFFFFFFFFFFFFFFFFFFFFFFFFFFFFFFFFFFF13
:20CD4000FFFFFFFFFFFFFFFFFFFFFFFFFFFFFFFFFFFFFFFFFFFFFFFFFFFFFFFFFFFFFFFFF3
:20CD6000FFFFFFFFFFFFFFFFFFFFFFFFFFFFFFFFFFFFFFFFFFFFFFFFFFFFFFFFFFFFFFFFD3
:20CD8000FFFFFFFFFFFFFFFFFFFFFFFFFFFFFFFFFFFFFFFFFFFFFFFFFFFFFFFFFFFFFFFFB3
:20CDA000FFFFFFFFFFFFFFFFFFFFFFFFFFFFFFFFFFFFFFFFFFFFFFFFFFFFFFFFFFFFFFFF93
:20CDC000FFFFFFFFFFFFFFFFFFFFFFFFFFFFFFFFFFFFFFFFFFFFFFFFFFFFFFFFFFFFFFFF73
:20CDE000FFFFFFFFFFFFFFFFFFFFFFFFFFFFFFFFFFFFFFFFFFFFFFFFFFFFFFFFFFFFFFFF53
:20CE0000FFFFFFFFFFFFFFFFFFFFFFFFFFFFFFFFFFFFFFFFFFFFFFFFFFFFFFFFFFFFFFFF32
:20CE2000FFFFFFFFFFFFFFFFFFFFFFFFFFFFFFFFFFFFFFFFFFFFFFFFFFFFFFFFFFFFFFFF12
:20CE4000FFFFFFFFFFFFFFFFFFFFFFFFFFFFFFFFFFFFFFFFFFFFFFFFFFFFFFFFFFFFFFFFF2
:20CE6000FFFFFFFFFFFFFFFFFFFFFFFFFFFFFFFFFFFFFFFFFFFFFFFFFFFFFFFFFFFFFFFFD2
:20CE8000FFFFFFFFFFFFFFFFFFFFFFFFFFFFFFFFFFFFFFFFFFFFFFFFFFFFFFFFFFFFFFFFB2
:20CEA000FFFFFFFFFFFFFFFFFFFFFFFFFFFFFFFFFFFFFFFFFFFFFFFFFFFFFFFFFFFFFFFF92
:20CEC000FFFFFFFFFFFFFFFFFFFFFFFFFFFFFFFFFFFFFFFFFFFFFFFFFFFFFFFFFFFFFFFF72
:20CEE000FFFFFFFFFFFFFFFFFFFFFFFFFFFFFFFFFFFFFFFFFFFFFFFFFFFFFFFFFFFFFFFF52
:20CF0000FFFFFFFFFFFFFFFFFFFFFFFFFFFFFFFFFFFFFFFFFFFFFFFFFFFFFFFFFFFFFFFF31
:20CF2000FFFFFFFFFFFFFFFFFFFFFFFFFFFFFFFFFFFFFFFFFFFFFFFFFFFFFFFFFFFFFFFF11
:20CF4000FFFFFFFFFFFFFFFFFFFFFFFFFFFFFFFFFFFFFFFFFFFFFFFFFFFFFFFFFFFFFFFFF1
:20CF6000FFFFFFFFFFFFFFFFFFFFFFFFFFFFFFFFFFFFFFFFFFFFFFFFFFFFFFFFFFFFFFFFD1
:20CF8000FFFFFFFFFFFFFFFFFFFFFFFFFFFFFFFFFFFFFFFFFFFFFFFFFFFFFFFFFFFFFFFFB1
:20CFA000FFFFFFFFFFFFFFFFFFFFFFFFFFFFFFFFFFFFFFFFFFFFFFFFFFFFFFFFFFFFFFFF91
:20CFC000FFFFFFFFFFFFFFFFFFFFFFFFFFFFFFFFFFFFFFFFFFFFFFFFFFFFFFFFFFFFFFFF71
:20CFE000FFFFFFFFFFFFFFFFFFFFFFFFFFFFFFFFFFFFFFFFFFFFFFFFFFFFFFFFFFFFFFFF51
:20D00000FFFFFFFFFFFFFFFFFFFFFFFFFFFFFFFFFFFFFFFFFFFFFFFFFFFFFFFFFFFFFFFF30
:20D02000FFFFFFFFFFFFFFFFFFFFFFFFFFFFFFFFFFFFFFFFFFFFFFFFFFFFFFFFFFFFFFFF10
:20D04000FFFFFFFFFFFFFFFFFFFFFFFFFFFFFFFFFFFFFFFFFFFFFFFFFFFFFFFFFFFFFFFFF0
:20D06000FFFFFFFFFFFFFFFFFFFFFFFFFFFFFFFFFFFFFFFFFFFFFFFFFFFFFFFFFFFFFFFFD0
:20D08000FFFFFFFFFFFFFFFFFFFFFFFFFFFFFFFFFFFFFFFFFFFFFFFFFFFFFFFFFFFFFFFFB0
:20D0A000FFFFFFFFFFFFFFFFFFFFFFFFFFFFFFFFFFFFFFFFFFFFFFFFFFFFFFFFFFFFFFFF90
:20D0C000FFFFFFFFFFFFFFFFFFFFFFFFFFFFFFFFFFFFFFFFFFFFFFFFFFFFFFFFFFFFFFFF70
:20D0E000FFFFFFFFFFFFFFFFFFFFFFFFFFFFFFFFFFFFFFFFFFFFFFFFFFFFFFFFFFFFFFFF50
:20D10000FFFFFFFFFFFFFFFFFFFFFFFFFFFFFFFFFFFFFFFFFFFFFFFFFFFFFFFFFFFFFFFF2F
:20D12000FFFFFFFFFFFFFFFFFFFFFFFFFFFFFFFFFFFFFFFFFFFFFFFFFFFFFFFFFFFFFFFF0F
:20D14000FFFFFFFFFFFFFFFFFFFFFFFFFFFFFFFFFFFFFFFFFFFFFFFFFFFFFFFFFFFFFFFFEF
:20D16000FFFFFFFFFFFFFFFFFFFFFFFFFFFFFFFFFFFFFFFFFFFFFFFFFFFFFFFFFFFFFFFFCF
:20D18000FFFFFFFFFFFFFFFFFFFFFFFFFFFFFFFFFFFFFFFFFFFFFFFFFFFFFFFFFFFFFFFFAF
:20D1A000FFFFFFFFFFFFFFFFFFFFFFFFFFFFFFFFFFFFFFFFFFFFFFFFFFFFFFFFFFFFFFFF8F
:20D1C000FFFFFFFFFFFFFFFFFFFFFFFFFFFFFFFFFFFFFFFFFFFFFFFFFFFFFFFFFFFFFFFF6F
:20D1E000FFFFFFFFFFFFFFFFFFFFFFFFFFFFFFFFFFFFFFFFFFFFFFFFFFFFFFFFFFFFFFFF4F
:20D20000FFFFFFFFFFFFFFFFFFFFFFFFFFFFFFFFFFFFFFFFFFFFFFFFFFFFFFFFFFFFFFFF2E
:20D22000FFFFFFFFFFFFFFFFFFFFFFFFFFFFFFFFFFFFFFFFFFFFFFFFFFFFFFFFFFFFFFFF0E
:20D24000FFFFFFFFFFFFFFFFFFFFFFFFFFFFFFFFFFFFFFFFFFFFFFFFFFFFFFFFFFFFFFFFEE
:20D26000FFFFFFFFFFFFFFFFFFFFFFFFFFFFFFFFFFFFFFFFFFFFFFFFFFFFFFFFFFFFFFFFCE
:20D28000FFFFFFFFFFFFFFFFFFFFFFFFFFFFFFFFFFFFFFFFFFFFFFFFFFFFFFFFFFFFFFFFAE
:20D2A000FFFFFFFFFFFFFFFFFFFFFFFFFFFFFFFFFFFFFFFFFFFFFFFFFFFFFFFFFFFFFFFF8E
:20D2C000FFFFFFFFFFFFFFFFFFFFFFFFFFFFFFFFFFFFFFFFFFFFFFFFFFFFFFFFFFFFFFFF6E
:20D2E000FFFFFFFFFFFFFFFFFFFFFFFFFFFFFFFFFFFFFFFFFFFFFFFFFFFFFFFFFFFFFFFF4E
:20D30000FFFFFFFFFFFFFFFFFFFFFFFFFFFFFFFFFFFFFFFFFFFFFFFFFFFFFFFFFFFFFFFF2D
:20D32000FFFFFFFFFFFFFFFFFFFFFFFFFFFFFFFFFFFFFFFFFFFFFFFFFFFFFFFFFFFFFFFF0D
:20D34000FFFFFFFFFFFFFFFFFFFFFFFFFFFFFFFFFFFFFFFFFFFFFFFFFFFFFFFFFFFFFFFFED
:20D36000FFFFFFFFFFFFFFFFFFFFFFFFFFFFFFFFFFFFFFFFFFFFFFFFFFFFFFFFFFFFFFFFCD
:20D38000FFFFFFFFFFFFFFFFFFFFFFFFFFFFFFFFFFFFFFFFFFFFFFFFFFFFFFFFFFFFFFFFAD
:20D3A000FFFFFFFFFFFFFFFFFFFFFFFFFFFFFFFFFFFFFFFFFFFFFFFFFFFFFFFFFFFFFFFF8D
:20D3C000FFFFFFFFFFFFFFFFFFFFFFFFFFFFFFFFFFFFFFFFFFFFFFFFFFFFFFFFFFFFFFFF6D
:20D3E000FFFFFFFFFFFFFFFFFFFFFFFFFFFFFFFFFFFFFFFFFFFFFFFFFFFFFFFFFFFFFFFF4D
:20D40000FFFFFFFFFFFFFFFFFFFFFFFFFFFFFFFFFFFFFFFFFFFFFFFFFFFFFFFFFFFFFFFF2C
:20D42000FFFFFFFFFFFFFFFFFFFFFFFFFFFFFFFFFFFFFFFFFFFFFFFFFFFFFFFFFFFFFFFF0C
:20D44000FFFFFFFFFFFFFFFFFFFFFFFFFFFFFFFFFFFFFFFFFFFFFFFFFFFFFFFFFFFFFFFFEC
:20D46000FFFFFFFFFFFFFFFFFFFFFFFFFFFFFFFFFFFFFFFFFFFFFFFFFFFFFFFFFFFFFFFFCC
:20D48000FFFFFFFFFFFFFFFFFFFFFFFFFFFFFFFFFFFFFFFFFFFFFFFFFFFFFFFFFFFFFFFFAC
:20D4A000FFFFFFFFFFFFFFFFFFFFFFFFFFFFFFFFFFFFFFFFFFFFFFFFFFFFFFFFFFFFFFFF8C
:20D4C000FFFFFFFFFFFFFFFFFFFFFFFFFFFFFFFFFFFFFFFFFFFFFFFFFFFFFFFFFFFFFFFF6C
:20D4E000FFFFFFFFFFFFFFFFFFFFFFFFFFFFFFFFFFFFFFFFFFFFFFFFFFFFFFFFFFFFFFFF4C
:20D50000FFFFFFFFFFFFFFFFFFFFFFFFFFFFFFFFFFFFFFFFFFFFFFFFFFFFFFFFFFFFFFFF2B
:20D52000FFFFFFFFFFFFFFFFFFFFFFFFFFFFFFFFFFFFFFFFFFFFFFFFFFFFFFFFFFFFFFFF0B
:20D54000FFFFFFFFFFFFFFFFFFFFFFFFFFFFFFFFFFFFFFFFFFFFFFFFFFFFFFFFFFFFFFFFEB
:20D56000FFFFFFFFFFFFFFFFFFFFFFFFFFFFFFFFFFFFFFFFFFFFFFFFFFFFFFFFFFFFFFFFCB
:20D58000FFFFFFFFFFFFFFFFFFFFFFFFFFFFFFFFFFFFFFFFFFFFFFFFFFFFFFFFFFFFFFFFAB
:20D5A000FFFFFFFFFFFFFFFFFFFFFFFFFFFFFFFFFFFFFFFFFFFFFFFFFFFFFFFFFFFFFFFF8B
:20D5C000FFFFFFFFFFFFFFFFFFFFFFFFFFFFFFFFFFFFFFFFFFFFFFFFFFFFFFFFFFFFFFFF6B
:20D5E000FFFFFFFFFFFFFFFFFFFFFFFFFFFFFFFFFFFFFFFFFFFFFFFFFFFFFFFFFFFFFFFF4B
:20D60000FFFFFFFFFFFFFFFFFFFFFFFFFFFFFFFFFFFFFFFFFFFFFFFFFFFFFFFFFFFFFFFF2A
:20D62000FFFFFFFFFFFFFFFFFFFFFFFFFFFFFFFFFFFFFFFFFFFFFFFFFFFFFFFFFFFFFFFF0A
:20D64000FFFFFFFFFFFFFFFFFFFFFFFFFFFFFFFFFFFFFFFFFFFFFFFFFFFFFFFFFFFFFFFFEA
:20D66000FFFFFFFFFFFFFFFFFFFFFFFFFFFFFFFFFFFFFFFFFFFFFFFFFFFFFFFFFFFFFFFFCA
:20D68000FFFFFFFFFFFFFFFFFFFFFFFFFFFFFFFFFFFFFFFFFFFFFFFFFFFFFFFFFFFFFFFFAA
:20D6A000FFFFFFFFFFFFFFFFFFFFFFFFFFFFFFFFFFFFFFFFFFFFFFFFFFFFFFFFFFFFFFFF8A
:20D6C000FFFFFFFFFFFFFFFFFFFFFFFFFFFFFFFFFFFFFFFFFFFFFFFFFFFFFFFFFFFFFFFF6A
:20D6E000FFFFFFFFFFFFFFFFFFFFFFFFFFFFFFFFFFFFFFFFFFFFFFFFFFFFFFFFFFFFFFFF4A
:20D70000FFFFFFFFFFFFFFFFFFFFFFFFFFFFFFFFFFFFFFFFFFFFFFFFFFFFFFFFFFFFFFFF29
:20D72000FFFFFFFFFFFFFFFFFFFFFFFFFFFFFFFFFFFFFFFFFFFFFFFFFFFFFFFFFFFFFFFF09
:20D74000FFFFFFFFFFFFFFFFFFFFFFFFFFFFFFFFFFFFFFFFFFFFFFFFFFFFFFFFFFFFFFFFE9
:20D76000FFFFFFFFFFFFFFFFFFFFFFFFFFFFFFFFFFFFFFFFFFFFFFFFFFFFFFFFFFFFFFFFC9
:20D78000FFFFFFFFFFFFFFFFFFFFFFFFFFFFFFFFFFFFFFFFFFFFFFFFFFFFFFFFFFFFFFFFA9
:20D7A000FFFFFFFFFFFFFFFFFFFFFFFFFFFFFFFFFFFFFFFFFFFFFFFFFFFFFFFFFFFFFFFF89
:20D7C000FFFFFFFFFFFFFFFFFFFFFFFFFFFFFFFFFFFFFFFFFFFFFFFFFFFFFFFFFFFFFFFF69
:20D7E000FFFFFFFFFFFFFFFFFFFFFFFFFFFFFFFFFFFFFFFFFFFFFFFFFFFFFFFFFFFFFFFF49
:20D80000FFFFFFFFFFFFFFFFFFFFFFFFFFFFFFFFFFFFFFFFFFFFFFFFFFFFFFFFFFFFFFFF28
:20D82000FFFFFFFFFFFFFFFFFFFFFFFFFFFFFFFFFFFFFFFFFFFFFFFFFFFFFFFFFFFFFFFF08
:20D84000FFFFFFFFFFFFFFFFFFFFFFFFFFFFFFFFFFFFFFFFFFFFFFFFFFFFFFFFFFFFFFFFE8
:20D86000FFFFFFFFFFFFFFFFFFFFFFFFFFFFFFFFFFFFFFFFFFFFFFFFFFFFFFFFFFFFFFFFC8
:20D88000FFFFFFFFFFFFFFFFFFFFFFFFFFFFFFFFFFFFFFFFFFFFFFFFFFFFFFFFFFFFFFFFA8
:20D8A000FFFFFFFFFFFFFFFFFFFFFFFFFFFFFFFFFFFFFFFFFFFFFFFFFFFFFFFFFFFFFFFF88
:20D8C000FFFFFFFFFFFFFFFFFFFFFFFFFFFFFFFFFFFFFFFFFFFFFFFFFFFFFFFFFFFFFFFF68
:20D8E000FFFFFFFFFFFFFFFFFFFFFFFFFFFFFFFFFFFFFFFFFFFFFFFFFFFFFFFFFFFFFFFF48
:20D90000FFFFFFFFFFFFFFFFFFFFFFFFFFFFFFFFFFFFFFFFFFFFFFFFFFFFFFFFFFFFFFFF27
:20D92000FFFFFFFFFFFFFFFFFFFFFFFFFFFFFFFFFFFFFFFFFFFFFFFFFFFFFFFFFFFFFFFF07
:20D94000FFFFFFFFFFFFFFFFFFFFFFFFFFFFFFFFFFFFFFFFFFFFFFFFFFFFFFFFFFFFFFFFE7
:20D96000FFFFFFFFFFFFFFFFFFFFFFFFFFFFFFFFFFFFFFFFFFFFFFFFFFFFFFFFFFFFFFFFC7
:20D98000FFFFFFFFFFFFFFFFFFFFFFFFFFFFFFFFFFFFFFFFFFFFFFFFFFFFFFFFFFFFFFFFA7
:20D9A000FFFFFFFFFFFFFFFFFFFFFFFFFFFFFFFFFFFFFFFFFFFFFFFFFFFFFFFFFFFFFFFF87
:20D9C000FFFFFFFFFFFFFFFFFFFFFFFFFFFFFFFFFFFFFFFFFFFFFFFFFFFFFFFFFFFFFFFF67
:20D9E000FFFFFFFFFFFFFFFFFFFFFFFFFFFFFFFFFFFFFFFFFFFFFFFFFFFFFFFFFFFFFFFF47
:20DA0000FFFFFFFFFFFFFFFFFFFFFFFFFFFFFFFFFFFFFFFFFFFFFFFFFFFFFFFFFFFFFFFF26
:20DA2000FFFFFFFFFFFFFFFFFFFFFFFFFFFFFFFFFFFFFFFFFFFFFFFFFFFFFFFFFFFFFFFF06
:20DA4000FFFFFFFFFFFFFFFFFFFFFFFFFFFFFFFFFFFFFFFFFFFFFFFFFFFFFFFFFFFFFFFFE6
:20DA6000FFFFFFFFFFFFFFFFFFFFFFFFFFFFFFFFFFFFFFFFFFFFFFFFFFFFFFFFFFFFFFFFC6
:20DA8000FFFFFFFFFFFFFFFFFFFFFFFFFFFFFFFFFFFFFFFFFFFFFFFFFFFFFFFFFFFFFFFFA6
:20DAA000FFFFFFFFFFFFFFFFFFFFFFFFFFFFFFFFFFFFFFFFFFFFFFFFFFFFFFFFFFFFFFFF86
:20DAC000FFFFFFFFFFFFFFFFFFFFFFFFFFFFFFFFFFFFFFFFFFFFFFFFFFFFFFFFFFFFFFFF66
:20DAE000FFFFFFFFFFFFFFFFFFFFFFFFFFFFFFFFFFFFFFFFFFFFFFFFFFFFFFFFFFFFFFFF46
:20DB0000FFFFFFFFFFFFFFFFFFFFFFFFFFFFFFFFFFFFFFFFFFFFFFFFFFFFFFFFFFFFFFFF25
:20DB2000FFFFFFFFFFFFFFFFFFFFFFFFFFFFFFFFFFFFFFFFFFFFFFFFFFFFFFFFFFFFFFFF05
:20DB4000FFFFFFFFFFFFFFFFFFFFFFFFFFFFFFFFFFFFFFFFFFFFFFFFFFFFFFFFFFFFFFFFE5
:20DB6000FFFFFFFFFFFFFFFFFFFFFFFFFFFFFFFFFFFFFFFFFFFFFFFFFFFFFFFFFFFFFFFFC5
:20DB8000FFFFFFFFFFFFFFFFFFFFFFFFFFFFFFFFFFFFFFFFFFFFFFFFFFFFFFFFFFFFFFFFA5
:20DBA000FFFFFFFFFFFFFFFFFFFFFFFFFFFFFFFFFFFFFFFFFFFFFFFFFFFFFFFFFFFFFFFF85
:20DBC000FFFFFFFFFFFFFFFFFFFFFFFFFFFFFFFFFFFFFFFFFFFFFFFFFFFFFFFFFFFFFFFF65
:20DBE000FFFFFFFFFFFFFFFFFFFFFFFFFFFFFFFFFFFFFFFFFFFFFFFFFFFFFFFFFFFFFFFF45
:20DC0000FFFFFFFFFFFFFFFFFFFFFFFFFFFFFFFFFFFFFFFFFFFFFFFFFFFFFFFFFFFFFFFF24
:20DC2000FFFFFFFFFFFFFFFFFFFFFFFFFFFFFFFFFFFFFFFFFFFFFFFFFFFFFFFFFFFFFFFF04
:20DC4000FFFFFFFFFFFFFFFFFFFFFFFFFFFFFFFFFFFFFFFFFFFFFFFFFFFFFFFFFFFFFFFFE4
:20DC6000FFFFFFFFFFFFFFFFFFFFFFFFFFFFFFFFFFFFFFFFFFFFFFFFFFFFFFFFFFFFFFFFC4
:20DC8000FFFFFFFFFFFFFFFFFFFFFFFFFFFFFFFFFFFFFFFFFFFFFFFFFFFFFFFFFFFFFFFFA4
:20DCA000FFFFFFFFFFFFFFFFFFFFFFFFFFFFFFFFFFFFFFFFFFFFFFFFFFFFFFFFFFFFFFFF84
:20DCC000FFFFFFFFFFFFFFFFFFFFFFFFFFFFFFFFFFFFFFFFFFFFFFFFFFFFFFFFFFFFFFFF64
:20DCE000FFFFFFFFFFFFFFFFFFFFFFFFFFFFFFFFFFFFFFFFFFFFFFFFFFFFFFFFFFFFFFFF44
:20DD0000FFFFFFFFFFFFFFFFFFFFFFFFFFFFFFFFFFFFFFFFFFFFFFFFFFFFFFFFFFFFFFFF23
:20DD2000FFFFFFFFFFFFFFFFFFFFFFFFFFFFFFFFFFFFFFFFFFFFFFFFFFFFFFFFFFFFFFFF03
:20DD4000FFFFFFFFFFFFFFFFFFFFFFFFFFFFFFFFFFFFFFFFFFFFFFFFFFFFFFFFFFFFFFFFE3
:20DD6000FFFFFFFFFFFFFFFFFFFFFFFFFFFFFFFFFFFFFFFFFFFFFFFFFFFFFFFFFFFFFFFFC3
:20DD8000FFFFFFFFFFFFFFFFFFFFFFFFFFFFFFFFFFFFFFFFFFFFFFFFFFFFFFFFFFFFFFFFA3
:20DDA000FFFFFFFFFFFFFFFFFFFFFFFFFFFFFFFFFFFFFFFFFFFFFFFFFFFFFFFFFFFFFFFF83
:20DDC000FFFFFFFFFFFFFFFFFFFFFFFFFFFFFFFFFFFFFFFFFFFFFFFFFFFFFFFFFFFFFFFF63
:20DDE000FFFFFFFFFFFFFFFFFFFFFFFFFFFFFFFFFFFFFFFFFFFFFFFFFFFFFFFFFFFFFFFF43
:20DE0000FFFFFFFFFFFFFFFFFFFFFFFFFFFFFFFFFFFFFFFFFFFFFFFFFFFFFFFFFFFFFFFF22
:20DE2000FFFFFFFFFFFFFFFFFFFFFFFFFFFFFFFFFFFFFFFFFFFFFFFFFFFFFFFFFFFFFFFF02
:20DE4000FFFFFFFFFFFFFFFFFFFFFFFFFFFFFFFFFFFFFFFFFFFFFFFFFFFFFFFFFFFFFFFFE2
:20DE6000FFFFFFFFFFFFFFFFFFFFFFFFFFFFFFFFFFFFFFFFFFFFFFFFFFFFFFFFFFFFFFFFC2
:20DE8000FFFFFFFFFFFFFFFFFFFFFFFFFFFFFFFFFFFFFFFFFFFFFFFFFFFFFFFFFFFFFFFFA2
:20DEA000FFFFFFFFFFFFFFFFFFFFFFFFFFFFFFFFFFFFFFFFFFFFFFFFFFFFFFFFFFFFFFFF82
:20DEC000FFFFFFFFFFFFFFFFFFFFFFFFFFFFFFFFFFFFFFFFFFFFFFFFFFFFFFFFFFFFFFFF62
:20DEE000FFFFFFFFFFFFFFFFFFFFFFFFFFFFFFFFFFFFFFFFFFFFFFFFFFFFFFFFFFFFFFFF42
:20DF0000FFFFFFFFFFFFFFFFFFFFFFFFFFFFFFFFFFFFFFFFFFFFFFFFFFFFFFFFFFFFFFFF21
:20DF2000FFFFFFFFFFFFFFFFFFFFFFFFFFFFFFFFFFFFFFFFFFFFFFFFFFFFFFFFFFFFFFFF01
:20DF4000FFFFFFFFFFFFFFFFFFFFFFFFFFFFFFFFFFFFFFFFFFFFFFFFFFFFFFFFFFFFFFFFE1
:20DF6000FFFFFFFFFFFFFFFFFFFFFFFFFFFFFFFFFFFFFFFFFFFFFFFFFFFFFFFFFFFFFFFFC1
:20DF8000FFFFFFFFFFFFFFFFFFFFFFFFFFFFFFFFFFFFFFFFFFFFFFFFFFFFFFFFFFFFFFFFA1
:20DFA000FFFFFFFFFFFFFFFFFFFFFFFFFFFFFFFFFFFFFFFFFFFFFFFFFFFFFFFFFFFFFFFF81
:20DFC000FFFFFFFFFFFFFFFFFFFFFFFFFFFFFFFFFFFFFFFFFFFFFFFFFFFFFFFFFFFFFFFF61
:20DFE000FFFFFFFFFFFFFFFFFFFFFFFFFFFFFFFFFFFFFFFFFFFFFFFFFFFFFFFFFFFFFFFF41
:20E000000D94F6F20D941FF30D941FF30D941FF30D941FF30D941FF30D941FF30D941FF392
:20E020000D941FF30D941FF30D941FF30D941FF30D941FF30D941FF30D941FF30D941FF348
:20E040000D941FF30D941FF30D941FF30D941FF30D941FF30D941FF30D941FF30D941FF328
:20E060000D941FF30D941FF30D941FF30D941FF30D941FF30D941FF30D941FF30D941FF308
:20E080000D941FF30D941FF30D941FF30D941FF30D941FF30D941FF30D941FF30D941FF3E8
:20E0A0000D941FF30D941FF30D941FF30D941FF30D941FF30D941FF30D941FF30D941FF3C8
:20E0C0000D941FF30D941FF30D941FF30D941FF30D941FF30D941FF30D941FF30D941FF3A8
:20E0E0000D941FF341546D656761323536300041726475696E6F206578706C6F72657220EE
:20E1000073746B3530305632206279204D4C5300426F6F746C6F616465723E004875683FDC
:20E1200000436F6D70696C6564206F6E20203D2000435055205479706520202020203D2071
:20E14000005F5F4156525F415243485F5F203D2000415652204C69624320566572203D2033
:20E16000004743432056657273696F6E20203D2000435055207369676E61747572653D20F8
:20E18000004C6F77206675736520202020203D2000486967682066757365202020203D204D
:20E1A00000457874206675736520202020203D20004C6F636B2066757365202020203D2025
:20E1C00000536570202039203230313000312E362E3700342E332E3300562320202041446D
:20E1E00044522020206F7020636F64652020202020696E737472756374696F6E20616464E4
:20E2000072202020496E74657272757074006E6F20766563746F7200726A6D702020006A6C
:20E220006D7020005768617420706F72743A00506F7274206E6F7420737570706F72746576
:20E2400064004D7573742062652061206C65747465720020005772697474696E6720454577
:20E260000052656164696E6720454500656570726F6D206572726F7220636F756E743D00E2
:20E28000504F525400303D5A65726F20616464726573732063747273003F3D435055207353
:20E2A0007461747300403D454550524F4D207465737400423D426C696E6B204C45440045D4
:20E2C0003D44756D7020454550524F4D00463D44756D7020464C41534800483D48656C70CE
:20E2E000004C3D4C69737420492F4F20506F72747300513D517569742026206A756D702067
:20E30000746F20757365722070676D00523D44756D702052414D00563D73686F7720696E67
:20E320007465727275707420566563746F727300593D506F727420626C696E6B002A0052DA
:20E340004553455400494E543000494E543100494E543200494E543300494E543400494E64
:20E36000543500494E543600494E5437005043494E5430005043494E5431005043494E54F6
:20E3800032005744540054494D45523020434F4D50410054494D45523020434F4D504200D9
:20E3A00054494D455230204F56460054494D45523120434150540054494D45523120434F43
:20E3C0004D50410054494D45523120434F4D50420054494D45523120434F4D50430054493B
:20E3E0004D455231204F56460054494D45523220434F4D50410054494D45523220434F4D08
:20E4000050420054494D455232204F56460054494D45523320434150540054494D455233FC
:20E4200020434F4D50410054494D45523320434F4D50420054494D45523320434F4D5043C1
:20E440000054494D455233204F56460054494D45523420434150540054494D4552342043E8
:20E460004F4D50410054494D45523420434F4D50420054494D45523420434F4D504300548E
:20E48000494D455234204F56460054494D45523520434150540054494D45523520434F4D5D
:20E4A00050410054494D45523520434F4D50420054494D45523520434F4D50430054494D52
:20E4C000455235204F56460055534152543020525800555341525430205544524500555325
:20E4E0004152543020545800555341525431205258005553415254312055445245005553F7
:20E500004152543120545800555341525432205258005553415254322055445245005553D3
:20E520004152543220545800555341525433205258005553415254332055445245005553B0
:20E540004152543320545800535049205354430041444300414E414C4F4720434F4D500016
:20E560004545205245414459005457490053504D205245414459002A003FE345E34AE34F13
:20E58000E354E359E35EE363E368E36DE374E37BE382E3E9E3F6E303E4ABE3B7E3C4E3D1BD
:20E5A000E3DEE386E393E3A0E348E5C8E4D2E4DEE454E550E560E50EE41AE427E434E441FD
:20E5C000E4E8E4F2E4FEE469E56DE54CE458E465E472E47FE48AE496E4A3E4B0E4BDE40819
:20E5E000E512E51EE528E532E53EE50011241FBECFEFD1E2DEBFCDBF01E00CBF12E0A0E02B
:20E60000B2E0EAEDFFEF03E00BBF02C007900D92A030B107D9F712E0A0E0B2E001C01D9232
:20E62000AC30B107E1F70F94FBF40D94EBFF01E20EBF0FEF0DBF11241FBE0D94FBF40D9494
:20E6400000F020E030E040ED57E005C0FA013197F1F72F5F3F4F28173907C0F308959C015E
:20E66000442737FD4095542FDA01C901860F911DA11DB11DABBFFC018791882369F0809399
:20E68000C6008091C00086FFFCCF8091C00080648093C0006F5FE8CF08958DE08093C600A3
:20E6A0008091C00086FFFCCF8091C00080648093C0008AE08093C6008091C00086FFFCCF4D
:20E6C0008091C00080648093C00008950F942FF30F944DF30895FC019081992359F090939A
:20E6E000C6008091C00086FFFCCF8091C00080648093C0003196992379F70895282F982FFD
:20E7000092959F70892F805D8A3308F0895F8093C6008091C00086FFFCCF8091C0008064E2
:20E720008093C000822F8F70982F905D9A3308F0995F9093C6008091C00086FFFCCF8091CA
:20E74000C00080648093C00008959C01FB01853691051CF46330710594F0C90164E670E0BA
:20E760000F948CFF605D7F4F6093C6008091C00086FFFCCF8091C00080648093C0002B3023
:20E78000310514F43297B4F0C90164E670E00F948CFF6AE070E00F948CFF605D7F4F6093F6
:20E7A000C6008091C00086FFFCCF8091C00080648093C000C9016AE070E00F948CFFC09602
:20E7C0008093C6008091C00086FFFCCF8091C00080648093C0000895282F277020642093F5
:20E7E0007C0020917B0086958695869590E08170907033E0880F991F3A95E1F7277F282BBD
:20E8000020937B0080917A00806480937A0080917A0086FDFCCF2091780040917900942FBF
:20E8200080E030E0282B392BC90108951F93182F80E892EE60E00F942FF31093C6008091EA
:20E84000C00086FFFCCF8091C00080648093C0000F944DF31F9108952F923F924F925F928C
:20E860006F927F928F929F92AF92BF92CF92DF92EF92FF920F931F93DF93CF93CDB7DEB77D
:20E8800062970FB6F894DEBF0FBECDBF382E622ECA01DB015C016D01772460E2262E2E0170
:20E8A0000894411C511C8BC081E0A81680E0B80681E0C80680E0D80628F0C601AA27BB276B
:20E8C0000F947EF3BB27AD2D9C2D8B2D0F947EF38A2D0F947EF32092C6008091C00086FF3A
:20E8E000FCCF8091C00080648093C0009DE29093C6008091C00086FFFCCF8091C000806487
:20E900008093C0002092C6008091C00086FFFCCF8091C00080648093C0001982860175016B
:20E9200088249924A1E03A1651F03A1620F0B2E03B1661F409C00BBFF701779007C0C701A3
:20E940000F94D5FF782E02C0F7017080872D0F947EF32092C6008091C00086FFFCCF80917E
:20E96000C00080648093C000872D8052F401EF70F0708F3520F4E40DF51D708204C0E40D64
:20E98000F51D8EE280830894E11CF11C011D111D0894811C911C90E18916910409F0C2CFEB
:20E9A00080E190E0A0E0B0E0A80EB91ECA1EDB1E198AC2010F946BF30F944DF36A9466203A
:20E9C00009F072CF62960FB6F894DEBF0FBECDBFCF91DF911F910F91FF90EF90DF90CF90C2
:20E9E000BF90AF909F908F907F906F905F904F903F902F9008952F923F924F925F926F92CF
:20EA00007F928F929F92AF92BF92CF92DF92EF92FF920F931F93DF93CF93CDB7DEB7CD53BC
:20EA2000D1400FB6F894DEBF0FBECDBF279A2F9A8091C00082608093C00080E18093C40036
:20EA400088E18093C1000000EE24FF248701B4E0AB2EB12CCC24DD2424C0C5010197F1F757
:20EA60000894E11CF11C011D111D21E2E2162EE4F20620E0020720E0120718F0A1E0CA2EFC
:20EA8000D12CC801B70128E53BE140E050E00F949FFF611571058105910519F485B180581B
:20EAA00085B98091C00087FD03C0C114D104A9F2A6014F5F5F4FC25EDE4F59834883CE51A5
:20EAC000D140C25EDE4F68817981CE51D1406130710511F00D946EFFC05DDE4F1982188230
:20EAE000C053D14060E0C15DDE4F1882CF52D140AA24BB24C05EDE4F188219821A821B8235
:20EB0000C052D140CE5CDE4F188219821A821B82C253D14080E090E0A0E0B0E0ABBFFC01A0
:20EB2000A791B691C45CDE4FB983A883CC53D1400D9469FFC25EDE4FE881F981CE51D14009
:20EB4000319709F52091C600C25EDE4F19821882CE51D14022C02F5F3F4F4F4F5F4F21302B
:20EB6000F2E13F07FAE74F07F0E05F0780F0C45CDE4F08811981CC53D1400F5F1F4F19F01A
:20EB8000EE27FF27099420E030E040E050E08091C00087FFE0CF2091C600213209F094C61A
:20EBA0000894A11CB11C33E0A316B10409F08EC600E010E018C041E24093C6008091C0002C
:20EBC00086FFFCCF8091C00080648093C0002F5F3F4F2931310579F70F944DF30F5F1F4F82
:20EBE0000530110519F020E030E0E5CF109208021092090210920A0210920B02109204029F
:20EC0000109205021092060210920702109200021092010210920202109203028FEE90EE65
:20EC200060E00F9466F380E191EE60E00F942FF38091C00087FFFCCF9091C600903608F0EC
:20EC40009F759032B8F09093C6008091C00086FFFCCF8091C00080648093C00080E280932F
:20EC6000C6008091C00086FFFCCF8091C00080648093C000983409F4DBC19934B8F4923481
:20EC800009F45DC1933458F4903319F1903308F418C69F33A1F1903409F013C6BDC095349C
:20ECA00009F474C1963409F00CC69CC1923509F42FC2933538F49C3409F4F9C1913509F041
:20ECC00000C61CC2963509F449C2993509F0F9C59CC485E892EE62E00F9466F31092040205
:20ECE000109205021092060210920702109208021092090210920A0210920B0217C189E916
:20ED000092EE62E00F9466F38FEE90EE60E00F9466F381E291EE60E00F942FF381EC91EE2B
:20ED200060E00F9466F381E391EE60E00F942FF384EE90EE60E00F9466F381E491EE60E05F
:20ED40000F942FF386E090E061E070E00F94A5F30F944DF381E691EE60E00F942FF383ED0E
:20ED600091EE60E00F9466F381E591EE60E00F942FF38DEC91EE60E00F9466F381E791EED3
:20ED800060E00F942FF38EE10F947EF388E90F947EF381E00F947EF30F944DF381E891EE26
:20EDA00060E00F942FF319E0E0E0F0E010935700E4918E2F0F947EF30F944DF381E991EEB9
:20EDC00060E00F942FF3E3E0F0E010935700E4918E2F0F947EF30F944DF381EA91EE60E04E
:20EDE0000F942FF3E2E0F0E010935700E4918E2F0F947EF30F944DF381EB91EE60E00F94CB
:20EE00002FF3E1E0F0E0109357001491812F0F947EF30F944DF307CF85EA92EE62E00F944F
:20EE200066F385E592EE60E00F9466F30F944DF300E010E019C0C8016F2D0F94DDFFFF20C4
:20EE400031F483E592EE60E00F942FF30BC0F092C6008091C00086FFFCCF8091C0008064B7
:20EE60008093C0000F5F1F4FC80181519F41AA2797FDA095BA2FABBFFC01F7905AE2F516B0
:20EE800021F062E000301607B1F60F944DF30F944DF381E692EE60E00F9466F30F944DF35F
:20EEA000CC24DD2400E010E01EC0C8010F94D5FFF82E882331F483E592EE60E00F942FF390
:20EEC0000BC08093C6008091C00086FFFCCF8091C00080648093C000FE1419F00894C11C51
:20EEE000D11C0F5F1F4FC80181519F41AA2797FDA095BA2FABBFFC01E7907AE2E71621F003
:20EF000082E00030180789F60F944DF30F944DF38CE692EE60E00F942FF3C60161E070E0AC
:20EF20000F94A5F30F944DF30F944DF31092000210920102109202021092030274CE83EB8A
:20EF400092EE62E00F9466F3279A2F9A16C02F9880E090E0E0EDF7E03197F1F70196843657
:20EF60009105C1F72F9A80E090E0E0EDF7E03197F1F7019684369105C1F78091C00087FF60
:20EF8000E6CF8091C00087FFFCCF95C48FEB92EE62E00F9466F34091000250910102609161
:20EFA00002027091030281E020E10F942CF48091000290910102A0910202B09103028050A0
:20EFC0009F4FAF4FBF4F8093000290930102A0930202B093030280509041A040B04008F410
:20EFE00022CEA4CF8DEC92EE62E00F9466F34091040250910502609106027091070280E055
:20F0000020E10F942CF48091040290910502A0910602B091070280509F4FAF4FBF4F80938D
:20F02000040290930502A0930602B0930702FBCD8AED92EE62E00F9466F385E892EE60E0EF
:20F040000F9466F389E992EE60E00F9466F385EA92EE60E00F9466F383EB92EE60E00F948A
:20F0600066F38FEB92EE60E00F9466F38DEC92EE60E00F9466F38AED92EE60E00F9466F399
:20F0800081EE92EE60E00F9466F382EF92EE60E00F9466F38CE093EE60E00F9466F387E187
:20F0A00093EE60E00F9466F380E393EEB9CD81EE92EE62E00F9466F381E40F9416F482E484
:20F0C0000F9416F483E40F9416F484E40F9416F485E40F9416F486E40F9416F487E40F941F
:20F0E00016F488E40F9416F48AE40F9416F48BE40F9416F48CE40F9416F495CD82EF92EE46
:20F1000062E00F9466F399249394AA24BB2445C48CE093EE62E00F9466F340910802509130
:20F12000090260910A0270910B0282E020E10F942CF48091080290910902A0910A02B091CE
:20F140000B0280509F4FAF4FBF4F8093080290930902A0930A02B0930B0265CD87E193EEE3
:20F1600062E00F9466F384EE90EE60E00F9466F389ED91EE60E00F9466F309E715EECC5DD8
:20F18000DE4F19830883C452D140662477244301CA5DDE4F19821882C652D140A4019301A0
:20F1A0005695479537952795C85DDE4F288339834A835B83C852D140CA5DDE4F488159817A
:20F1C000C652D1404F5F5F4FCA5DDE4F59834883C652D140CA0162E070E00F94A5F350E2BC
:20F1E0005093C6008091C00086FFFCCF8091C00080648093C0006DE26093C6008091C000E4
:20F2000086FFFCCF8091C00080648093C00070E27093C6008091C00086FFFCCF8091C00009
:20F2200080648093C000C85DDE4FE880F9800A811B81C852D140BB27A12F902F8F2D0F94C2
:20F240007EF3C85DDE4F8881C852D1400F947EF370E2F72EF092C6008091C00086FFFCCFC3
:20F260008091C00080648093C0000DE30093C6008091C00086FFFCCF8091C00080648093D4
:20F28000C00010E21093C6008091C00086FFFCCF8091C00080648093C0008BBEF3012791B5
:20F2A000C45DDE4F2883CC52D140A22EBB24CC24DD240894611C711C811C911C8BBEF30159
:20F2C0008791282E332444245524142D032DF22CEE24EA0CFB1C0C1D1D1D0894611C711CD1
:20F2E000811C911C8BBEF3013791C35DDE4F3883CD52D1400894611C711C811C911C8BBE4E
:20F30000F3014791C25DDE4F4883CE52D1402DEF3FEF4FEF5FEF620E731E841E951E0F940A
:20F320007EF330E23093C6008091C00086FFFCCF8091C00080648093C000C45DDE4F8881C1
:20F34000CC52D1400F947EF340E24093C6008091C00086FFFCCF8091C00080648093C00006
:20F36000C25DDE4F8881CE52D1400F947EF350E25093C6008091C00086FFFCCF8091C00026
:20F3800080648093C000C35DDE4F8881CD52D1400F947EF360E26093C6008091C00086FFCB
:20F3A000FCCF8091C00080648093C0007FEFE7167FEFF70670E0070770E0170731F48EE0C5
:20F3C00092EE60E00F942FF3DFC0D801C7018070907CA070B0708050904CA040B040D1F5FA
:20F3E0002FEF3FE340E050E0E222F32204231523C85DDE4FA880B980CA80DB80C852D14082
:20F40000AE0CBF1CC01ED11EAA0CBB1CCC1CDD1C88E192EE60E00F942FF3BB27A12F902FBD
:20F420008F2D0F947EF38E2D0F947EF330E23093C6008091C00086FFFCCF8091C0008064BC
:20F440008093C0004EE34093C6008091C00086FFFCCF87C06EE07EEF80E090E0E622F722FB
:20F46000082319237CE0E71674E9F70670E0070770E0170709F088C0C25DDE4F8881CE52F0
:20F48000D140E82EFF2400E010E0102F0F2DFE2CEE24C35DDE4F9881CD52D140E90EF11C01
:20F4A000011D111DD601C50181709070A070B070DC0199278827E80EF91E0A1F1B1F20EF77
:20F4C00030E040E050E0A222B322C422D522F1E1AA0CBB1CCC1CDD1CFA95D1F7EA0CFB1CB2
:20F4E0000C1D1D1D41E050E060E070E02422352246225722E5E1220C331C441C551CEA95B7
:20F50000D1F7E20CF31C041D151D57016801AA0CBB1CCC1CDD1C8FE192EE60E00F942FF3AF
:20F52000C801AA27BB270F947EF3BB27A12F902F8F2D0F947EF38E2D0F947EF350E2509316
:20F54000C6008091C00086FFFCCF8091C00080648093C0006EE36093C6008091C00086FFDC
:20F56000FCCF8091C00080648093C000C601AA27BB270F947EF3BB27AD2D9C2D8B2D0F94CA
:20F580007EF38A2D0F947EF370E27093C6008091C00086FFFCCF8091C00080648093C0006B
:20F5A000CC5DDE4FE881F981C452D140CF01AA2797FDA095BA2FABBFFC018791969160E0B2
:20F5C0000F942FF30F944DF3CC5DDE4F08811981C452D1400E5F1F4FCC5DDE4F198308838B
:20F5E000C452D140CA5DDE4F28813981C652D1402933310509F417CB44E050E060E070E0AF
:20F60000640E751E861E971EC9CD80E393EE62E00F9466F384E292EE60E00F942FF38091D8
:20F62000C00087FFFCCF1091C6001F751093C6008091C00086FFFCCF8091C000806480936C
:20F64000C0000F944DF3812F81548A3108F036C1163409F495C0173490F4133409F44EC01B
:20F66000143430F41134F1F0123409F01DC130C0143409F459C0153409F016C16BC01A34FB
:20F6800009F4C4C01B3438F4173409F48FC0183409F00AC1A1C01B3409F4D2C01C3409F03F
:20F6A00003C1E8C08FEF81B90DC082B1809582B980E090E0E0EDF7E03197F1F70196883C57
:20F6C0009105C1F78091C00087FFEFCF12B8EFC08FEF84B90DC085B1809585B980E090E06D
:20F6E000E0EDF7E03197F1F70196883C9105C1F78091C00087FFEFCF15B8D9C08FEF87B9D4
:20F700000DC088B1809588B980E090E0E0EDF7E03197F1F70196883C9105C1F78091C000EF
:20F7200087FFEFCF18B8C3C08FEF8AB90DC08BB180958BB980E090E0E0EDF7E03197F1F7EB
:20F740000196883C9105C1F78091C00087FFEFCF1BB8ADC08FEF8DB90DC08EB180958EB97F
:20F7600080E090E0E0EDF7E03197F1F70196883C9105C1F78091C00087FFEFCF1EB897C07A
:20F780008FEF80BB0DC081B3809581BB80E090E0E0EDF7E03197F1F70196883C9105C1F791
:20F7A0008091C00087FFEFCF11BA81C08FEF83BB0DC084B3809584BB80E090E0E0EDF7E0A0
:20F7C0003197F1F70196883C9105C1F78091C00087FFEFCF14BA6BC08FEF809301010FC060
:20F7E0008091020180958093020180E090E0E0EDF7E03197F1F70196883C9105C1F78091EC
:20F80000C00087FFEDCF1092020151C08FEF809304010FC08091050180958093050180E026
:20F8200090E0E0EDF7E03197F1F70196883C9105C1F78091C00087FFEDCF1092050137C0A9
:20F840008FEF809307010FC08091080180958093080180E090E0E0EDF7E03197F1F701963A
:20F86000883C9105C1F78091C00087FFEDCF109208011DC08FEF80930A010FC080910B0153
:20F88000809580930B0180E090E0E0EDF7E03197F1F70196883C9105C1F78091C00087FF10
:20F8A000EDCF10920B0103C08FE292EEB9C98091C00087FFFCCF8091C600B5C982E492EE4B
:20F8C000AFC98CE191EEACC9AA24BB24933061F1943028F4913089F0923008F508C0953027
:20F8E000B1F1953040F1963009F053C04EC02B3109F020C991E06BE11DC9213041F0C15D0F
:20F90000DE4F5881CF52D140251709F002C36227C15DDE4F2883CF52D14092E00BC9B22FDD
:20F92000A0E0622793E006C9822F90E0A82BB92B622794E0FFC82E3009F0EBC2622795E0DE
:20F94000C05DDE4F19821882C053D140F3C8E1E0F0E0EC0FFD1FC05DDE4FE880F980C05363
:20F96000D140EE0DFF1D208387010F5F1F4FC05DDE4F19830883C053D14062270A171B07F7
:20F9800009F0D8C8D80196E0D5C8261709F0C1C203C0973009F0CEC899248981833109F498
:20F9A000FCC08431C8F4863009F4C2C0873050F4823009F4F0C0833009F458C0813009F019
:20F9C0000AC23EC0813109F462C0823108F0A6C0803109F000C2DFC0883109F472C08931CE
:20F9E00050F4853109F4D9C0853108F477C1863109F0F1C173C18A3109F457C08A3108F471
:20FA00007CC08B3109F446C08D3109F0E4C18D81803311F090E00AC08F81882311F49EE154
:20FA200005C0813011F091E001C098E91A821B828D818C831D829E831F8227E030E0CFC13E
:20FA40001A8288E08B8381E48C8386E58D8382E58E8389E48F8383E5888780E589878FE54E
:20FA60008A8782E38B872BE030E0B9C18A81813941F0823941F0803911F48FE005C080E035
:20FA800003C082E001C08AE01A828B8344C09924939481C08D81882311F48EE12CC0813079
:20FAA00011F081E028C088E926C01A82E1E0F0E089E08093570084918B831C8224E030E0D0
:20FAC0008EC18B81803589F48C81883039F4E2E0F0E089E08093570084910DC0E0E0F0E0D0
:20FAE00089E080935700849106C0E3E0F0E089E08093570084911A82DFCF8D81836C99E01D
:20FB0000E1E0F0E0082E90935700E89507B600FCFDCF1A821B8223E030E061C11A82CE5C6E
:20FB2000DE4F188219821A821B82C253D14055C18A8190E0A0E0B0E0582F442733272227CE
:20FB40008B8190E0A0E0B0E0DC0199278827282B392B4A2B5B2B8D8190E0A0E0B0E0282B3A
:20FB6000392B4A2B5B2B8C8190E0A0E0B0E0BA2FA92F982F8827282B392B4A2B5B2B220F7F
:20FB8000331F441F551FC05EDE4F288339834A835B83C052D1401A8220C19A812B818331C4
:20FBA00049F0C05EDE4F488159816A817B81C052D1408AC0CE5CDE4F488159816A817B81E9
:20FBC000C253D140403080EC580783E0680780E07807F0F483E0FA0160935B008093570019
:20FBE000E89507B600FCFDCFCE5CDE4F488159816A817B81C253D14040505F4F6F4F7F4F32
:20FC0000CE5CDE4F488359836A837B83C253D140C95CDE4F9883C753D140CA5CDE4F188250
:20FC2000C653D140022F10E0CA5CDE4F68817981C653D140062B172BC05EDE4F48815981B8
:20FC40006A817B81C052D140DE011B9631E08C9111962C9111971296C75CDE4F2883C95311
:20FC6000D140C85CDE4F1882C853D14090E0C85CDE4FE881F981C853D1408E2B9F2B0C01FC
:20FC8000FA0160935B0030935700E89511244E5F5F4F6F4F7F4F02501040C9F685E0C05E84
:20FCA000DE4FE880F9800A811B81C052D140F70100935B0080935700E89507B600FCFDCF9A
:20FCC00081E180935700E8951A82C05EDE4F488359836A837B83C052D1407FC0FA80C55C65
:20FCE000DE4FF882CB53D140C65CDE4F1882CA53D1408B81C82EDD24C65CDE4F08811981A2
:20FD0000CA53D140C02AD12A1A828981BE016D5F7F4F843121F59601C05EDE4FE880F98043
:20FD20000A811B81C052D1400BBFF70187919691DB018C9311969C936E5F7F4FD801C7016B
:20FD40000296A11DB11DC05EDE4F88839983AA83BB83C052D14022503040F1F636C0C05EA2
:20FD6000DE4F288139814A815B81C052D1400894C108D108760100E010E00894C11CD11C3E
:20FD80000894E11CF11C011D111DE20EF31E041F151F21BDBB27A52F942F832F82BD2F5F43
:20FDA0003F4F4F4F5F4FF89A80B5DB018D93BD012E153F054007510761F7C05EDE4F288374
:20FDC00039834A835B83C052D14096012D5F3F4FFB01108204C080EC8A8322E030E08BE19F
:20FDE0008093C6008091C00086FFFCCF8091C00080648093C000C15DDE4FF881CF52D1408B
:20FE0000F093C6008091C00086FFFCCF8091C00080648093C000432F3093C6008091C00024
:20FE200086FFFCCF8091C00080648093C000922F2093C6008091C00086FFFCCF8091C000BE
:20FE400080648093C0008EE08093C6008091C00086FFFCCF8091C00080648093C00065E1B5
:20FE6000C15DDE4FE880CF52D1406E2569276427FE01319610C090819093C6008091C0008E
:20FE800086FFFCCF31968091C00080648093C0006927215030402115310569F76093C600CD
:20FEA0008091C00086FFFCCF8091C00080648093C00085B1805885B9992081F4C15DDE4FD4
:20FEC0000881CF52D1400F5FC15DDE4F0883CF52D14090E0A0E0B0E00D949AF527982F98BB
:20FEE00080E090E020ED37E0F9013197F1F7019684369105C9F700008091C0008D7F8093CD
:20FF0000C00081E180935700E895EE27FF270994FFCF90E00D949AF597FB092E07260AD0C2
:20FF200077FD04D02ED006D000201AF4709561957F4F0895F6F7909581959F4F0895A1E2DB
:20FF40001A2EAA1BBB1BFD010DC0AA1FBB1FEE1FFF1FA217B307E407F50720F0A21BB30B40
:20FF6000E40BF50B661F771F881F991F1A9469F760957095809590959B01AC01BD01CF01FF
:20FF80000895AA1BBB1B51E107C0AA1FBB1FA617B70710F0A61BB70B881F991F5A95A9F7A1
:20FFA00080959095BC01CD010895F999FECF92BD81BDF89A992780B50895262FF999FECF1B
:20FFC0001FBA92BD81BD20BD0FB6F894FA9AF99A0FBE01960895F894FFCFFFFFFFFFFFFF11
:20FFE000FFFFFFFFFFFFFFFFFFFFFFFFFFFFFFFFFFFFFFFFFFFFFFFFFFFFFFFFFFFFFFFF21
:00000001FF
